n=100, semilla=0
24 9 12 8 49 14 2 92 95 55 17 64 53 42 81 3 48 88 79 67 20 7 25 11 60 31 23 30 84 38 94 82 44 100 87 29 35 89 45 15 85 71 5 21 16 22 32 77 58 68 74 51 70 26 99 47 97 1 73 36 59 93 4 96 57 91 27 41 56 90 76 72 61 43 10 83 40 19 78 69 33 80 13 86 37 18 65 28 75 46 62 39 52 63 66 34 6 54 98 50

n=500, semilla=0
420 460 131 432 371 27 202 57 367 109 232 327 119 154 494 312 334 25 368 18 151 296 248 45 275 286 482 421 165 101 200 197 406 63 453 437 416 59 394 65 493 99 189 434 308 128 405 211 278 257 117 28 344 85 135 178 110 418 68 318 491 130 69 271 2 391 439 29 452 140 356 161 169 414 265 355 340 292 138 175 307 106 333 16 226 360 470 280 392 188 430 252 290 378 497 263 193 104 143 23 384 445 168 185 293 15 137 204 332 166 238 322 132 370 289 376 158 147 451 236 126 207 498 438 266 44 206 70 39 298 3 450 220 54 500 381 481 118 260 478 94 177 203 53 212 11 5 222 40 352 89 284 255 66 357 116 71 6 353 102 122 209 346 477 78 463 487 31 186 26 492 264 276 181 55 195 81 187 174 214 4 239 22 363 354 475 496 13 120 237 84 127 10 411 194 474 256 459 136 435 225 233 372 380 221 358 303 282 458 388 305 217 325 285 338 234 146 247 454 319 115 408 58 254 480 86 179 50 153 429 288 347 213 107 192 342 80 403 34 464 331 476 229 243 152 92 173 74 157 91 385 447 196 316 35 144 326 341 41 235 270 79 324 199 349 160 407 210 483 7 90 446 61 472 272 176 83 82 30 396 87 241 485 484 103 315 300 495 240 258 304 93 224 180 404 37 417 375 377 366 218 441 310 330 108 246 320 383 100 12 19 336 190 390 365 62 386 311 382 400 14 461 395 274 294 24 335 75 455 442 219 398 88 191 113 345 139 9 426 419 172 323 393 250 60 379 422 43 183 329 339 427 231 141 297 215 302 373 111 121 268 142 269 401 201 350 397 359 409 20 77 67 348 46 36 244 443 337 428 17 96 97 95 149 124 295 163 499 306 473 228 148 301 399 467 449 277 488 440 64 469 150 448 155 56 251 261 164 42 47 230 279 468 73 412 123 114 291 98 33 361 167 490 125 171 424 253 314 1 321 343 489 423 364 205 431 369 48 8 281 413 32 134 267 444 227 486 283 105 328 313 162 223 182 52 287 242 170 351 436 38 374 51 159 76 462 309 415 362 273 466 129 410 317 49 387 479 145 72 259 112 465 457 299 184 245 156 425 402 471 208 249 262 133 21 216 456 389 198 433

n=1000, semilla=0
440 622 161 550 238 390 659 508 125 291 976 393 232 970 355 658 915 720 303 110 509 755 577 7 833 244 360 711 35 55 400 560 522 875 876 592 138 794 350 783 952 990 129 231 637 895 607 911 589 909 980 787 270 500 544 518 371 62 153 729 785 585 466 435 148 220 553 730 262 854 237 49 836 704 99 273 504 471 710 261 36 765 515 82 675 840 392 487 954 251 531 797 503 764 969 872 739 662 321 416 126 276 296 69 202 754 945 600 478 568 145 26 988 763 567 302 46 540 563 340 596 782 169 539 322 931 986 331 514 624 70 816 946 770 731 744 886 480 176 485 805 140 357 30 996 56 669 399 856 629 423 274 124 353 271 851 330 654 88 117 958 45 373 639 919 635 115 472 391 978 284 1000 799 218 862 934 369 304 53 661 438 403 827 451 740 647 699 474 95 672 114 264 22 91 746 512 109 707 305 784 610 141 975 215 212 365 733 878 645 843 444 338 12 439 513 917 243 849 520 61 751 364 747 58 206 555 788 564 281 79 883 949 27 576 332 354 386 473 599 807 956 468 300 727 706 93 705 443 394 608 578 182 89 418 379 233 593 375 749 756 874 606 948 335 105 743 107 768 279 188 559 6 864 179 177 285 668 903 591 984 759 130 167 255 537 613 846 687 686 523 944 51 681 979 991 452 497 290 417 75 59 157 801 780 716 678 838 526 111 293 397 495 732 396 824 496 631 556 702 234 974 441 997 201 620 97 422 545 928 519 384 152 726 812 767 173 929 315 240 481 31 57 817 684 100 178 923 630 839 579 614 549 317 652 908 670 372 847 660 25 511 198 239 314 533 810 181 965 358 345 942 671 465 252 573 411 907 492 992 172 374 147 793 525 329 632 32 421 528 779 156 135 253 467 530 131 292 260 983 791 790 666 570 11 820 581 312 199 406 247 214 569 275 149 106 387 648 475 725 308 529 616 571 633 902 713 294 18 258 272 642 259 191 236 336 77 735 694 676 230 433 389 8 587 449 67 116 943 21 951 265 761 410 870 241 414 476 527 964 601 938 432 80 402 766 132 955 900 269 19 165 419 742 461 383 362 815 5 113 477 313 597 757 448 855 326 973 256 427 741 455 692 348 254 753 450 217 349 327 208 977 800 920 306 54 78 424 280 186 796 235 547 108 809 222 758 844 644 408 712 927 207 463 29 722 580 703 691 442 552 268 880 378 655 434 223 501 460 586 532 404 643 9 879 762 769 203 87 68 90 603 171 160 714 615 39 891 510 831 781 798 352 595 486 493 962 899 734 307 337 413 638 73 536 184 316 50 688 490 640 301 133 837 405 370 297 860 168 277 43 37 347 947 377 346 959 821 155 142 10 896 828 385 213 183 551 382 446 470 664 695 679 376 323 572 868 211 995 44 20 286 159 118 356 993 137 263 789 464 841 786 84 407 866 103 187 287 310 204 623 122 982 101 925 542 3 936 219 4 950 428 680 16 933 86 957 937 193 426 52 760 320 918 507 859 1 619 719 829 541 458 162 994 66 457 170 48 429 683 412 33 998 913 388 906 653 229 709 164 343 197 609 926 858 667 425 888 963 136 773 649 605 752 690 884 625 361 494 246 139 288 775 806 826 81 469 13 708 575 158 738 674 398 834 665 319 901 583 420 698 483 14 180 682 453 612 121 971 543 351 166 163 693 60 922 689 808 174 584 482 822 368 771 205 792 857 772 881 41 479 516 778 185 447 359 898 663 74 227 72 867 811 636 436 558 24 981 63 745 216 491 127 736 190 200 23 795 38 967 380 882 853 123 877 621 873 651 894 28 960 697 966 548 650 588 47 225 715 150 802 953 939 437 916 175 814 381 226 852 120 278 750 17 249 195 344 646 885 499 119 869 333 85 366 813 718 657 677 505 462 282 594 430 604 863 221 242 832 535 283 538 968 401 700 890 987 717 904 40 154 134 776 696 92 71 488 940 673 628 34 192 842 194 189 298 248 590 325 999 818 611 905 456 295 602 893 618 972 209 554 835 341 561 128 724 299 565 309 112 502 521 897 328 83 94 459 557 910 146 823 245 228 582 196 65 892 721 334 961 250 342 889 848 506 627 2 641 685 804 845 728 409 861 737 96 15 562 825 64 267 534 887 454 985 566 210 935 656 626 324 445 363 104 574 484 339 701 871 921 76 748 102 318 151 924 617 830 723 546 932 257 819 634 98 774 144 289 143 517 224 930 914 598 367 489 311 850 803 941 415 498 524 989 266 42 431 912 777 395 865

n=5000, semilla=0
2796 4152 598 2933 3290 1329 4772 1986 3551 1501 3311 4837 946 4732 1427 176 4474 1196 838 4583 2370 531 4524 4208 4696 2417 1136 2971 4913 784 3430 3564 844 1849 1995 491 1074 851 4437 1140 2594 4874 3072 914 4610 3554 4685 1315 700 651 2180 2203 3555 3259 3300 3637 906 579 3432 1796 1753 3691 2965 630 2773 150 4960 4053 3316 3285 2484 1314 3481 753 2749 2367 2682 4198 1895 2918 599 3327 2026 4666 1533 1337 1542 1396 1555 1110 2817 357 1586 1474 4443 1797 2028 3386 1107 3919 3607 3083 4727 778 2310 4279 348 2648 2846 1915 4100 1243 3521 500 226 2545 2733 453 979 3283 3602 95 3716 3323 3835 2936 584 3580 2647 2007 4966 2567 3931 3681 3032 1418 137 3336 4461 49 3191 1331 2681 1190 4175 2581 4340 4171 2303 2823 1951 701 1363 2529 641 248 3129 3387 2694 4178 2535 390 4087 3276 1447 1377 3799 4491 1905 950 450 4356 1824 1025 3809 4391 4582 3477 4264 4775 30 3974 3204 4402 3718 354 1211 2164 3414 3522 147 4303 681 4380 2234 2974 2280 1230 609 2959 4359 525 597 3664 2202 4642 301 33 2538 3299 3984 462 4350 2672 218 2108 2062 398 244 3861 2472 1612 4048 3767 361 2728 3630 3273 3744 3155 2425 1219 1885 2250 3265 4462 4863 4143 3677 249 2214 55 2810 1348 466 1974 3096 2536 2904 982 1600 1091 4330 4277 1513 3898 614 4941 2284 4378 4777 4845 164 444 1245 3518 2958 362 2306 1538 4418 2236 1172 3772 1366 1613 2626 3909 3970 4110 3595 2666 481 1030 2347 2362 3959 3437 683 3359 4486 3438 392 2537 3007 3586 4926 2324 2758 4769 1909 1957 4891 403 4795 4651 1873 156 3361 3890 882 798 3888 3440 4550 1404 2945 4807 1709 1536 2497 1139 2360 4286 1638 1917 2881 2023 1881 4826 4118 3431 2146 4786 534 4868 3544 4253 1891 541 2917 1782 3928 449 1883 2947 1009 2211 812 4670 3579 2064 3334 2996 2570 1256 752 1072 2377 1838 1605 3961 86 2144 2609 803 2052 3372 1548 4921 2217 4006 897 4623 2837 4328 1663 2962 2067 4857 3666 3131 2304 203 1307 3088 2875 2687 685 1033 2806 3582 2621 3475 3841 160 4025 4776 3902 4654 130 3934 625 4609 1112 193 704 2455 4210 2486 2566 4397 703 4434 2103 1277 1161 2533 303 2675 2458 4646 2539 3731 421 3699 1719 3561 3175 1442 2167 698 3390 1923 2206 4234 81 4411 1741 2951 4733 4337 793 14 460 213 2711 2693 4233 2898 3815 3567 251 2826 311 4864 2820 1554 3757 1481 3575 3037 1843 1833 4622 2838 3881 822 3918 1055 146 2230 3220 420 4021 4307 1393 355 4521 1620 2037 381 801 173 4306 3188 915 1650 3244 2083 2641 2256 416 4626 3615 3445 940 1184 287 4092 3137 1498 4662 948 2989 3196 816 2448 4723 253 1934 2163 1169 2555 127 3079 3694 1852 446 3972 729 3594 616 4047 2797 1876 1146 612 1001 1594 3723 735 4156 3763 837 539 893 4632 4611 1113 1694 1597 4276 2633 1784 3889 2880 3198 883 734 842 1526 3632 4956 1208 3500 1569 3900 2827 1758 895 189 4872 3499 2892 3116 3529 4962 786 2520 4243 2550 4096 3824 3600 1096 489 3225 1271 3790 761 306 4596 4514 3236 603 934 3258 4858 341 4405 2683 4334 707 2668 1825 3308 3115 760 4867 728 302 2495 4117 1857 1006 2243 2491 4242 3856 2265 4219 4753 4355 4417 1515 41 402 215 429 3094 2969 1661 369 3982 1150 1094 2434 2696 1232 989 57 4944 4568 4747 4693 3497 3803 2876 4265 4763 2488 2819 4787 339 4220 2040 3376 3612 1111 4621 2043 2658 2618 2321 3151 4617 4313 4691 4283 4512 1585 4360 4339 562 4057 201 785 3187 3658 2807 2845 2544 2902 1633 3482 3492 4835 3506 2518 2744 2623 4415 2896 3965 4127 138 3494 3589 231 1253 2110 445 4068 3335 3163 4163 232 3219 1583 1932 4112 3707 2351 3312 4565 1268 3342 2794 2174 4206 3036 2735 2670 1865 1436 2719 1138 1693 3603 1212 2186 4505 642 4665 1047 1625 2589 4577 1788 3726 2781 223 103 843 1490 3005 4788 97 974 1963 4825 2527 4508 3098 1727 1165 724 145 2858 497 3920 3089 92 3668 4250 3263 2325 4063 4555 1973 4439 4452 1996 2842 3727 1919 3512 2571 3837 885 2700 1878 3524 3609 1643 3867 4101 388 4041 120 3027 1884 2463 3721 1894 4501 4472 4050 4034 3631 1121 4332 4484 4954 4974 2685 1445 1369 4357 1441 722 2578 2673 1164 1357 352 4105 3355 3591 3034 477 1813 74 2364 1431 2355 2611 4311 1997 4673 4592 878 1095 1720 2162 3055 4396 4177 1351 2841 1012 4136 835 415 3991 1401 2426 8 2008 3929 4823 595 1002 1700 2371 113 1224 3686 3280 4090 4384 4455 380 1494 1157 2189 4659 3197 2066 1076 1189 4856 4190 1148 1759 3995 2025 588 3016 483 502 4750 892 1777 2784 3578 4774 2511 517 4886 315 3029 1695 3750 1192 2607 2940 3038 523 370 1544 794 4331 2253 2853 4542 727 2650 1714 3068 1822 2212 4647 3979 2298 881 1186 3621 1246 4878 1890 2016 1742 621 1078 1354 2109 2195 69 3262 1250 216 3593 3801 26 773 3774 3753 1000 2307 1425 1590 721 4471 1131 570 1829 3112 484 4390 2238 1570 2149 1242 1022 505 1029 1581 3584 730 1903 1086 1054 1935 2159 23 3742 2447 4637 780 672 2443 1683 3319 208 1092 4975 2561 3472 1462 3288 1480 4834 385 292 740 4256 264 4079 4564 2632 1188 1692 4012 3064 4361 3805 1486 3030 3226 4919 3792 2114 2521 1685 2166 3958 2282 1734 3004 933 309 4215 4195 931 4718 4922 718 4533 1942 1983 4164 1668 738 755 1426 3035 1321 391 440 3698 1158 2155 2227 847 2985 1641 3109 1482 2780 2660 1926 745 2992 35 2831 3419 4326 4851 2942 1708 1090 3640 1801 480 829 4268 4894 325 1607 4392 4631 1177 1495 2772 152 4760 4200 2606 2970 757 3313 4218 4530 2439 3090 854 2001 2884 4086 2624 1802 1203 554 1336 4968 808 2135 2392 1217 731 795 3976 3213 3515 3783 4173 1108 4139 3324 515 4176 1014 3364 2150 4590 1319 3980 3341 84 3548 535 3701 4203 4292 1639 4451 4840 2311 3200 2406 4309 1362 3234 2288 4199 2389 4576 1267 4108 2142 3687 3333 3103 2617 4157 1120 664 2576 2231 2580 2636 509 1133 2010 1773 2024 1989 3389 865 1316 3138 4981 3811 4616 1772 913 2507 1381 1980 2326 2496 1356 4300 2490 134 3351 1310 277 1911 1961 4123 167 2098 2510 1223 3826 3058 4674 119 3101 604 2551 2501 1706 3729 4254 2852 1645 2328 1722 1757 634 2865 2778 2045 123 3745 3322 4946 2349 2341 3502 1244 1789 4140 4366 1629 4608 1628 4866 3870 78 3683 638 3993 4852 4636 4715 1248 896 3956 3814 367 469 66 363 4093 4971 4076 4804 2245 3514 50 4988 1856 4235 2663 3617 2223 1296 2610 870 77 4202 2208 4880 1270 623 3066 1525 962 619 1417 1201 1651 1739 2346 3768 1679 2077 4671 3645 1285 3503 4121 4432 3762 4138 845 2569 4062 1603 3281 132 1333 3653 920 3673 3576 4142 2154 3093 3022 3457 3429 47 877 162 2500 1886 4890 2423 4703 4686 1435 270 1005 4240 418 2746 1898 2759 4534 3509 2767 848 3240 4374 3923 2376 2013 2419 3635 4905 374 1981 2978 209 2380 507 4106 2915 3973 763 2405 4569 663 2451 3070 382 336 4082 4889 519 4023 1288 4301 2620 3614 4490 3938 479 1733 4815 2075 18 1731 872 2859 2047 1147 3229 2198 1322 2927 471 1800 2799 428 3547 2932 3164 3988 2161 2254 2680 4304 4571 2862 4262 4398 2429 1559 2411 1368 4660 911 337 228 2966 125 592 2445 3892 3739 190 617 3585 3998 1116 4849 1521 2089 3425 4958 2181 4246 820 3253 351 2871 2437 4892 1171 1863 767 498 1754 2931 3859 3180 3662 4 2136 4766 3065 1900 2729 2011 4225 3484 2340 3821 3162 4371 2141 2459 4748 4239 198 2736 806 3081 4688 4767 2320 3444 3880 2900 269 3842 1143 3916 4952 1197 747 3075 3817 876 2534 1408 3017 2345 2143 2271 512 254 2742 262 4709 677 3373 3628 661 4700 4940 4049 4601 224 4320 3633 1821 2454 3435 4182 2815 2165 2689 4497 1247 272 828 3172 4024 965 993 1936 3286 1450 789 2366 547 3277 4538 399 2530 2808 2343 2268 2430 1274 1046 4212 1294 4002 917 3215 3413 54 4251 297 754 174 4959 3730 1614 4487 4955 4552 2029 912 4902 611 3893 2596 3069 3597 1167 3352 680 2207 265 1122 4939 2638 862 4453 2948 655 3309 4488 1071 508 3899 2297 1214 183 1713 496 1338 608 46 800 3140 3053 2192 4506 2082 2002 3994 290 2872 1451 4896 3588 2358 2188 1875 959 4444 3449 4996 573 217 140 1815 1740 3952 3238 4910 1305 1823 1571 1851 2015 3751 3119 3050 2170 4598 1978 1332 4074 2000 3839 4547 1191 2344 4029 1281 4553 4545 1809 1152 1440 3840 3823 2073 533 954 3541 1207 2197 1456 62 3346 3949 3907 1013 207 4933 1326 2713 1398 175 4816 963 4634 613 4638 4761 868 1819 905 286 324 2427 434 1518 1812 880 1173 305 4614 3136 1847 1003 1234 3953 1079 3117 2247 3536 4570 3572 2097 4695 4704 3703 776 1511 1487 1334 869 1429 1068 4403 411 3850 1662 4317 155 1485 3894 656 2092 3780 238 4861 1387 1814 2651 4752 1060 4528 1841 3565 2182 4343 4983 2716 472 4541 4299 3806 3748 3622 1017 3409 1259 182 1374 2741 2424 2766 2883 4393 3127 1837 594 1855 2252 4873 1953 967 4348 4080 3975 15 1691 435 4468 4071 441 4174 405 71 2061 4476 422 1922 3181 708 719 60 2986 3625 3962 1311 966 4736 1378 537 1313 4130 1231 884 3833 2908 1065 1182 3531 1818 2560 1927 2877 205 3740 1977 1008 448 3120 1077 436 2743 1697 3160 4098 3802 4911 1830 3636 2587 413 67 344 3574 1535 956 2014 3822 250 824 4383 2205 180 1949 3765 3365 3667 852 4150 4950 4690 909 2553 3474 72 2514 4503 3895 1109 3943 4111 2750 258 1126 3713 3550 4893 2044 3260 1707 4724 105 4008 771 670 903 2199 3781 1514 2049 4038 2335 4197 1099 1503 536 2069 296 944 1907 4672 284 3558 2615 195 4184 4228 234 770 4653 2798 4644 2225 586 3450 580 3570 4676 4818 3422 1004 717 206 387 1449 3812 2556 2353 1306 4517 4372 2420 2999 2171 3111 2605 358 1372 3517 3453 2549 3356 3695 2369 2667 261 857 2836 4221 1183 1517 3846 3741 3463 2612 9 1985 3274 1228 2649 572 1775 1416 1746 4725 4820 1476 1913 2218 4028 4353 2267 1547 4990 2717 983 1349 4293 720 1975 2414 4295 4213 373 834 2435 1728 2686 280 4698 419 2261 1262 1505 298 622 2661 2967 529 468 1794 267 2987 463 2597 3485 1862 326 2356 569 406 4095 1771 2980 1252 4438 3142 2913 4689 2003 3766 3510 3546 3173 4088 1205 3247 188 3737 1496 3876 3647 196 1616 2786 42 482 4525 2361 197 1222 3396 1502 4532 678 2302 4315 3869 1751 36 1037 4853 4282 3791 3875 2961 184 2678 2954 4168 4697 987 3829 1747 2191 3613 1123 2176 898 4985 4367 4061 546 1563 4900 2953 4754 4458 236 3843 4229 2084 790 2525 4993 1434 1916 1522 1380 1738 4448 4829 2368 2408 4478 2416 1028 3520 4222 939 3702 1735 2381 4707 1237 2444 1960 394 3224 2279 1497 646 833 1729 3171 414 1049 560 799 3325 4185 1853 4026 4942 2422 2354 744 4170 3008 4354 2172 4342 1052 4846 2894 1320 4386 3329 4675 3010 1524 991 1045 866 986 1210 3051 1510 972 1604 3388 3209 1762 4039 4771 3719 711 1861 2413 873 1982 3896 1579 676 3714 2691 659 1411 2701 2290 6 2235 3314 3704 2526 4628 737 1499 163 3452 3838 458 2080 4399 999 3912 4409 2977 1947 316 1024 3170 2126 3669 1500 2275 154 2057 4247 4296 2241 1912 2273 1648 1954 3302 4607 2296 279 475 4526 3391 2662 587 4519 3871 3941 2365 1637 3511 899 304 4687 1745 1967 2383 3847 2669 3165 4998 4187 3406 1928 3845 4413 1848 3504 3159 1528 3915 257 1353 2193 3149 4091 1361 2919 552 2078 3722 633 4381 3708 3705 2145 3712 4323 4469 867 3598 1098 1179 1924 4481 4901 2653 521 3307 4400 225 2239 3076 4531 4010 2878 2718 3347 4065 4613 4066 923 4624 349 576 1284 111 2248 1578 4365 2457 2972 3807 4549 4539 307 2196 2086 1457 3545 3218 4370 1744 410 1206 4207 762 457 3185 518 4158 4364 3608 1835 3813 2770 3426 4201 2993 4579 4566 4801 3746 1972 4887 1124 3465 3295 1390 3932 775 4762 2291 2629 3063 4154 3583 2483 3460 4781 12 2946 1670 2072 4011 2722 733 756 1308 807 2887 3964 1446 4081 2984 4180 706 4808 2574 2910 360 3569 3735 2433 1610 3819 1272 2323 3784 68 3676 1097 1477 712 758 3252 3724 1051 2464 3216 75 2988 1880 1053 796 3404 2158 1869 1236 1776 1061 1400 1950 2074 2178 3480 575 4241 4635 2107 3067 3914 2864 774 4020 3385 1221 3108 2916 2378 4888 1430 3107 3167 1948 571 4217 1235 1940 1391 1626 818 2592 93 2584 4573 4811 1218 4045 3910 1439 606 3810 1185 2088 2949 1846 2473 2756 275 3659 3019 186 860 4994 647 4033 3674 1624 3183 1690 3228 1845 4612 3245 44 2839 48 3403 353 4231 2804 2021 2156 3251 1577 871 1589 3054 4935 688 1688 2690 819 1888 3026 1227 4540 4717 3040 3231 4000 4740 997 3456 1710 2874 4560 3831 2229 4401 4362 764 4895 1233 907 3937 3626 830 1464 2148 673 240 1929 3242 3525 1100 3306 2048 4431 2593 2783 3411 2153 3059 2631 4594 2775 749 3340 1263 4319 977 3381 1572 1956 947 211 2834 3221 1534 1736 504 4746 2005 3754 4404 1039 924 2386 4179 1715 1592 230 4333 1064 4848 2117 4869 199 1178 2777 1299 1283 4489 4148 4584 3420 129 4054 4989 2753 1215 714 1328 3298 2613 3354 2734 4969 3798 2060 1699 2602 1840 1419 3671 2101 4236 1128 682 470 1198 2562 3222 4722 3849 3279 1264 2714 342 2824 4930 1134 527 4995 2616 886 823 2242 3469 3157 4806 1428 1799 2991 4877 1635 4627 4442 889 2285 397 2952 916 2835 142 1988 526 2402 308 2133 427 3797 1031 278 1711 2299 2513 407 2895 564 1359 1057 90 2030 3195 58 3796 2112 4830 245 2220 2219 4984 4022 4224 3968 1409 3060 2920 1083 1115 131 3256 1761 488 3146 3663 548 2487 1779 2843 3560 4172 2792 3684 4682 3860 3697 1987 4986 2393 2568 1293 635 3310 4146 4191 3269 3641 2776 3011 3652 3357 900 4113 1832 2432 3150 4226 4426 629 3379 2100 2409 115 2515 980 96 343 1279 4414 2528 1718 4312 63 2019 4546 321 4917 2201 2228 4161 3996 2006 2634 2175 559 17 4070 4290 4255 2723 2334 3471 3383 2739 3128 1664 4520 191 4395 4420 3552 1901 3872 4554 465 901 601 4561 4543 1301 1798 4770 4783 4708 4287 1527 4523 788 2793 1386 4435 3082 2645 3135 3345 447 2755 2499 1816 4445 4428 3921 2849 3496 805 2277 1302 4658 1998 4492 135 3955 4904 874 2338 2022 2531 2595 624 1778 3571 2436 4701 2127 4927 3486 2724 4964 1389 3275 1602 687 787 4376 4720 3954 3095 1920 4159 2547 1370 4879 1405 3478 242 3885 3634 3874 1229 3706 4186 3454 3282 2456 1992 2676 1475 1162 3394 3126 4630 1946 4949 1038 4280 1760 918 4785 3028 2263 3661 1831 3986 1681 3057 1438 1018 3380 4141 1375 2071 4661 3851 1546 1043 4416 528 1392 2244 1864 3078 1925 1834 4833 4535 2825 433 4557 4500 3257 3041 4855 3489 1309 3208 3272 3771 1553 4683 3696 2543 3911 99 1118 424 423 1032 2981 2118 3074 551 2625 1860 2774 1382 2930 1422 2388 117 1104 4680 4389 2929 861 4965 4548 1945 1565 1702 4467 4884 3368 2200 274 1701 2546 4916 4844 4978 4204 335 2925 2482 2477 478 3248 3549 3349 3901 34 3508 4193 4961 3254 3382 464 732 3924 4738 1080 383 1666 4915 4929 3210 3539 932 3939 1300 1933 377 7 2802 4997 3540 953 1994 3407 2058 1636 4498 904 2532 2318 1892 3071 4325 1593 4629 2790 4897 3886 4120 1385 4473 998 4799 3337 1827 495 4466 1965 432 1160 1642 3199 1137 4475 1470 4007 4424 2906 2688 4284 3464 2050 1455 1644 490 530 2509 1575 1159 4679 2704 3233 817 3118 4731 596 1562 1506 927 1730 4831 3945 4099 376 4881 3611 3966 2031 37 4422 3623 3682 2039 929 3930 22 2809 400 3957 1423 2292 1938 439 2828 4813 3003 2465 2867 2287 1657 3338 29 814 2289 4982 561 2727 233 2697 568 4515 1473 4305 4587 4529 4075 4131 4465 378 4999 3091 4314 3654 1959 281 282 1872 589 2494 1239 654 4739 2216 4684 742 1087 3178 1615 4599 2257 2009 3818 1101 417 2540 4147 161 1866 2076 955 1371 1660 2410 2639 356 5000 220 2315 4883 3882 1591 4151 4493 87 3378 1659 3855 4274 1795 4925 3989 2492 4119 3080 4756 2635 106 4297 2081 3619 2260 3648 3710 937 1993 2731 3483 2854 2394 1512 1854 2769 4269 1304 1969 4249 4223 473 43 148 350 1540 691 2517 2998 2821 4729 456 2104 2471 2640 2441 840 2860 2652 2855 438 2119 4798 4924 3527 2390 21 3270 631 2800 401 3530 1680 1255 3523 3339 3883 3787 1551 4822 1251 4768 3047 3782 4758 4144 2848 2184 1360 2055 2573 1403 649 1073 4667 486 2803 1373 4620 1180 4094 2554 4537 2020 4032 2152 122 935 3605 850 3747 4209 3879 4358 2975 2232 1743 4765 3779 2897 4257 3516 312 4104 1632 2363 1764 128 679 1463 2512 452 4018 550 4205 853 2982 1537 1103 1682 2795 143 1767 2259 4166 170 2599 1557 4230 1330 3289 3513 3470 3709 4745 221 3087 2125 2582 1937 3139 3507 3844 585 1415 1509 461 2063 3121 4425 2418 4324 1684 1943 1395 695 4408 1893 3266 1887 2922 4260 1774 1611 2995 1725 3145 110 4216 2923 591 200 2190 437 2565 1601 1318 4464 4511 1132 971 1944 3194 4145 4128 89 2222 1523 4001 1130 1034 283 2382 4742 1971 3410 4064 1618 922 1564 3848 1007 4619 4294 4681 4843 2698 3553 1671 4040 300 1640 2185 888 3488 1492 565 1016 4711 1364 2812 2327 4097 1716 4819 3857 1556 3223 2760 628 3678 3526 2505 3618 459 4551 194 3793 4824 2090 1325 4351 4809 610 705 3284 4796 4504 3794 24 2391 3816 3922 3158 3738 3581 4914 2316 1489 1897 1724 671 4149 1443 976 4194 1346 1154 4454 985 928 3412 3877 2779 3830 1979 98 1345 2559 4712 4588 4943 652 3193 716 4909 602 2851 2246 643 3428 3832 4318 151 1176 3759 3577 4419 4125 4103 1931 404 3999 3451 329 393 2113 2655 114 3795 3211 3743 1647 4089 212 330 3448 4107 2847 3056 2270 3239 3479 1323 3680 2677 2829 4004 3728 726 88 1437 108 506 395 1465 263 1588 781 4385 4278 3384 4572 741 4556 1859 3293 2305 1269 2754 1048 3099 4979 2475 1454 1806 222 1673 318 1466 4463 2914 3255 4536 4263 214 1596 3804 1275 2863 255 2644 1696 181 792 3433 1384 3629 513 4923 4945 94 1298 4906 487 4928 1483 4602 1549 4382 1376 1850 2336 1444 2489 1752 426 4480 4027 3330 11 1407 2121 3865 4248 3688 235 2278 3161 1952 553 2684 1367 2907 653 2140 1879 3328 978 2503 1871 3241 2656 791 294 3350 1295 3596 139 2099 2628 4967 2399 4751 159 4558 2264 3913 3100 4266 1870 2120 3977 4865 1040 2903 2869 3562 1069 4124 826 4509 3332 715 2293 331 340 3331 2400 3278 3736 739 1587 2586 2857 3049 2832 2274 3374 4423 2129 3375 2990 192 2964 3130 4991 2630 2889 4479 549 3534 3990 246 2096 1254 1656 4977 2440 583 2748 4932 1127 2604 3133 514 3808 1290 4042 3462 3447 1289 177 4903 4245 3947 454 2939 782 285 19 3651 1424 3543 3761 4721 171 555 2137 1941 1631 100 3367 4046 4987 2911 2312 520 2330 3400 1453 1906 2387 158 3370 2856 4859 2757 3733 2603 3177 1785 1584 1630 3123 831 3764 3770 45 2018 124 1258 372 4692 2498 1459 3169 3104 1791 1036 1114 1617 2600 1748 268 1805 674 772 412 3891 3320 4346 4544 3538 1842 2924 4882 970 1836 2348 320 1721 3106 4327 1125 992 2342 1021 3012 2994 79 2036 2868 3933 1452 2585 797 3778 650 3769 1484 4645 936 3114 3294 3271 2516 4728 1687 4802 4839 1902 1479 3967 2308 3202 2873 2708 3214 637 2095 3073 25 3461 4677 3243 4615 4836 2891 779 1402 1303 2272 2160 2204 1058 1149 3852 4817 3189 1756 56 4345 4656 1089 1781 3092 4014 2479 2226 4316 4227 2065 451 4181 645 4114 2699 260 696 2169 4652 4272 1142 1737 2249 288 769 2508 3903 1056 3190 2715 3353 2721 4055 2956 39 1399 4803 4847 4734 2329 4446 3230 5 697 1766 2461 3788 3207 3987 1324 1202 2563 1193 1488 1412 640 3887 4373 4502 2396 38 3360 3062 3467 1355 627 3685 4238 666 3936 3587 2791 2183 2950 2761 2401 994 3297 1350 2319 4828 856 1027 4368 1582 3836 2115 2168 3124 849 3122 2811 1187 4793 2879 2384 2787 4347 1041 141 4067 1119 85 4258 4349 1420 1654 492 2955 1619 1868 3963 2814 1075 2262 2337 4188 3166 144 1921 4898 1181 3689 2173 1273 61 1609 2017 3291 1106 1383 1658 3085 3013 3946 4440 2079 4134 1877 4482 4805 1200 1468 368 2034 149 4375 4518 2564 112 1543 3002 3023 3301 1394 1035 165 2466 2519 615 2909 1874 4056 4794 425 2449 3542 3800 4899 322 2941 690 2300 2801 3434 4388 3043 692 4784 3304 3935 4281 723 3362 3393 4470 4102 1352 327 4871 4183 4019 3441 2106 2712 3559 2548 567 2051 4790 4764 1599 1675 503 4567 2314 172 3110 1896 4669 2813 3014 4779 2177 2187 1081 3650 1677 40 1568 4214 4563 3969 2983 1347 4450 4035 4585 1467 582 1783 1839 887 3777 3656 557 1732 2720 1413 256 3363 4211 1339 4410 4273 925 51 185 4321 101 4456 2572 2012 91 4013 620 2583 3000 239 2210 2350 1460 4406 1249 665 2751 1410 1066 926 2695 2703 2973 2738 1808 3535 1406 4936 3940 3061 2976 1291 157 855 243 3866 1574 1195 3217 4827 4289 783 4072 1646 2476 4713 1062 4122 3473 4115 1286 2237 1970 4160 4992 3315 2027 3601 2707 4132 2674 2276 902 3927 52 1265 1867 2004 1469 4379 2157 107 3416 2524 443 4938 3690 2042 2577 543 2421 2493 1448 4083 3113 958 3344 542 3001 964 875 3971 4441 3143 2333 2035 3174 3749 3201 846 3134 556 314 2091 725 4605 636 1621 3592 532 4603 104 2601 4412 1504 1344 2068 2266 4335 3317 563 4133 4394 1175 4800 2575 1529 957 1341 2764 4129 2123 4510 984 3693 3408 3031 908 1156 2706 2240 2882 2935 4699 941 1471 2313 3020 3978 485 1117 2643 4789 499 204 3519 1755 2111 2194 3039 4433 2702 4597 3015 3604 2332 1787 2038 3397 1414 811 973 136 1899 2233 2139 3786 3620 2431 1649 2339 879 3563 2619 2885 2286 1050 1803 4015 2046 4842 4578 3232 3498 632 3610 1749 3392 1260 809 1976 668 4169 968 3606 3773 4957 3377 389 3590 4058 4237 76 593 2506 365 1966 2818 3950 4192 3152 2558 2469 2059 1652 1539 2833 1717 657 3021 1558 364 237 2094 2664 3734 2646 2614 702 839 2782 1580 3717 4648 3249 1820 3505 522 1151 4430 4640 32 2866 1335 431 359 346 2179 2763 1765 4737 2087 4016 3725 3528 442 3755 3371 2893 2331 4196 710 2438 1910 1421 467 2979 4918 4580 1918 273 3182 408 1674 3599 1608 4633 3192 4031 3501 3186 2861 3639 1531 1712 1059 2590 1209 3665 1213 3566 4352 2710 1379 3147 4976 3776 3556 864 1567 4797 1153 1858 2397 2215 31 952 4694 2960 53 3237 4735 545 83 3203 3863 4344 210 1768 430 4060 1170 2460 3638 494 4037 4591 4109 4005 4421 1786 4759 3873 2901 2450 1144 3834 3287 3125 988 1011 1287 1129 3046 4821 2395 2283 3305 3366 4507 1723 4678 1102 4259 2317 2374 3399 558 1340 2041 969 2785 2504 2151 4436 4589 699 1606 2322 4972 4947 836 3643 3246 4310 3264 4618 3 4574 2213 990 4860 2295 3321 1904 4077 759 3862 3476 4457 2468 938 2446 1792 64 3785 3679 16 2415 1669 3960 709 3789 2912 4948 4288 2789 3715 2032 1432 3537 3455 1519 3267 3655 1261 919 2269 890 1520 746 4513 4908 3045 1672 3616 2627 3418 70 3348 3084 474 4336 3025 3644 2033 693 2905 2442 3459 1166 3415 2453 3443 1082 600 639 4643 169 1084 379 3439 4710 4705 4920 1939 1990 4165 2588 1826 1026 4980 3086 1282 2522 4369 841 4791 1508 2679 4496 2398 3878 4657 2968 1705 229 4912 2116 2822 3906 921 3720 1532 1163 1908 202 3024 2403 59 1010 1678 27 1704 1174 578 2997 1889 82 1458 2850 2830 241 2944 995 577 2888 644 2070 2659 4069 247 3417 3532 3660 252 1280 3402 813 4953 3405 4606 689 3458 3490 1194 930 2502 4155 3442 4291 4562 766 1882 1770 4261 4870 2093 3983 328 366 618 2921 3732 4744 3044 3642 3212 313 1550 4641 996 2407 3176 1042 2428 4664 2768 3828 493 910 4017 3141 1598 2840 4499 863 2654 1088 266 166 4522 3858 4850 386 3760 3168 3820 289 3369 2890 1241 669 4030 1155 3424 3944 295 455 2737 2352 1958 1044 1342 4963 3144 3148 3343 2481 2147 4043 538 4934 2085 4153 4741 1491 2 168 1914 4812 3951 3423 4387 2373 1689 3493 626 4244 743 276 4116 4341 3132 4137 3042 3775 1220 1317 2709 4639 126 2462 333 4755 1844 4581 4838 4232 4951 544 3854 2412 3105 1278 2105 4604 4302 291 2637 2608 2788 80 4875 4447 1655 4085 4084 2642 4059 4270 3468 3326 1216 3997 859 1240 4477 2963 3097 3756 1622 858 4876 1769 4714 1698 4730 3261 4073 4743 1653 3700 4308 227 4773 4726 2937 1573 3533 4782 2138 1804 3018 686 3466 1780 4003 3675 2375 4252 4559 3227 804 65 3153 4841 1811 1623 694 540 713 4706 4625 1365 1276 2745 2474 310 3495 4078 4862 3925 1019 2816 2762 3884 3942 4595 815 891 3398 2452 2692 3303 2480 581 4285 1472 2523 396 1964 3917 942 2404 1063 4757 3235 2957 2372 1225 1343 2209 338 293 2771 768 3009 2765 2732 2224 1238 1135 73 4937 3077 1703 1461 4407 3052 3568 3758 4051 345 4778 3006 2579 4575 2128 1686 334 347 153 2281 1266 943 2844 4267 1093 2102 949 3711 2251 179 667 3250 3897 821 1493 2294 2478 1627 975 1561 802 4329 20 118 1750 28 4970 3421 3292 121 1070 684 4494 1541 3401 409 3825 2557 2671 4052 319 1 4600 3992 4322 3657 1292 2124 524 3649 1358 384 3427 4649 3296 259 4792 4655 3102 3672 1828 1962 1312 2740 1576 13 662 3395 3179 2542 1085 2943 2359 2886 3948 1968 1105 2301 4460 375 2752 648 3752 102 4593 1257 2056 3184 2926 2552 4167 4663 3358 3864 109 1433 3624 961 2054 4338 2805 1327 1297 476 1667 1388 4668 3853 2938 2132 1634 4907 827 323 3827 4126 4854 1478 3573 2870 2467 590 1810 574 2130 832 3487 4459 187 501 1726 3926 1015 1516 1595 178 299 951 3033 750 3205 981 4719 1545 1020 219 607 4377 4702 371 1793 1199 4973 510 3491 2725 1397 3048 1807 960 2221 133 1991 1560 2747 4810 3985 945 2657 675 2928 4036 3692 2255 4749 3436 4832 1763 1930 4275 2258 4298 3206 4429 658 317 1226 1067 736 566 3904 2131 271 1530 1552 1507 2379 1984 4716 2598 3154 4885 751 3646 2357 4814 4483 1665 4427 2726 4485 1023 2385 4516 2470 894 4009 4162 2622 660 748 3670 4449 1168 1955 1817 4650 1566 516 2665 1999 2730 4044 10 3268 765 116 4495 511 2134 4271 3627 3908 4527 1676 2591 3557 2899 825 4586 3868 2705 605 810 2541 1204 4931 4363 2053 777 1145 2309 1141 4135 1790 4780 2934 3905 2485 3318 3981 4189 2122 332 3446 3156

n=10000, semilla=0
9771 3632 7060 422 9879 7214 7848 9354 6687 5618 4180 5547 4964 9112 4776 2152 7051 271 4548 7813 3724 7023 2404 5847 4005 7369 309 8082 508 3073 2277 8586 7812 3177 5733 9193 2674 6927 7435 9954 4670 1676 32 4584 478 3045 5465 4539 900 4945 2381 4551 1743 4093 3091 1327 2596 1729 2190 7861 7593 9453 4688 9349 4130 8045 6667 1584 4515 2374 3646 6075 8200 370 7361 9688 7761 6259 1417 8937 4303 2632 5240 9652 4020 1662 3805 8561 5312 4453 1195 2386 7938 8860 7977 6489 8749 1149 8447 8363 2035 1447 9722 3945 4323 4154 7279 6774 7611 3593 1760 9959 2765 334 8839 4350 576 4167 7147 1112 8281 2917 4146 2088 9434 2236 3813 6315 4523 3211 5260 1774 233 8064 168 5986 9947 273 7989 6399 1125 6351 8190 8258 3861 9733 7273 8889 1565 2726 8335 6215 2359 8345 5233 6814 7347 5566 5093 6517 955 1862 516 7614 6346 483 3531 3872 1750 4033 4543 1215 3395 7318 2043 3592 6026 7636 1716 3418 4439 5719 6734 3186 5326 2217 1682 2592 9579 1061 4802 7386 7203 6684 2343 1823 6666 6232 7224 7806 7083 4224 1143 1761 548 6850 2264 574 9524 1450 9941 4325 4072 8921 1281 4587 7743 2094 6618 84 7282 165 4938 6539 984 7341 8579 7729 294 7820 1507 3107 9948 8322 348 9395 4712 9400 2082 7152 4695 6151 9825 2698 982 1494 1837 1593 8046 3581 691 1810 6583 1280 6132 318 5889 5429 2251 1013 3512 9079 740 6348 8950 7801 4652 9277 9768 3637 4525 3117 8895 4345 2640 3176 653 1475 570 4051 389 3814 1818 8248 6815 502 5098 2920 2085 2295 5413 6031 5923 5640 951 5873 8092 9036 6308 7723 7894 1422 2310 2249 442 610 9055 9809 8994 7758 8473 6839 756 9106 5946 1878 1207 8282 3331 2628 1784 5460 1658 6121 4798 7100 9745 4641 6094 3367 317 4787 3743 6028 2147 5704 8040 8496 4782 2091 6936 2224 4849 8026 1476 6102 6876 65 8018 5300 3412 5310 3925 8057 7067 9413 3468 8793 3615 618 7265 7097 497 5160 1908 6275 292 4819 152 815 8559 1011 6713 2154 4701 213 8354 4647 1009 6983 1461 926 1627 6066 8151 2667 4054 2378 9355 1652 4454 4258 7172 8336 7119 7727 7764 549 9345 8556 2375 1072 6540 872 2237 4867 1511 1484 9863 6222 5764 1766 6205 3023 8101 8930 3565 4642 5034 9056 3067 4573 9774 4281 4126 5168 6006 6710 2894 8209 2119 6898 4229 3723 4920 6229 8466 2388 3183 5549 3775 21 3989 409 3262 223 5266 5109 246 5760 8489 3249 5106 2300 5723 80 1655 4632 2847 6218 2806 5262 1152 2562 344 6257 155 8285 5498 6078 124 6564 2994 6190 7632 7054 8838 3300 9412 3589 509 3542 9713 7917 296 1585 4679 2074 3225 3756 8634 5661 1307 972 3095 1929 1229 569 313 5509 5014 3769 2285 5159 1887 212 7382 2257 1811 4402 1164 3339 48 530 2046 3544 2422 4057 5620 3070 9262 6476 4942 8052 8530 1004 7924 4424 2872 769 725 916 1812 6943 49 5079 7583 9781 1090 4332 759 6409 5378 4513 9351 8264 1884 3404 238 6178 5196 8173 7030 9718 3237 3576 7603 6979 6673 9762 6955 4916 7592 7564 9523 8849 2547 2142 4312 8591 6536 7896 2738 8225 7427 6054 3864 2662 2015 6778 1577 1008 6301 1289 9097 786 9649 3301 5087 3851 4734 2361 1234 869 3577 8193 6110 1318 6709 5297 7250 4816 2339 1419 3821 2652 1035 979 9034 9279 8339 9321 3877 4299 9842 189 8037 5734 8436 6087 1747 886 4613 8351 5605 9602 6977 5689 4707 7401 3141 9572 4574 3224 8432 8112 7315 8246 8476 9152 2912 4735 3751 9576 7232 8766 3049 6789 8098 6124 6122 4000 7912 9528 4113 8401 8765 6929 4628 3639 963 2298 7013 8093 2110 9986 7190 3090 7986 8120 7681 5032 5505 3725 9682 278 5261 6393 8227 6152 3109 9951 7676 7927 4342 4913 3032 6444 1638 4327 7019 961 9335 1279 8268 7300 9504 4329 1407 9543 3799 8958 4267 6882 6313 3313 3529 304 1670 1712 8313 8526 3624 5998 8235 8637 2697 8049 8997 1233 2380 9140 7846 9212 7865 8042 9289 3206 3369 9021 6284 2998 1099 6662 4943 178 1664 7478 4752 9805 3561 9520 9680 495 2245 298 5199 8784 2839 4783 9839 3510 7268 6125 6001 7910 2443 6008 5739 5132 4655 2875 8424 4218 6446 6663 3897 9553 8007 2749 9269 267 1242 3809 3625 2682 7830 474 8481 6064 3071 5947 2802 349 7319 7420 1478 4060 6585 5161 6791 8800 6256 5130 3701 9527 9067 9982 4464 7788 9179 4381 1800 5478 3929 3515 4341 2517 8260 3658 4557 8491 7059 8778 6537 615 5175 8044 5828 3044 6128 1564 6051 7925 3746 8105 2097 535 7418 5589 5493 3649 8114 3349 668 5975 5871 8807 7457 1329 6150 763 1830 813 7022 8663 2368 8429 590 3952 8331 3167 3296 5035 174 3941 6252 6136 1361 7078 6061 9040 3299 9013 5560 7021 8399 1332 8861 5068 8658 2723 5421 9551 2556 6501 5403 3806 9415 8979 6072 6838 4733 6260 7441 5819 250 5343 4405 1519 1534 9039 1092 672 4879 9905 5594 1369 5110 8688 9625 234 3744 1028 8873 7257 7041 2450 1900 9163 1121 5718 4511 1048 2650 4505 4907 2845 3139 1568 8783 2079 44 7136 2395 9242 6360 9864 3727 1940 9695 1561 1611 8470 2168 5737 2196 7514 8792 1705 7578 3871 6213 9191 4711 8516 8471 2330 9604 8555 3716 2927 9454 6020 9514 3618 5897 2869 2873 7760 9605 853 3954 2104 6025 5228 7173 5232 2129 4382 5336 9489 7900 4097 2678 4228 4459 9206 6701 9331 5042 4809 7040 1660 8653 1216 7483 1610 9902 8444 5471 6202 5657 5701 2787 6652 4781 6922 7255 414 2600 9080 9549 1861 6481 6913 1956 2775 1580 9725 5151 4155 5645 6688 6953 1171 5495 7045 5374 8942 8247 9934 8286 3018 1615 9530 5695 1555 1960 1446 3329 8182 8472 3887 6705 8494 8954 1029 6603 6987 5506 4473 6237 4134 1669 417 4123 345 908 7012 9215 4689 5862 8986 5595 8723 4890 2550 733 7957 580 3239 3881 290 9015 5407 6751 2745 6703 1339 8096 8392 3345 5924 2458 695 1087 4755 3233 9838 8053 2833 3287 4880 8089 990 5628 8524 4077 83 4494 1003 9424 360 1968 8732 1302 8326 1022 4843 8972 1624 2578 8250 1590 1559 4730 3194 7409 8003 8128 3662 1094 2609 7747 9219 3768 6230 2063 145 3703 9427 7893 162 563 395 3008 2503 1322 1496 9807 7668 2816 3317 411 7377 6173 3697 3416 2981 4153 2306 3461 3275 9612 7971 6227 8267 7302 3524 5009 9502 2488 260 9928 9812 1414 2907 6130 1439 5188 9912 3342 6416 5018 4864 708 4705 105 6808 8289 3179 2500 8097 9486 4375 1932 9696 1040 8682 2124 9661 9715 7608 6480 8359 436 4271 7685 8583 4207 8973 2741 7630 8277 3173 2373 6226 5015 1518 600 2038 9059 677 7854 4226 2073 6248 7690 3368 7644 8015 4966 6773 1383 9636 9965 38 4812 9901 4885 5783 7139 9166 8893 752 8179 5406 711 5389 9532 1241 4436 7027 6758 9539 3636 3987 4172 5472 1251 4991 3938 3978 7774 9091 5057 4236 6495 9639 623 4506 7118 3844 722 9501 6644 9070 7007 2434 4807 9975 4318 6984 2558 4157 4835 5438 6322 9483 6099 6985 506 4767 7533 3789 2159 3242 5046 8211 6038 9940 4334 4626 9030 4638 5301 443 1379 942 8078 7502 3385 2155 8178 6437 9756 3490 381 6279 1160 5172 5573 8844 7709 3285 9955 8975 3922 1693 4581 9881 5468 8648 1963 976 9008 1567 6559 2424 2455 3438 2668 3138 5276 8955 1533 1224 9743 2588 9582 127 5766 8536 8262 4168 5264 8149 1623 1762 1058 9494 6818 2548 2044 2618 6975 6123 36 7116 9519 7305 4791 8415 394 4877 6529 9280 8828 4549 8324 9347 2521 3772 3308 6581 7968 8665 2679 405 9276 9573 6266 5673 935 4089 3283 5163 6950 994 112 7837 6551 4762 8132 5633 8180 1108 1556 3930 3065 8055 3108 8891 7785 5447 4932 3757 3322 4673 2964 2445 6353 2000 3162 6418 4265 1382 371 6161 5368 9931 6174 1563 5983 429 4058 7922 5539 2352 5857 1922 4018 4540 3837 3398 9491 9750 698 8174 4963 8845 9828 3019 7208 9060 2084 7686 1768 5067 3327 4398 9690 2635 9925 2766 9381 5840 2595 5910 723 3093 841 5128 964 8832 5512 5869 3691 3674 1521 7134 3417 9370 5367 3251 8348 9815 3601 4716 8216 5987 2003 3405 8741 507 8642 5274 8939 7995 3961 4865 5651 7518 9962 3495 4343 3325 6244 7824 6556 1644 7228 232 2505 6412 768 1236 6604 324 4053 3770 7429 9385 1905 8088 4026 469 9479 157 4969 8123 1558 2876 3545 871 6680 9150 1910 9885 8237 7047 7393 9043 8208 1969 525 2208 5841 8770 8603 7187 1911 4368 5602 5351 3766 7098 378 5969 8306 4269 8008 6896 2850 5627 579 8094 4013 1299 991 3453 9606 7381 4556 9643 2887 7210 2274 4460 5342 2004 3549 1483 8434 7639 6156 4470 8996 2160 4545 424 595 1983 1359 4766 3927 9293 4838 2344 2072 2710 5474 5939 2896 1177 4553 8944 7507 1041 3290 1249 2539 7176 6114 3051 1165 4306 8798 5825 3429 5899 110 9326 788 8425 6235 7928 4310 3734 5564 9126 2342 9012 3803 6165 9640 7388 9110 6916 8965 7623 1918 8612 102 1408 5369 3627 401 3 6605 5500 369 6930 2677 9202 6729 9019 7960 2194 4575 8437 2161 996 6221 6090 2810 8580 7306 5610 6032 6598 9540 6783 7494 7992 649 4568 2304 2163 6771 515 7462 7530 8500 5027 3850 6749 932 8357 5817 1288 3921 9897 1809 4931 2673 7298 7652 7704 6769 3587 6594 3294 3782 1934 1571 3425 8450 6082 8287 2012 4630 960 6674 4957 4215 4462 211 5811 4362 3682 9029 687 7753 8307 37 9004 9511 6613 4321 3918 2278 8036 8546 3209 605 6107 5943 9590 4659 5516 609 230 3128 3888 8904 2854 2735 8683 8850 1460 968 4348 3602 8122 1199 8100 1961 3988 9272 8162 4582 1415 77 6321 2367 8693 2690 2958 9177 327 6310 3557 8409 803 7295 7678 323 8938 5666 342 678 3265 5456 9211 4542 1832 6768 4522 4245 4023 1109 47 9811 6726 8971 2284 140 3990 4359 4709 505 7786 1917 236 3003 9909 1163 9892 2947 6419 8662 2495 6512 9900 2881 1430 7839 1779 1328 5866 5119 9950 5667 262 3695 9236 8696 5086 2243 7670 6573 169 3043 1888 2607 1733 2345 3980 6477 7411 2484 6201 7438 6265 54 5224 2801 4958 6682 7576 367 674 5404 8321 1979 6139 9759 6576 7005 8239 586 5775 754 9644 16 6286 4121 4650 545 1550 2932 8951 2620 938 9794 7392 7529 8964 1724 2581 4253 3873 7737 5487 6525 7944 9710 1597 6917 2862 8165 2141 7004 4391 8815 4287 3956 1805 9319 6527 1924 5107 7405 8236 6424 5617 3876 4693 4419 3102 6370 9075 1454 9869 8212 3386 176 6138 3663 6538 4681 9968 2519 380 8892 8598 8719 3506 4048 6694 4857 3818 9165 8077 218 2853 3939 467 4825 3532 4708 6837 9757 3465 5044 4577 3497 5470 8757 1923 7841 6724 490 20 97 7800 3569 8803 3503 583 1634 6532 2279 8448 7771 7981 1846 3228 8352 9647 5183 812 8005 2486 8806 6627 9505 8242 8876 9903 8031 7299 2096 10000 5654 6488 2908 6076 2546 9250 757 8720 2837 685 6337 8829 8920 5572 8946 226 8868 7746 8397 3221 1435 6823 8477 3058 121 5750 3999 1930 3949 431 8312 784 1708 1489 1246 7058 4896 6796 3797 6277 3055 1540 8789 2389 7757 8238 7621 7151 1243 7567 8587 4946 4049 9578 1749 4387 4335 7857 8824 5325 6496 3366 2676 892 7766 1825 6116 7217 7847 286 2283 829 9474 7378 4208 1557 7403 1347 9555 9018 587 3854 4116 1038 9469 4703 2572 9035 249 1643 831 1786 8763 4164 2184 7488 709 3940 2736 7243 8185 5357 6077 5703 2832 1255 7537 4414 4186 7003 5428 7541 5968 9880 1463 8394 3096 8390 3720 7713 993 8956 3571 3795 1606 1713 9701 6819 8584 1820 2350 8674 1789 1105 7195 2638 7194 1057 7553 7035 2244 4421 2895 7188 5501 7370 3896 7915 684 8384 7657 4079 7103 3883 9591 2311 3846 33 6438 6600 8091 9542 9292 9161 9613 5552 6285 4965 602 9645 8916 5503 5567 274 6381 2255 4794 9584 4426 8661 4140 529 873 1390 6386 5592 3914 7503 1260 7345 4813 8654 5912 6505 876 8533 6893 3175 6593 9993 1210 9271 2975 7153 4640 4486 8495 6772 7508 8407 7953 4954 7522 6180 8823 5979 4874 6946 7492 5006 8812 7431 1608 7890 5338 6373 4904 527 3021 6933 2066 2273 2466 7855 5674 5989 2366 3111 4319 1 4512 3238 9451 2115 8805 5991 8782 2234 3728 8985 777 6787 8752 703 1166 4179 3630 441 696 148 2648 4232 3610 2877 4212 9095 6671 8646 3464 6906 7964 9857 7338 4333 4872 7183 1378 890 7165 1015 8171 5446 7932 2868 5193 8846 8754 989 207 598 7216 6246 1700 941 7765 592 6628 1127 8874 8013 920 4451 9157 1707 1874 6658 7331 3628 4764 8611 8899 7520 1824 3869 2713 8317 8890 4778 2762 9916 4765 1290 3568 1736 8438 2397 5198 9320 3842 7782 1344 9058 4881 5601 5074 4127 7606 568 3042 3370 8931 1321 2382 5316 5528 2385 215 2797 8453 161 6249 7845 9175 9239 1695 1353 5256 966 4177 1955 8627 5021 5746 7108 9142 7270 2293 2934 5850 4869 6622 5248 2183 5510 6052 493 386 1767 5430 3353 5424 4165 3226 1240 7768 9390 4006 2315 2561 5245 4428 1432 9407 2916 7739 765 9648 2692 4668 1970 2156 761 5559 5859 5483 8411 4410 2589 617 6566 353 8311 8148 4128 4302 2493 3106 7154 6952 3180 2238 1833 4282 7363 8184 1617 2456 2626 9988 4363 8528 2108 6267 962 7163 2054 8578 3158 9170 8451 521 3357 3731 5537 604 5880 60 4485 7049 6000 6211 9360 9389 6426 8982 2791 9594 2960 8520 475 2666 1157 5288 7978 4238 3271 1851 4103 3292 8371 4842 3868 5005 5834 6805 2905 8831 1605 1226 92 7662 4122 4847 7205 3683 8714 3860 8913 9135 714 2447 4015 6355 3263 5696 206 9563 7262 9616 2972 9248 8062 4917 7697 8426 4042 5634 4858 8395 893 8772 6503 2978 3150 2098 8294 4338 3460 9077 4099 1406 790 9977 3258 1254 7742 5963 5574 635 3123 7604 4481 6149 7909 2691 4195 5390 9099 8624 6405 9667 8585 5101 3078 7649 2708 523 5402 7842 2296 5150 4270 2399 7780 3729 4104 1104 1587 9929 2714 9348 6199 5883 795 6292 9353 1363 6514 3970 3231 4056 905 3364 14 2938 8842 9020 739 4178 1995 2178 465 1880 9216 7936 4741 7106 4399 9330 8400 1219 9843 5381 5508 2913 466 6800 9891 1531 9333 947 648 3298 528 5147 3403 2423 584 4683 9534 9291 4480 5475 7939 7246 9856 6665 1024 5135 3968 4376 7455 5126 2211 3491 9567 3788 4889 6944 2253 8468 1268 5753 4563 5848 3268 3885 8670 390 4445 6502 4047 2270 5938 8081 3481 91 9176 5210 4690 2996 3005 4775 4736 1402 6318 2220 9154 1680 4596 6902 3920 4390 3520 6921 8659 6447 6640 7446 4219 6957 9593 4145 8379 1198 8512 1362 4158 8700 1046 3909 8302 4680 1499 8631 1081 9761 7988 7072 5142 8576 2822 9739 3533 1345 4028 919 4615 9556 5598 7815 4504 4839 8768 3781 7682 6311 50 5844 622 5090 6864 2228 5614 3463 120 4361 9133 6788 3291 700 7123 4360 5999 2910 107 8069 5578 4547 1997 8708 6620 7998 1899 2492 7050 1367 1282 2576 142 6804 2879 4622 6962 3057 9379 9229 6954 225 352 3127 193 7191 3100 5425 63 4085 4560 5241 3791 7538 1190 9266 7328 5927 1828 844 6276 8673 6339 4082 923 3474 5069 6133 8574 7500 3134 4133 300 8196 7643 8993 6880 5200 9430 1316 4535 6306 3578 7014 1694 5843 4788 7167 2532 928 5981 8201 9113 3792 2174 1510 4283 538 6068 7755 6702 9235 3509 3492 2968 7042 5717 9378 8961 3006 5001 2554 2036 7791 1855 3326 7931 3361 5882 2935 5258 3261 343 8060 6281 9936 3454 608 439 198 7371 7963 3926 6553 4340 7048 9182 9006 5551 7491 5062 6400 6024 5030 7367 510 5143 4976 2056 384 2409 3838 5335 7241 9541 8722 3421 5287 1120 5603 3390 435 3210 3248 5097 6621 3760 7150 4583 73 4925 5482 998 4998 5170 1503 1602 3745 6091 6323 2979 3817 4934 7332 6141 9318 2064 9967 3516 801 4985 3466 4449 6428 472 132 5824 72 2516 7346 8440 8761 1448 4435 2755 6633 4750 3350 9997 2890 3874 5706 1843 8527 8441 3611 7043 7475 9545 3786 3804 9350 1755 5649 9410 5966 79 2496 746 3092 248 9984 9104 4120 2542 5538 9727 5922 4607 1349 6206 3995 3250 8183 1140 7734 7362 8692 2313 8271 1203 2694 1267 599 3981 2379 4021 9302 738 6396 5077 3648 4728 2302 9007 3088 6746 5629 450 8623 6004 2983 5582 3437 3024 5555 9082 488 6101 9000 8532 6552 7929 775 4394 498 9814 7770 3717 868 9025 7638 3388 8129 6233 9855 8041 4654 3955 6708 654 781 8325 1756 6742 9802 4304 6809 1706 1873 837 1829 5348 9180 7700 6268 3889 3501 4213 7104 8926 918 1957 3964 4821 9989 6664 8855 9918 171 7731 2515 7749 3783 5366 9586 2752 8048 7873 1964 7949 1398 7733 1244 1916 7803 2918 8544 3480 4354 5896 2370 6217 6690 6408 1684 462 8056 1433 9629 5137 9223 9197 4256 156 7868 5944 4040 2811 8735 9238 7256 289 9406 9466 624 2090 2608 3169 8736 2023 9048 3414 8589 3219 7560 2180 619 1882 7337 1395 5491 8647 6719 9342 5820 2216 9655 4949 6494 4944 7551 6440 8980 4246 3666 9255 5040 9455 5155 2179 3773 6743 3969 432 8633 5641 8085 4779 6467 6865 1689 4101 3522 5587 830 103 1926 2977 2400 2893 7891 7935 2864 433 3035 1428 5171 5115 2984 9529 4326 3264 4385 5270 2834 184 5173 4216 629 3543 560 2792 4211 8545 1093 5229 2158 1576 2402 2499 6436 9023 7281 5758 5004 4138 4848 5178 7325 7292 7631 2176 6184 2292 6018 5647 5139 1544 8729 7142 1189 4420 7450 6920 6515 6762 895 3320 2925 7792 8932 3047 7149 4499 4533 3916 5685 9492 5476 855 5324 5129 7908 3673 6047 8074 5761 611 4534 7236 8564 772 1416 5788 3140 7897 8613 6214 7799 824 1010 7741 1204 4657 3496 9158 3009 8023 9448 9213 3953 8776 3455 8118 9153 5166 7234 2410 3771 5865 9136 6450 7423 7524 210 6993 9352 7993 220 4273 4927 4541 5909 471 8934 891 5167 3600 4159 2198 7303 4039 9748 2940 9692 5365 6074 6526 8206 7372 5020 8867 5928 8083 6388 3336 3657 6912 8386 6458 2239 1690 2647 7878 7569 4181 8043 1865 7249 2683 3653 1788 5565 7590 2661 1161 2191 4635 9420 9421 1798 2591 9190 8065 9924 1325 4692 8465 1405 4062 9105 6347 3825 2010 1792 9267 5550 3132 5671 4751 3458 7584 5022 7287 9518 1848 1434 1212 5263 6105 5655 5409 6466 9835 6062 1396 2812 7497 7712 6376 3784 810 1097 2969 8742 5917 4003 8319 8808 2627 8711 539 3080 3374 2024 9911 8900 985 9388 9510 8279 6970 9340 3171 2851 2360 3427 655 8857 5779 7260 6499 6207 7531 6824 4437 8301 6129 8819 9462 2732 4196 3567 8563 3574 5282 1018 6782 2403 6231 6167 3641 52 1298 379 8404 3383 6185 7889 3500 5782 2751 1686 3110 9969 1457 6007 3148 1504 6914 4457 5391 1083 4616 2007 8552 8609 5749 2770 3306 3164 4840 1625 3363 1514 5770 8801 3479 1572 1050 2870 8565 4859 6779 5234 2871 8449 6907 9002 3218 640 5259 796 7474 3190 8511 818 6331 2192 3505 6146 6672 965 6875 4030 1341 3017 4115 9637 3863 4550 4930 924 4346 5531 1965 7618 7588 6491 3902 9174 8999 5445 2357 7321 4768 5827 6895 2675 9595 2498 6455 9205 1860 9826 5586 6834 4696 9598 1591 9956 7540 2086 186 3142 4830 46 4286 8273 6561 7528 8446 2438 8877 3841 4521 130 5450 8021 5127 3752 6817 4034 2356 1953 3482 522 1679 408 1552 7184 5337 5400 2157 1014 29 2898 4031 1907 6965 5440 1535 4854 8210 2642 8497 9546 9611 7290 2704 8804 5940 6009 1776 5708 6642 321 1683 8245 1412 8734 8019 5302 6757 7404 3483 6575 7877 4940 7688 4519 1459 811 9910 3257 2653 849 6384 312 973 269 9686 1864 9731 6325 2506 7952 6874 2604 1794 5638 385 6732 4870 1487 9107 5211 4518 4448 5238 5930 3668 6344 594 2882 6338 6379 5959 1444 4374 5997 9138 8493 8866 8483 566 4336 1850 701 3027 6297 1320 4007 3893 1230 1392 1701 8430 5507 673 8571 9945 5877 4536 2247 2479 6435 425 6137 8854 2665 1548 3493 5677 5364 200 7348 7535 8834 3435 8367 3807 281 851 9641 4199 7000 4528 7092 2911 4131 5554 9022 1589 8175 9076 7673 4324 9473 9109 8222 9247 8125 4366 6685 6143 6565 9752 1737 5868 101 3742 9244 6142 2467 5207 7856 2944 8433 1283 2490 3698 1440 806 1814 5691 5350 1914 827 2314 2427 6816 882 1464 8330 240 5948 3174 9887 6550 4967 8697 4792 2267 5370 5024 2534 8651 721 4912 299 4432 2187 8728 9884 8912 3994 904 9808 3959 565 30 3676 3555 9846 7695 5929 1194 9803 7421 5799 8316 7579 3230 1482 5888 7627 6867 5309 6976 454 3040 2789 7113 2460 7166 7951 3694 7417 1085 958 3867 9463 3845 9101 9933 1049 1167 375 7692 2663 9131 7987 4714 459 4084 4514 3255 8009 8194 7477 5319 5249 8275 967 7542 6484 6309 3059 8630 1114 6160 4576 6589 1674 202 7486 6414 8439 8769 1632 7360 455 627 9831 6892 4973 4378 3591 4467 1169 4014 276 1449 6187 647 5431 8480 1225 2109 4452 6590 3811 7543 5059 3594 5772 6413 9089 3469 8109 5613 7482 2140 9452 6860 2970 9306 328 614 6948 4878 3277 4163 5078 40 4061 1082 7651 9363 4091 3537 7775 2610 4686 3675 6196 2442 9129 7607 4559 295 9392 621 1360 3993 1840 3284 252 7274 4852 6531 8885 8215 4599 980 4853 6926 5543 650 8501 1793 5056 4592 78 275 194 2482 1943 712 75 3853 1096 480 860 2446 6967 6541 192 376 9323 3156 8445 9877 190 135 8717 7342 196 1791 9646 1442 9663 6332 4379 2630 3382 6601 4992 1139 1978 2275 4605 1868 2204 3671 2831 2759 7227 2990 2394 2289 4102 4080 2989 726 8140 6242 1172 2153 2725 7892 2405 7907 4088 9823 1054 264 1480 9145 1974 2825 3188 593 2646 9829 1441 6002 4532 3774 3083 863 1263 2671 5855 3962 7710 9181 8341 2271 2803 4443 2954 6698 1933 8388 7725 7838 8 8731 3191 5340 9259 2737 5089 6420 2205 1196 1026 9566 7679 5477 3259 9600 2005 9702 9673 4555 5165 1394 2509 9317 7359 5401 329 734 3001 3907 1312 8833 7862 2565 1691 7934 4314 5028 2150 18 8702 660 9972 9278 8747 1661 6059 2774 4166 5050 2002 5000 2029 4699 9394 7090 4895 2747 6826 4136 4623 3163 406 8790 6058 6670 5457 3513 9005 9178 1468 5793 3256 6567 2383 2536 917 1490 4502 4446 366 6883 2824 4831 2760 2512 463 1566 9478 1221 4404 6057 183 2687 9087 5345 3309 8186 7088 6080 9859 114 8837 5884 5653 6780 5952 4496 322 6507 6934 1849 755 7674 8628 8113 4756 1012 5919 6637 8066 8645 2326 2401 2327 969 9476 5650 2065 9245 4052 9893 6117 1539 4251 9314 1612 5080 7120 4241 5606 7376 8660 2965 636 4790 5331 4183 5615 9783 1101 7976 3582 1889 3433 7586 8385 1365 7264 7641 3508 346 8288 8498 3672 6994 2462 8677 302 1077 7209 2331 5140 452 7536 1688 8231 7443 280 8024 8914 7602 6885 362 7979 6904 3634 4498 8191 2316 4815 7351 2820 8974 3346 5902 3129 1202 5397 5670 7219 3764 6978 4482 3445 5908 4926 6471 7033 2884 2058 5669 5541 2769 6612 8303 4408 931 9882 5861 1071 8308 5611 4191 8369 6144 7447 3028 9073 6711 448 7916 4364 9662 3525 4928 5898 9717 9173 3564 8668 6402 3917 7795 3761 7555 4660 710 7222 4656 9116 1892 8366 2636 3276 1783 6365 6366 7596 9192 4002 3689 9634 485 9870 2121 7591 7344 6317 8870 8479 751 8255 3273 4492 4388 316 6793 7182 7082 167 8905 7601 3620 228 9328 9069 9414 1586 1205 7790 612 8638 3986 5041 8649 6479 7406 7253 7714 8721 1237 6677 5461 5514 8786 2188 333 3112 4625 9621 3487 9417 496 6148 8962 6924 7468 4564 71 2171 8011 988 9561 9709 9657 3904 543 6859 2987 9031 2006 9304 8562 4662 2587 4804 3348 8454 8291 6842 2452 5153 5454 6392 2622 5625 3118 2393 2232 3559 7610 1966 5911 9068 1945 7016 6648 7612 4337 7573 6549 3737 9361 7769 9251 4367 6903 5426 5765 8902 303 1573 2100 3444 4022 4950 4339 9122 6940 2018 5715 5720 4961 7127 1872 6449 3998 9066 9231 1673 3278 2130 7143 5846 7996 1274 5108 1481 5025 826 2291 3375 4759 282 5013 4308 9100 971 4784 8685 5138 2778 7192 2241 3447 870 3130 5218 7599 3712 2464 3335 9868 9456 7906 9001 5070 287 2952 201 2580 7835 9405 9086 1735 3655 8703 5544 8475 8412 9819 901 6868 1073 1370 3200 8787 8522 7969 4609 5513 5411 7419 1562 3924 5995 3900 9834 3693 3680 836 5037 8508 8558 4643 1782 2028 3476 1927 3905 3832 7512 5774 1130 1950 4530 8510 5385 1223 8543 3208 793 9496 2483 8650 802 9108 8467 7395 7095 9516 307 832 3541 7096 887 6831 6739 4087 5247 9114 8241 2728 2974 834 4175 1763 7355 6429 8619 94 1666 1631 5436 3152 1765 7905 1931 7036 4580 6844 9873 4740 1698 3372 7201 5315 8266 2904 268 9531 6888 1183 9072 8518 1731 8551 5412 911 4417 7867 9548 7304 9895 8969 2991 3166 1033 76 331 1231 7926 4469 4960 8001 6431 4606 978 9312 8063 7561 8636 2798 244 8270 6126 2136 7317 2739 2135 3389 8503 5122 6271 4603 1522 6251 9418 6544 8830 9233 7410 5996 1714 2844 1343 8779 2518 7313 9468 6272 2215 2533 850 9038 7827 6669 9570 6451 310 3736 6609 1498 7034 3785 7069 3254 4982 4086 2377 1168 5709 2827 3470 3246 4620 1107 6216 2959 3936 3197 1027 1635 6234 7689 8959 3170 8485 55 1857 6223 5458 6442 4634 4629 9627 5480 5954 9784 8856 7456 4162 2852 5933 2570 3749 9697 4651 6037 1867 9490 1304 8347 6961 9789 5892 9626 8022 2540 501 6060 8405 3484 4045 7958 7396 1879 26 9159 5111 2371 3182 5726 776 7810 3614 253 1119 2995 5707 2001 9016 3767 1292 7659 8234 6291 1217 2883 5124 8398 3066 7230 3667 2754 1470 2126 4719 2599 5835 7484 9610 7493 1515 3659 7991 5781 2093 2931 1356 9996 5230 8991 914 9837 6113 1520 4727 1744 5277 2067 2957 8135 3355 531 5768 9341 8115 2805 3010 3012 6182 7084 131 6968 6830 2362 3025 5570 8797 3338 1530 9675 1238 1144 644 8343 9729 4373 4898 159 1352 4619 2705 1113 822 486 45 8298 1877 2246 7099 6947 9840 5253 7185 2151 5047 6607 5344 4046 9217 5206 4687 7802 1227 2564 4415 5961 4905 6643 936 8907 9186 5964 2611 5182 5960 4288 3623 1951 4260 388 9374 5272 9495 8474 3946 2733 9791 6510 4298 3467 2111 86 7715 1124 858 8960 457 5971 3279 842 7525 1443 1739 2049 9045 104 8506 2658 8164 8356 9334 3114 5203 5976 1912 2848 1999 6655 3650 15 8566 9372 6131 2941 6456 9396 163 7557 9513 2621 9554 7442 9898 9210 8967 364 3901 9117 5081 2796 6350 8243 8187 2724 2951 2057 9168 7102 1413 681 5675 3898 2123 8862 5702 9904 6192 1815 2281 2857 9990 3739 6498 1259 747 7517 875 2412 4721 123 2712 9806 3906 7053 3289 7853 9367 6425 4217 8678 9047 4094 9422 4234 6632 3790 8884 9907 8090 42 4677 9707 7020 864 6923 8492 889 9744 7836 3570 8050 2644 2549 6015 5777 3660 3705 7244 9618 5323 4697 2573 8684 9092 8756 5814 3217 2027 9287 4675 3753 412 5895 4873 3293 5121 8158 2454 7646 1727 4278 6597 4294 7828 8259 5738 7823 3553 6854 6063 4585 341 8146 5066 805 9860 6555 7445 7158 410 4144 5829 2569 7076 3069 8328 6960 2092 6717 8531 1839 445 3030 753 407 6070 1366 22 6166 90 6554 9908 8618 8743 2254 6016 533 7028 7797 5584 3547 5546 6357 7293 1986 2962 7025 2391 4558 8738 1025 760 9506 9397 7156 2575 9132 9065 181 7738 5250 2525 4411 4760 9387 143 7821 3074 2937 8387 6261 1987 9557 2813 7563 5522 9481 7669 9601 3599 5728 5754 1043 9564 5049 9401 2788 5659 6647 8592 7169 9896 9585 8878 1711 743 2746 8080 8076 4285 8694 852 5571 838 6557 5833 5619 4206 843 1228 7175 179 9547 2799 8278 9365 4901 5255 3540 2017 9464 3977 7159 9237 5751 9380 6801 5714 888 8748 2011 1863 6288 5978 7622 7721 402 6897 6981 4434 8442 9751 3485 879 2392 1895 5813 925 6599 1455 8370 5065 544 3365 9851 8811 9283 3966 6045 4995 2613 8195 3286 6848 5562 5807 4151 6030 9393 7322 847 5710 2201 3494 2936 1579 3913 6877 1971 7110 4416 2025 2413 7144 5597 2415 2353 999 1208 6175 2892 4529 9472 4098 857 704 5705 4188 5213 6571 898 3554 4380 7126 4372 8582 3201 7818 1384 2060 4383 6799 7226 5286 5894 1976 7694 2790 1596 2333 9671 7385 8733 477 5243 3041 4032 6486 861 8435 1583 2182 6630 7707 492 3415 2213 5023 5724 9854 4220 365 1129 3002 109 9850 3409 4477 1473 8952 8410 5073 1075 6855 7186 9961 2485 1354 1256 9515 4427 9821 4684 9338 5756 7215 9608 8762 1866 8523 8355 377 2971 5607 6879 9301 8901 3172 3359 9487 8817 8327 4078 5545 906 3135 9615 8560 3401 4722 6328 1179 2497 7687 6029 5333 977 5202 293 6563 1616 5279 1508 3750 2772 1639 8600 6356 4202 4035 3402 6155 5736 4882 5716 6264 1647 7155 3441 5162 9366 9609 9127 6401 2319 3321 3232 6033 245 881 4490 8300 6857 4897 5423 3223 9147 6777 359 113 9974 4407 7105 8655 1438 35 9384 5742 4672 3528 1913 5755 70 3281 4891 119 5347 2885 1222 4621 2461 6562 2835 2294 2693 9284 6454 3381 4702 100 2489 4758 5635 6740 9788 8163 9979 8249 4468 3054 1232 8038 7093 4710 8334 8136 8981 4036 1404 7645 4868 9764 138 601 8924 499 5727 1752 2132 3588 7781 4984 4820 9525 7387 7751 804 4979 6421 3709 2655 1769 553 7233 6964 4665 6111 5377 3373 8350 1523 637 5356 3324 1374 9810 2095 6157 5729 6786 2888 974 7572 2303 1451 9224 2406 2859 4610 1757 2761 3241 4884 9623 5925 3882 1826 3552 6097 2553 8667 6547 3629 2070 4833 2909 8486 2702 9436 7311 6776 3919 1657 7365 1985 762 9687 1381 4841 2946 4601 1084 2782 3442 1136 7582 5521 6445 6832 5893 8014 1284 4732 1462 6760 219 8228 1272 5448 4990 7168 3643 4008 1275 4972 8577 2700 2463 1080 6377 3733 195 5956 239 6334 6508 8230 3192 8699 3721 5662 4648 6241 1158 9799 5125 5083 9310 3754 9264 4591 736 1385 8373 2826 9009 3143 2008 2433 7648 6098 6988 6858 2689 7702 4827 3502 5580 2034 7161 8075 1546 7658 95 7626 741 8704 4475 8417 9382 9358 8976 6036 2177 1458 1068 1545 7389 3428 7532 782 2351 7554 3638 4671 7499 8569 4975 1665 4279 4698 2750 5632 4001 3086 6969 819 3000 2942 8851 8297 4612 1206 1126 4844 9268 8963 6649 4227 446 953 8835 8124 7943 7397 995 8943 7485 5845 4811 6320 7523 4118 8750 9899 1581 5117 1400 1560 7133 1466 1064 3511 7276 2448 8299 8573 7452 2297 5658 2748 9888 7550 2721 4377 9243 2494 8818 7711 6394 4024 9221 5694 7171 8337 2416 2299 9824 1060 5212 4743 520 1648 1258 7556 89 3654 8572 8541 1827 4886 325 6728 1719 5936 9391 5076 8841 5321 3137 2948 6592 9676 393 6177 514 1588 5469 7472 8605 451 897 1134 154 4604 9708 8610 1146 3948 214 4257 1187 5992 6973 6081 2768 4983 2601 6580 3079 5399 7617 4611 6715 4600 4330 4344 3730 398 899 1426 3603 9574 7983 4493 4100 1604 2225 1477 8161 8625 7501 8130 2212 5432 4132 3942 5223 4832 2814 4068 7840 2577 4483 5054 6530 5973 1098 2641 992 1841 7327 6189 7946 3605 1030 534 1894 1853 9083 1437 9577 7773 461 7390 2477 8368 6811 6003 744 5396 3735 8666 2930 9915 6570 7079 5863 8134 7032 2138 3307 5299 1431 5134 9833 8863 3708 8374 1410 3302 2476 1777 6775 9920 4725 671 9214 770 6108 6490 8727 8698 8207 927 9130 9429 7259 9622 6937 3800 3204 7283 5712 418 867 8515 4290 651 1973 7213 7375 7875 1391 6342 7263 5784 5322 5394 1551 6415 2731 2537 9685 9699 6679 922 8012 5427 2919 5870 8261 7402 6164 717 7804 8420 6219 4953 6220 4397 8428 8160 4074 1795 6578 6465 3778 1330 2016 2815 6522 9450 2973 2637 3810 6044 588 5993 7026 9449 3475 1685 3517 7779 6197 5858 5484 7459 3984 9730 9196 6733 1753 8989 7380 6273 3892 8593 59 1479 2993 4753 7740 5386 2511 902 8462 5114 825 6397 2703 9994 3037 3834 1070 2923 9935 7018 7625 5789 1110 9123 3822 5831 6654 9026 7269 9033 7391 7170 8020 7326 363 1594 2785 524 9999 1145 4129 1063 6380 789 4876 6608 4384 3227 7967 4184 9084 368 1836 9282 5812 2795 8751 2068 4004 7261 5692 9624 2586 6191 7735 6329 3713 4968 1355 798 1796 547 3527 2523 7039 9423 7945 205 7990 7489 6548 3891 5763 9758 3645 4292 3865 4500 9816 4371 7574 5916 4038 241 209 8213 2280 702 4552 9607 177 297 9470 8755 8872 3457 9500 7177 9575 5294 4096 6314 6595 7379 3076 2334 2069 7505 2582 7046 9052 983 3802 4019 3477 6889 2625 9853 5283 4274 7061 3260 1445 2051 9088 809 1513 7703 9958 4658 1297 5744 518 7333 1759 5950 6725 3644 3124 3514 6615 1261 1326 3214 3387 6638 5036 1542 5464 6398 4915 7330 6516 8427 9461 5918 1869 9111 1525 2980 7684 137 959 8799 6208 2743 7408 4860 3684 5393 4479 8253 6040 4450 5267 259 1622 4495 4777 1919 3314 6485 2699 1300 4971 8224 43 9795 6135 5558 8488 2337 9346 606 9071 4999 4645 1633 6905 1401 8365 5194 4291 3026 2076 8908 5806 5372 6200 2185 5557 9151 3413 5313 2744 652 5921 7197 383 2146 8928 2214 4400 3450 277 8051 1898 2720 5225 6186 2924 8071 7653 8992 7647 7307 6866 7635 5656 6721 5060 6822 5201 7920 2629 2059 5180 1185 4055 4110 779 5184 1640 6316 7589 8601 7453 335 1138 2137 9257 9443 5462 3965 6019 4011 7863 1526 7660 5346 9445 5676 5583 8214 7207 7140 66 8431 9195 9054 7448 2324 6023 2985 3319 8383 1250 6134 5681 4637 1984 2513 9187 4478 4685 7798 9798 7805 4331 3046 3098 8826 773 2033 4531 5984 7831 4150 5133 662 1065 7212 3459 5980 3052 1133 7137 4423 7677 5957 9820 7294 5879 6162 944 658 3546 3992 821 1653 6697 5416 7527 536 5809 8760 833 1106 9183 6083 6966 1141 8035 9562 9477 3849 9568 7451 8054 354 5118 9063 10 476 2530 2414 6738 3022 8221 8635 9497 6509 7199 3094 6748 4491 2535 5191 8283 8058 7038 5826 5332 491 556 3780 7671 2189 7619 6792 3205 2473 2501 6011 6863 6972 7568 6656 5415 874 1294 9780 1306 311 4353 2552 8296 8519 2372 6650 8547 6873 3583 9143 7881 5360 82 1467 6533 1875 263 8820 7871 9051 567 4073 9981 7206 7914 5120 197 3087 7748 9769 7428 8342 540 7661 6289 3598 3478 306 2840 1393 5295 4799 3431 2491 3029 6546 3848 2474 4921 7691 7885 5851 3235 6765 7545 3270 1262 7235 5517 2364 5204 3563 8995 6 4537 8276 3971 2320 7179 5246 6239 5699 9588 9471 3380 6519 3105 2836 7242 319 526 8188 5747 4210 5767 3678 3432 2418 5052 6300 24 8414 8406 6093 8068 9949 4461 187 3507 9085 1703 2286 7898 3318 9339 9801 5682 4252 5891 8827 5405 1078 4017 559 9290 4646 9093 8810 9919 6675 3826 3392 4027 8111 9225 7699 7412 4929 7006 3185 1620 1493 7495 7950 8372 835 9465 2026 5535 2346 7732 5095 3886 3050 7999 5265 2651 3787 1821 1528 1342 2235 2823 2075 9046 6100 3831 6042 6254 5152 3875 7849 8629 2842 2321 1915 4936 3449 4826 69 5242 8084 9960 6524 4586 8539 8126 5285 3794 1881 7174 9599 2102 1710 3125 6296 6756 679 2538 6870 9992 134 3101 4594 7107 9074 7057 3604 7656 5688 6939 8290 1358 8716 3642 1348 5604 912 2014 500 6067 2365 5051 6390 8879 9373 2468 7267 9983 7002 4463 9776 9364 6692 2701 878 9741 7498 7336 3280 3685 9096 4472 2143 3779 4682 5485 8168 9428 9442 3706 7904 6170 2780 764 13 1184 9760 2764 9305 8025 4571 8376 4316 7980 2469 9285 6764 8929 8608 470 3456 792 7858 5219 3222 9062 7223 9037 8764 5741 8887 6840 787 1074 8596 4569 7461 865 4785 2988 3360 3575 3504 2901 5630 1424 6653 8903 5907 7121 2929 2048 1016 5251 1045 6385 3362 2707 8816 5903 6511 2643 2541 7424 256 5387 896 6602 5805 9160 8141 1702 9315 5686 1409 2197 4075 4987 9565 3311 8599 9790 3858 3972 6949 2107 5800 3154 877 9723 9218 8159 1595 4240 8537 9171 9281 3836 6958 6324 5096 4182 8507 6319 6364 5174 426 3665 5271 3165 216 3686 1188 8095 9716 8567 6349 2145 5303 1941 8689 5208 6730 3647 9102 2444 9732 3181 9755 8710 4666 6849 7237 9230 1059 4487 8131 4737 3448 8458 6269 88 2619 3711 1745 4284 7933 6704 5906 4855 731 7844 1740 1982 5349 2429 182 3199 3341 5221 2081 2727 2843 481 3699 1159 7490 5802 340 3440 7245 2114 6391 4729 3833 8349 7394 6963 9985 866 557 1453 5085 4850 6253 1265 5217 9512 6283 5529 4924 9011 1176 1856 108 1993 5145 5327 4069 1310 8172 6387 5962 4761 5561 1000 5123 1947 1331 3084 9144 4608 5757 2105 4800 6039 2131 3815 8740 4828 6587 6693 5822 247 351 4264 2013 4050 828 808 5304 3004 5591 7415 4694 3852 8403 9684 8794 1471 3472 6843 3617 7565 7620 957 9194 6071 2170 3518 4691 1218 4796 1273 2867 4009 9311 1541 7510 8166 7787 9711 7015 632 8189 1170 291 3234 3104 6043 7124 5334 3473 7718 4272 7081 1641 1570 6645 2945 9651 5937 5600 2624 2634 8875 949 1193 5548 6056 3033 8028 4237 7271 2318 6890 8346 8883 3354 1115 9617 8597 5359 5091 5019 3036 4067 1020 5033 9128 7101 2437 5854 7200 5904 6046 2696 3213 2376 9433 2262 4951 9800 3866 3718 1939 6900 58 1738 8138 4244 1764 6835 9978 7942 5280 8205 1687 6459 6299 2830 2874 237 6461 9939 8983 9943 3862 6558 5511 2148 5252 3236 4922 3536 5088 5235 9847 4726 4508 1600 9650 1067 4205 9754 8621 745 4029 1790 1628 4307 1742 6991 571 9932 3097 9665 8142 7693 8263 1651 265 1376 7783 7316 3823 5518 7973 997 7189 4386 800 719 6956 1667 3840 1722 3407 4715 9746 4230 3635 5053 2502 285 5375 1245 4664 4433 5837 7044 6327 9953 4503 7444 7664 6027 3196 7115 7130 420 4194 3082 9275 3609 9010 561 6055 1456 6483 7600 1599 4393 6010 2144 3462 1182 7663 9740 7334 4235 780 5339 4834 933 9121 1436 537 3216 4526 2341 1785 2317 4823 8244 8925 2230 4016 2866 823 7539 5796 8898 7822 9027 5222 5318 1896 3626 5441 8460 8802 1429 5488 1803 8691 4124 9371 4412 3973 9927 7289 3426 28 5534 4731 7251 8843 6750 1175 8027 1807 8509 4909 6487 2288 5663 5063 5730 5901 669 2219 6073 6678 6188 1034 5556 7052 7117 4406 2880 141 9571 1630 1491 3334 5439 9204 1117 643 1675 2223 7923 9691 9817 2487 8284 4064 7903 9890 1066 1122 1852 4837 1505 1301 2421 2276 9061 8888 5007 8332 8795 1052 8344 7085 4818 6683 750 8002 5982 6747 783 6462 338 9227 1925 7959 785 4888 6691 6005 2711 9295 4773 8927 144 4147 748 5146 6475 8915 8759 735 9689 1806 3072 3947 9544 3399 4489 9719 8896 4578 5900 5038 2181 9253 1309 2742 9426 943 8911 9971 5711 5735 7296 5520 9308 9256 6668 3439 3985 5642 7112 7547 8725 9998 3755 9261 6938 1340 7473 8107 8617 8150 9300 7476 5988 9765 7301 9865 8701 1656 4193 2240 3193 8606 1723 4070 8030 728 6572 8652 8220 9668 7587 4918 1488 5668 1678 3931 3661 7825 4887 5821 8679 4396 9322 4509 2103 9017 9447 9844 9050 2639 9368 5187 8949 8922 4910 1952 3732 3048 4810 4395 1981 2089 1732 8223 2419 9485 3020 1944 8502 3519 7181 1181 5149 7817 7089 6304 4653 3523 2686 4739 2583 9845 5010 1421 5496 6766 7597 5105 3722 5794 7696 1746 3963 4754 8871 7280 5697 3157 6825 8686 5395 4309 9041 6053 6236 9728 1317 5945 6427 6767 6941 6577 5599 2821 5942 6086 8389 5362 5361 7469 7843 5308 6646 11 7373 6193 3958 7398 7859 2793 1474 2997 326 2939 8822 330 915 8423 4250 7948 8233 1998 5071 6280 3566 3015 909 3894 631 4706 2047 57 4197 6493 2804 2999 6404 9889 5941 308 4114 9538 1903 7628 7384 3824 8292 5486 6095 2615 7544 4846 3295 3908 5955 8825 5453 2886 9597 7202 8695 4296 558 5442 950 4631 5281 7975 283 1278 1173 578 7204 1214 2568 4190 8774 9775 3274 9356 1178 1797 607 4249 3489 4517 3933 4442 8226 6362 7744 3595 9995 8280 9156 4313 4389 3855 8602 5590 7558 3696 2080 1697 3056 706 513 6153 4738 2706 7701 6862 7832 6722 9861 9416 2722 939 1103 4156 7613 6821 1154 6330 1266 9362 5239 8353 7178 575 6375 6340 8461 8416 7064 5214 7086 7559 7353 3303 1734 2071 8724 2358 3847 4724 9467 6806 1380 4822 8039 5278 1042 4593 1192 4444 7196 3652 6856 6085 449 4476 7680 3316 3332 2435 5762 8103 4590 1086 3272 7458 4908 8147 227 7629 9603 400 1845 6140 4745 5275 9286 5759 697 8836 9813 5177 2567 222 7258 3944 6422 3155 3344 7754 8535 1135 6354 122 4980 9536 67 613 8144 4392 6761 4171 2914 5205 907 6432 2263 2149 3488 6262 9822 820 5972 5624 2411 9094 6118 1524 6871 913 9503 9260 921 6452 6343 6660 5382 5622 1036 6278 9124 4977 1303 5497 3452 3669 4981 3315 9894 4579 7516 4198 883 7357 1308 6183 6588 3758 639 5292 7339 2209 2709 4989 3943 9886 2248 6120 9666 2590 9913 9270 9439 5853 1549 5072 7521 5131 5186 2718 7471 9630 699 9119 1111 5311 5306 5296 7796 4952 7352 9057 444 23 9726 1858 7886 5141 8852 3340 4143 4845 7829 7706 5392 4066 1465 6518 8375 2616 1613 3146 9203 1709 9003 2891 2233 7526 4866 9712 1411 9679 203 5731 945 8809 9459 9376 720 2906 7031 2976 6049 8616 6744 3220 1935 6735 8705 7129 9444 7534 4978 170 136 5380 5526 8265 2193 9592 4993 8718 8859 7432 8402 5064 1516 9946 1775 7157 6763 9 6504 2101 7010 846 4893 9876 150 564 5664 3759 2106 1592 5977 8777 428 4315 5330 7425 3738 2472 3551 2122 2800 7513 3899 5305 6770 6851 4148 7466 6371 4356 8157 6198 4239 4894 6617 1150 9343 1372 4214 2173 1773 3534 1547 1928 6909 4627 8004 6676 8240 2441 4109 8219 5698 3288 4742 7633 3119 4941 5226 6990 2860 2719 7480 5743 6626 2425 6707 3895 1142 9188 2470 3880 2781 3252 4986 1636 8680 6828 6014 6611 7954 185 7941 7763 8977 5257 4111 2436 9273 3007 2933 9693 2878 1211 4902 111 8456 4176 9098 7961 4914 1102 5420 6238 9631 6374 8418 3692 2040 9779 8881 550 6629 4189 8525 6998 7940 372 7029 1720 6069 1988 4801 1293 6243 7312 8886 5949 2116 3247 5422 2829 3379 2260 9658 3690 3243 6109 8110 6119 87 670 7323 6759 7366 96 7759 705 7011 1039 845 4041 4311 4369 3153 1741 3178 4142 8643 1375 3376 8099 1637 6942 7413 6472 3776 8746 173 6079 8796 6513 9337 7109 6543 2453 6341 9526 2032 9375 9446 5581 4763 6827 8780 1056 9734 6212 1994 1285 5778 7238 7580 3420 5913 8203 7080 1906 8771 9226 4458 9383 8538 1527 1191 6463 2465 6545 1813 1239 2042 1659 8217 4295 6997 7266 8758 1346 479 7594 7675 5713 3857 9232 3312 8408 2308 4095 2020 7955 9521 3391 4305 2967 6176 9438 125 3586 1055 7407 1497 7918 807 2526 9297 1954 9683 3144 3911 6619 5786 1893 421 7888 1389 3068 3471 1007 5803 3677 7286 4010 4365 7997 7460 9386 2077 1847 4772 9148 3430 3184 6439 460 9313 8554 1148 4233 5672 7278 6959 9867 5804 6417 397 2355 5354 4488 2597 2566 9558 9705 625 2207 6928 5231 68 6845 188 257 2349 5725 5519 3580 5148 9254 2430 1427 2656 3793 7982 659 8169 3352 6812 4358 4119 3397 7965 3679 7087 2838 4544 4201 7866 2256 5832 1364 940 6582 2396 8362 5012 693 288 2649 8192 6407 5787 7146 2527 9303 6712 9208 683 9535 9638 6359 5444 4597 2268 1053 8607 6785 7985 1771 1645 9878 4484 2856 9201 5905 2206 1295 2855 3597 6106 5722 4988 9973 3269 9720 5435 5683 1452 1778 5795 6852 4570 794 2846 1831 9228 6887 8978 284 8864 8641 4803 9164 616 4266 854 4674 2061 555 8293 9162 7956 3422 4598 5026 814 2819 8380 2717 2113 7070 7921 8767 6714 4059 7439 8715 115 4524 4223 9827 489 4440 4438 6755 8000 1553 5220 6579 5048 3062 2390 2817 946 3149 9014 2229 5156 261 2031 3521 9507 975 255 7252 9669 6240 8256 7882 7666 5443 4974 3558 956 199 8549 5974 3159 2617 3562 9674 4320 7826 519 3974 4617 4786 5136 2585 8656 8923 729 7665 2162 4836 6752 1871 2784 7598 4152 6112 3147 3136 1799 6869 7193 9987 3664 4863 903 2117 9409 1257 3011 4200 7851 7075 4817 229 7091 7930 5029 1959 6624 9522 191 6104 686 2557 2950 8622 5055 3436 1671 126 8455 4037 5985 7947 9735 642 8361 4401 4456 3115 2529 4012 7426 5268 4349 1118 9782 7870 34 5189 1725 4431 8152 6478 7160 4667 9263 3378 6996 8176 8918 3328 175 382 8590 9377 8198 1721 4429 9288 3801 7789 3229 7672 7814 8419 6158 929 6179 1801 1201 552 8156 6931 2602 5434 3596 3202 3590 8318 2921 6908 4566 3053 9509 1575 5616 9234 2771 5596 9966 2347 9923 5290 7575 3486 4225 9777 7911 8848 894 8177 5414 1835 4997 5524 7162 9042 1990 1100 511 357 9296 1609 5990 4554 2603 6911 4948 7414 3996 1991 270 8295 4900 8529 7609 4676 5433 7364 4043 5061 5643 5190 1247 3556 8310 4871 9849 5838 9694 7562 4254 1501 2688 5931 8153 9964 6798 5588 6225 7272 2777 8204 8869 6569 9659 6448 387 3203 1373 1574 9357 9714 1538 5553 3198 8254 7374 6274 1314 6596 5094 7128 2740 301 2809 1271 484 7752 1006 5515 5169 4242 7642 2457 1537 9155 9703 4280 6813 7937 1220 7615 7634 4911 3983 5352 2949 2323 3612 1870 9419 7784 7819 4149 3950 7037 3670 7309 6634 99 7324 392 6723 7874 5752 4071 7436 9537 5499 9431 6181 4169 6820 2112 5568 7454 2928 7698 7335 2041 7777 1730 1972 8199 6901 8712 5236 3393 6209 2227 9408 396 4471 1696 1692 4125 1509 2202 7437 5527 6021 9721 468 4413 9220 6247 3443 7141 7 7778 6258 6807 3719 3839 2903 1095 9441 9785 3240 7637 1337 9832 1909 9678 8941 8945 133 716 3830 464 5967 2963 1854 2926 5355 3282 4317 9457 6661 663 797 7068 3726 6460 5197 7730 1506 27 8739 3812 7974 5099 8229 6542 3616 7566 7616 6369 6290 1802 8320 8181 5540 3063 3991 5637 8614 7308 1977 4774 7860 9265 4639 6568 9792 4546 7077 5878 6127 3747 7717 8197 5818 9252 1958 2120 6298 4636 5885 7883 3266 9793 3796 2384 6245 6022 3707 6919 4994 1270 9926 5585 8340 5815 8121 147 3681 8791 5104 9653 3714 3960 85 1598 5621 5690 7750 1754 9488 6625 9614 116 9736 2242 930 2272 1543 5890 2312 4862 1817 9458 7902 4351 1512 6718 6443 7834 1123 1128 7487 2354 9533 2614 5970 3765 2966 4347 8505 6457 8033 8315 4403 1668 7864 641 7464 8304 3820 5481 6639 1423 6145 880 7225 9938 6361 2200 347 9763 6636 9103 9399 8936 2734 423 2753 9942 8788 8513 3748 7972 8709 9411 7416 1772 5216 7876 5934 1891 172 591 1399 6159 2763 4370 1822 8413 3358 1751 81 8568 2524 1601 6657 6720 5017 8382 7722 8935 5678 6203 3843 5002 6163 2369 5437 9241 5612 2594 4289 6699 1942 5492 4720 8484 8079 2221 487 3740 9134 3400 2507 2773 2266 6971 1276 1248 7595 9294 7055 512 2716 5849 1808 2166 2199 5684 3411 6147 4409 6727 572 7065 9937 680 6228 4851 5320 8948 4222 3207 9167 8499 9246 8640 2338 9425 6034 1844 8251 4649 2606 6736 7772 5579 2779 2645 9316 7548 1718 7094 6441 6899 440 6430 2363 799 1748 6403 5269 661 4527 3884 7776 356 9258 4520 4135 1131 6506 9660 3934 6470 3687 6255 7720 4025 9841 7071 1582 5745 6681 2127 1197 6560 3550 8360 5965 2259 9329 5455 7148 6861 434 6224 2510 2420 1834 774 9475 61 8358 5298 413 320 2440 2818 6389 93 2657 221 6333 2261 5953 7585 6894 2681 3704 9078 3903 8847 5384 4614 3937 3710 8664 9871 7913 391 5379 3975 2605 2861 2631 2407 2571 5533 6172 12 603 9517 8464 2528 542 9307 1614 9830 5466 9125 1569 8452 456 4297 6586 848 9944 9914 8880 8940 5289 8821 8882 2902 350 5748 430 2022 1578 5860 1051 9480 3122 4328 9141 503 2961 6754 7433 5075 4192 5816 7221 885 6689 1269 5864 2756 856 6382 5100 1017 6781 724 3168 9484 315 2050 2992 373 5192 2231 1948 5932 8396 6195 5502 7399 5773 7008 1704 1311 41 5626 8482 1351 937 7807 9797 5467 2612 8557 9706 3912 7481 3161 1174 9198 554 8393 2900 633 2504 7354 2543 7479 8478 9766 4160 9028 4276 9120 4352 2858 9786 1357 5648 2953 6345 713 8514 766 7879 2195 2055 2670 981 8381 5016 6623 9200 2329 6659 4507 2053 6434 5158 416 5154 707 7719 1816 3126 1137 74 5915 5693 1336 682 2218 8548 7762 6523 399 5376 4561 2078 9359 7624 630 6378 7138 6335 6520 3323 4106 180 8070 9435 5031 1485 5371 5836 7164 4141 4455 6468 6992 1069 7218 2695 3085 1646 8338 7368 3879 9818 9460 6881 3034 4497 9921 4083 314 8143 5808 3187 2598 8669 9398 258 3741 6745 8910 7605 9681 9207 2545 8378 98 2322 7073 3113 5608 5209 8639 8813 9402 4595 7024 224 4669 5102 4355 7122 9049 8257 1804 2579 1037 2783 8676 2849 4567 6945 1151 3075 4221 7872 153 5593 2062 7240 715 2307 17 2786 7062 6614 8108 5293 9677 4771 5951 5646 9440 840 149 5418 2508 2664 5790 8730 3976 5398 9654 3424 4107 6326 5576 8459 8672 3394 4748 4161 562 4474 339 839 8127 5679 6616 1967 6473 7470 8984 4300 8713 573 7683 4723 8690 5092 243 6433 8067 4422 5532 6631 2659 5830 8314 3870 7506 2471 4797 5872 1469 8133 596 447 6169 9581 4137 657 2459 7496 1699 6999 1286 2758 2767 8968 4044 2889 3890 5408 1305 2428 8421 2265 8202 51 2807 6395 6700 2009 688 7581 8706 8745 4322 6706 158 6270 6696 5388 2899 5112 9991 2328 7131 7356 3548 2226 6925 5652 1023 1091 5353 3700 9804 737 3957 403 1005 8047 361 5791 2478 954 8840 5839 279 4996 2660 5639 4262 3702 7229 5623 4090 5164 628 3419 970 6293 4780 5185 9952 9747 2252 4247 1291 5144 8947 7880 8106 2672 9081 208 5058 7465 8016 5876 8626 427 1770 9587 2172 5792 6302 3829 2165 3856 9090 8139 3384 2222 1253 8364 2897 2544 6482 2128 415 6013 5373 8272 254 2250 2808 4700 7869 6115 3828 5363 5039 8490 1062 9796 3631 4624 8957 3762 5881 1938 4465 9115 1996 9184 7017 8443 8775 9222 4663 3573 4076 6794 2828 1621 1946 272 3798 4466 4277 8785 7571 8422 7239 4861 3297 8865 4678 1758 7125 5237 5769 4572 2099 3606 8029 4092 2956 645 6464 6995 1264 7220 3498 6784 2520 1618 3951 1335 9137 1936 7211 7546 9957 6753 778 7180 8116 9209 151 1186 9044 5011 730 3932 5636 7899 4173 6303 8469 5116 4937 4117 3304 3077 5665 8594 3434 1313 6041 3116 727 8553 473 4187 5328 7467 8781 5291 5227 1403 1677 5563 3160 7434 3621 9139 6497 3640 7009 1044 2301 117 9632 64 5732 2669 862 718 692 4357 5525 3530 7794 4174 8032 7449 7056 9930 8457 884 7509 6741 5785 4661 8391 1420 4875 3819 2841 934 5958 9917 9642 3835 546 6363 816 3347 7198 3215 3608 6383 8061 7001 6372 5721 7277 3061 3423 2118 5179 8588 2417 7329 2426 7132 9332 5419 2757 6294 9976 7552 7111 1728 3133 4718 2305 3715 4793 4430 62 1904 675 5920 106 6474 1334 1089 8632 166 6406 7726 9324 419 3535 859 8119 2340 4919 7275 987 8073 9580 8218 8010 9404 3572 9753 7745 5801 4899 9169 2287 7667 6574 6250 1975 2021 2574 2258 6092 7248 4789 4565 6610 8906 6731 9493 8707 3446 9670 2203 8517 4633 4747 6797 1116 2680 4081 8687 1937 5569 8744 5008 4301 1155 581 1397 3212 4644 5798 9922 1672 7285 6492 8620 6528 4204 5 665 4425 1980 9858 4589 6641 8909 3808 8154 1517 7724 6951 2560 8933 4935 1876 4892 3584 128 7570 7358 31 4829 3337 7919 1418 7577 5823 2336 8575 5577 7430 4063 2863 7074 6910 3038 6534 7310 2522 9146 1838 4538 1780 3039 1492 9499 4806 6089 3343 7231 5254 6836 139 6695 6168 948 8671 6050 7288 4065 1386 5810 4883 6918 2332 6829 9024 4906 6886 2164 1200 1277 9635 337 2167 758 6878 9704 9698 3014 3878 3979 8329 5176 3651 2052 9980 6171 2563 5043 8737 1681 1324 3016 5358 9064 9482 4795 7756 5489 5935 3410 458 2133 4231 5644 7811 1842 7440 3064 2325 3816 404 6048 4805 118 2019 3356 53 3408 2348 1156 5994 3777 164 2915 5700 5660 482 5887 1989 1153 5776 1287 4139 5317 8137 494 6833 7063 7320 504 2559 6803 1626 1031 6810 9596 1377 6915 9274 6980 2387 1859 5003 8309 6884 8581 9550 1532 3763 3539 9369 9327 8521 437 4185 7966 656 732 1235 5842 7463 9738 6088 7284 6423 626 3099 9633 1992 4814 6352 2083 4856 9656 5536 7655 986 1819 8034 6282 3195 5680 8998 1726 5307 2175 532 332 9508 7716 9848 771 7519 6336 7640 577 6737 5780 2481 1338 8059 2309 6847 7887 589 910 5473 4704 3915 2087 2684 9963 6287 6295 6686 4962 4293 8086 1076 5451 4170 9344 8305 4956 2982 4 336 3827 6367 7901 6846 8773 4746 3377 6986 1252 8487 1486 9872 551 8232 8681 6263 8274 6084 7549 2439 2633 5417 7350 251 4923 666 9749 3688 9569 9836 8463 1387 1088 7708 4824 9552 6210 2555 4209 2431 8604 582 5273 5215 5575 160 9874 8894 3310 8170 8167 5284 8117 8540 6935 6651 9240 2432 7994 1717 2480 8953 5926 6194 7511 3244 1715 9875 3538 690 3396 9724 6521 8145 9737 3305 7400 8615 453 9767 1885 5874 3145 7066 2730 9589 4275 3607 6035 1371 6932 3560 9583 8006 7349 4749 8504 9118 6453 1607 129 6305 1002 3622 3245 1388 1079 1425 9700 9249 2729 2551 5490 4947 620 6989 8155 1901 7850 2037 5631 5523 7767 7884 9189 1629 1781 6795 4903 5383 6606 4959 1162 8570 2943 5045 791 3928 7833 1883 4808 2125 8987 6469 5914 4744 9560 2449 2685 4418 676 585 5542 1536 6017 5530 5463 4447 2475 2269 146 4769 9620 6154 3406 2922 8814 6103 7135 7515 8102 689 9772 6012 5157 9149 4255 3371 667 694 305 4562 2531 1886 5687 8534 2186 4203 1897 7422 4501 358 1333 6500 7793 1642 2986 4588 4955 3253 1949 3121 1603 8657 39 235 3499 56 9970 6841 6584 242 2139 1368 8988 3081 6802 817 7650 5113 5341 8104 638 2 9199 7984 8644 7314 2584 4248 1047 7297 2715 767 6853 9298 6591 517 9787 9309 6204 7343 3656 3923 2623 5479 3151 9742 25 1323 6790 6358 5084 2169 9672 5886 4717 5771 7895 3935 2210 4602 8919 749 5504 1296 7504 204 9185 2514 4112 6368 5852 5103 8333 9325 6716 7728 217 2865 7247 9778 1921 4108 8675 5609 2654 2593 952 3333 2776 9336 7705 5875 4263 3267 9906 1654 9773 646 7654 8252 9852 2955 7145 5740 4933 1180 3619 1147 4259 1663 6974 8917 374 1001 3451 7852 2030 3031 3189 355 597 1902 6065 1500 6410 1962 9437 3089 2039 438 1213 9866 8753 9403 742 3585 2398 1649 1019 6982 5449 2794 6096 3613 1920 4441 266 3982 3120 5494 9619 7970 1890 5314 1350 5856 8072 7383 4510 9498 6872 9664 3526 3859 8550 4516 8595 6411 8858 1315 634 2451 2134 1472 1132 7808 4261 541 3060 3103 3013 4757 3967 9432 5195 6307 9770 1502 7291 4713 9628 8966 9883 3330 8853 5452 8970 2045 4770 9032 4939 1787 8017 8323 5244 1319 1495 7340 8897 2335 3910 3633 9299 3131 1032 5329 3997 5459 8087 19 6535 1529 231 8990 1021 4268 8542 7254 7816 9053 3351 5181 7114 5797 1650 9172 7736 5410 1209 1619 5082 2408 9862 8726 4105 1554 2290 4618 2282 8269 3579 9559 5867 7809 4970 6635 7962 8377 4243 664 6891 6312

n=20000, semilla=0
6007 7578 12159 9613 16296 17550 15558 12189 17126 1736 9084 5554 5269 17534 15291 10483 4033 8624 14617 15647 11913 12476 18566 16221 13338 5946 5236 10136 15777 9147 16932 2550 18829 13470 17106 2405 5252 7759 3267 5009 11753 16414 18598 3233 526 4017 5788 4684 13196 9645 15657 6806 14631 16185 4912 1036 15357 15379 4274 6964 11788 3378 15855 1156 13757 9564 473 10186 14848 7878 19431 6575 13065 3426 14420 17010 6905 13826 5961 9246 12892 4470 4958 7355 2317 7766 1756 10819 6977 1092 15185 15233 18143 10515 6576 7024 5283 12387 4745 9412 17173 1685 1170 8989 8095 11496 8668 14693 3990 6776 18480 2280 4915 7582 5831 480 2661 9008 19083 11623 15005 17465 16259 15265 18063 11298 8144 17215 12161 11167 4047 12112 16008 16649 8527 3696 7917 19503 4657 5060 3928 7293 7449 19557 17918 13827 13312 13368 16072 5825 18895 5172 1101 4624 7857 18396 15277 17151 8543 2378 7556 12784 16861 13678 1733 16320 19028 13213 3976 11998 10730 1293 8684 19719 10317 18445 18494 11493 10378 18210 10388 8714 11462 7726 14518 15028 13712 10900 11584 9245 5703 15994 17314 3925 308 6248 13433 12799 6322 2228 8692 11930 6244 8538 15061 19888 16741 15739 4290 18323 6109 11329 6539 4703 3535 2483 8966 2505 8480 6142 16243 6175 6399 1279 1442 18453 7814 4239 17117 10020 11070 6044 10845 5326 13695 12352 19731 16382 12276 14875 14248 9290 7656 3215 713 2296 6084 7384 6254 173 7984 8865 16638 3665 11327 12370 996 8009 9314 17437 17543 1931 4352 19326 15795 18551 14911 17315 11676 19453 7396 6232 1164 17663 193 10125 7224 1702 12898 11553 16060 12336 8836 4014 15441 1809 9872 4020 19291 3697 7778 1771 4351 1609 12591 16201 1757 204 8382 13430 19339 201 9913 4737 16860 12526 3937 17392 14456 13183 11508 5957 6221 19057 1699 19667 18352 12373 19463 9850 10744 3852 10965 3967 8782 6033 16048 6713 6145 6360 18902 8025 14459 19300 6743 9326 10826 14852 5548 710 7305 4282 2738 14371 15465 12236 8693 2577 1119 5621 13189 5099 767 321 2860 10888 424 9566 14571 3552 19317 7405 11734 414 4579 5384 7125 16572 8738 18831 15183 9168 12489 13599 6739 6200 19997 4716 16041 4943 3312 4838 14830 3641 14772 3497 8004 199 12656 11499 1382 3800 13927 10808 15662 88 1457 17974 16330 13915 7351 8061 9803 3050 14997 8302 10387 14649 7587 8201 18938 17286 17768 12133 19921 16196 6457 8638 5969 19047 7233 8722 16856 10749 886 7000 1977 15075 4845 2809 7599 14302 11368 19051 6367 9521 5637 14231 15617 5338 12194 19899 342 19350 9902 7515 11378 11074 435 1301 19016 2277 1999 186 18677 15939 6589 2927 10004 2133 2201 6834 11416 149 7045 17735 13187 18531 6947 14417 4846 17634 17127 5938 13442 12751 18264 833 18116 6091 18571 9151 15106 2696 8740 8973 7606 18908 18317 8637 8698 13355 11707 15003 16721 18946 1600 6904 16381 7353 18709 1356 5766 17902 15985 4138 2408 8058 981 10376 5541 6065 10501 12520 2363 13060 5174 14531 19780 14162 10592 6052 3121 9212 18199 17380 4889 11203 5557 3817 3162 3819 16762 5896 12377 9349 8939 2258 6735 16390 8424 17819 6136 14365 13531 12655 7544 5553 8287 17744 11991 10950 14396 1195 14347 17494 16866 5184 12590 4503 19693 2291 19262 4315 18780 8371 19878 9013 18347 17805 4320 3935 10278 12426 11650 7269 312 768 15046 1957 10374 8295 1000 16849 8344 12757 6504 11395 10608 14253 19702 2523 12966 2743 19737 16665 12530 12749 17697 3282 12870 1797 17104 2994 3454 2040 215 15234 1238 13339 14886 1076 3493 5415 15782 12434 1980 14172 16957 15336 16992 3541 2863 4314 14495 8917 1870 16526 10460 19389 17402 17299 8921 1932 6402 10822 516 8762 19717 6497 6260 18472 16004 1804 1439 18213 17205 6339 12278 10739 3716 8619 11937 8012 5470 17012 14122 17852 9989 4808 993 19752 636 6683 17585 18231 1434 4201 19173 9771 5907 1051 17589 1394 11275 15935 18175 14752 9541 3930 4412 15957 5577 7906 19923 18798 19900 19420 11443 10778 6542 13137 5248 11474 16273 5403 850 3695 17498 16895 3702 2435 13359 9553 343 3810 8432 10149 10036 17857 7032 10680 18203 13126 18874 7688 3279 6197 2344 16674 634 18314 9680 7007 3534 8998 8712 12750 6493 2430 1627 9184 8311 18499 13806 3551 18607 8224 8297 4028 16027 18515 14757 9313 3447 13529 12800 16141 11423 6824 2439 5215 7559 9249 17769 9926 2303 10095 18180 4786 3814 999 450 13684 7038 12435 5069 12157 3085 14499 2569 11954 11965 13519 6832 13296 13053 14760 2689 484 9324 9976 4325 10843 12638 12687 17780 3669 2918 12619 2838 5681 7337 3491 18280 8326 3127 8871 17035 13290 1805 10991 11210 9880 16297 12140 17226 7510 4490 1564 3036 11878 802 10522 1916 4946 2108 17429 15029 2573 5759 16581 280 4600 8230 13816 15810 19154 11354 10242 2478 15542 596 12325 13582 19102 6002 7329 10597 2814 5772 14309 17923 12241 12233 19264 3013 13914 11306 8328 5834 8622 4137 5296 12331 17608 19524 18489 4740 16499 11665 4821 18653 6100 5934 14057 2191 4300 11596 9734 14373 1840 15665 12877 3593 2530 1100 12744 10205 5092 2465 10027 13358 9824 8483 8627 8810 17206 19309 11211 7702 14935 15715 15108 5480 15577 4948 6283 14355 15111 4695 16738 16061 12664 4451 15537 11631 18608 9358 5421 16104 12863 6194 8649 2214 7948 517 5408 7048 18140 11739 11840 1581 11668 11886 4871 9588 6009 1135 13313 3714 17641 8255 2773 19352 9638 18154 3911 9879 6940 16570 14438 11265 13288 8588 18408 7683 19550 17903 10442 11490 3553 16903 7519 7629 5491 11659 9889 11798 18345 9258 15649 3145 16803 18165 6946 1800 10142 13763 5310 5104 5648 4659 17948 19863 12376 406 14492 7979 561 3878 11348 40 19268 2307 15586 2409 4165 13650 9116 12185 3946 4367 19009 14035 13809 14022 16740 13043 17935 7234 2962 4875 12076 4347 11110 9741 13716 16627 14512 1435 5619 10560 4714 9230 12900 11263 17355 18058 10810 3242 15215 1364 3069 84 17397 9543 14800 11232 9259 4289 15093 1992 183 11096 2091 9523 11075 18581 18944 9891 9223 10694 18055 17951 14725 10561 4149 13706 381 16342 882 13074 1072 5165 18169 19289 18093 10366 9937 18905 12295 6169 15363 8372 17572 16573 11341 11146 19751 7768 1593 19316 934 6476 13066 19275 11425 7061 17706 6443 5103 9436 11963 6452 7165 14678 17324 4498 18463 317 19073 19802 7178 2444 7281 15480 15010 19643 303 5505 3075 9631 19451 4971 8642 17645 58 10551 9367 15043 3088 2035 15282 17347 19601 5437 4520 19272 12092 9862 11410 17006 15521 15461 10490 2500 4319 8362 12099 3107 13493 13951 12431 6599 7674 4559 9695 1769 17754 719 7835 16091 7995 2370 17580 16014 2060 10830 12257 10220 1976 7254 16942 2071 16058 17676 12531 15830 15347 11180 15909 17439 14352 8671 13135 14058 6210 14705 4614 10526 2163 1217 5018 4629 11023 19747 13142 12660 12261 362 4139 6275 5630 19998 8140 5589 3305 16783 8010 11899 6077 19691 5024 4941 11161 8053 18322 8073 17446 14218 14677 19151 2281 16384 14971 7566 5162 12266 10998 17840 514 16745 979 18162 13776 8497 12313 873 6741 7930 14773 18837 17921 584 16448 10157 7791 19023 11036 15755 16722 16090 15218 15836 14377 3864 11487 18256 7051 19532 9969 18157 10425 7411 1751 19227 18004 12889 19021 17803 7344 373 1389 2379 8517 4794 14024 4549 12199 2113 2432 12274 12012 4057 16615 8397 19837 19694 3302 12411 19168 14809 14318 2511 2820 12753 13549 15972 624 10109 11190 2355 16878 17082 9082 18771 17531 8751 16541 4206 13035 12996 8384 5025 3472 15065 12047 931 8066 10058 2594 4627 12891 5524 1819 10736 9583 11436 9886 12041 9372 4295 4711 19805 12915 14008 11475 19542 8510 19543 11764 5119 19408 18552 13284 14768 12833 12844 10301 15514 8613 13911 14001 1258 17435 7070 8169 7509 17660 7085 18257 891 11600 855 9468 6159 16294 8784 13929 16850 11920 11597 7697 10400 13709 18999 4312 633 15928 16184 1653 16227 19233 17792 17877 4974 10687 1069 9594 19225 10416 12101 3323 7459 5627 6938 12529 9114 18816 6249 1317 5857 18194 12153 19835 14213 1189 4432 6932 18198 9374 18236 13459 15546 9075 799 16750 18718 12029 10347 16876 17631 13059 11133 4085 1589 3851 9793 13939 16822 15816 5809 13423 4647 15138 444 1558 11005 18739 12932 10079 1743 19448 5253 8488 6255 3689 3778 10487 18661 14187 1339 4025 11469 18851 4648 3622 4066 6843 6074 8532 1504 5258 1340 14967 3155 18904 10806 19961 1755 8907 7191 5975 496 12093 7887 3250 16363 3829 4073 18963 5886 3024 3084 14504 4526 2199 9720 13743 3171 8926 16864 16444 14736 11964 7310 4229 15914 6903 16670 2263 15880 12514 18071 16055 12507 7531 7577 12045 18271 2124 19640 13488 8392 8001 14224 8102 7988 6106 8261 14626 18983 13745 15107 11014 19174 18091 652 8731 15086 15661 5877 16324 8303 14990 96 11825 6235 6553 12632 18898 13928 1512 14070 14003 10559 7490 9777 13061 12349 16309 10686 10494 6421 13345 697 10022 12506 9397 9293 14280 2607 16291 12350 13930 12808 13975 16790 18522 13968 19329 9820 6348 1917 14560 12550 11772 17745 2681 4588 7601 11652 4065 15968 2727 14312 5355 1760 9407 14604 7990 19222 1701 9380 19197 14091 19825 14390 13795 12747 8036 620 13653 6455 806 17908 2847 4831 16623 1428 3441 4731 11513 18130 17145 6386 10850 8290 13227 2206 10576 19247 15317 19639 14156 18459 13426 13047 14559 2604 16626 12577 8899 15471 15195 14968 10580 19120 4902 7245 12282 9642 9849 12956 19799 4929 14694 11923 1296 14116 1111 15606 3584 15164 18903 1422 4079 19823 2533 3624 6041 11810 13861 8544 14345 12432 6581 17061 14090 3306 12645 7203 10062 15342 3694 5475 16863 1981 18592 14078 6870 12539 6507 4947 1592 3249 16916 1219 16287 4177 3174 9595 9600 6423 8441 2621 131 10178 3482 11199 1978 4551 1056 12382 3872 16108 5477 11026 12421 1200 3980 3105 15584 3723 15692 11340 11953 11977 2933 4381 9148 12566 16007 15493 2326 12394 13866 9500 15681 11316 7248 9134 15394 7352 8889 14933 11099 17059 8644 19107 2726 19182 19570 13908 15444 13698 14457 19701 3558 9329 19367 2888 19072 14372 18845 801 10756 13768 9947 1039 4486 12787 13631 10440 15827 14516 9106 944 10349 209 14562 17211 19581 6144 13169 2149 13750 18263 4191 2278 9823 4086 1029 7387 11521 8467 4772 1142 14317 18565 19042 16594 10467 15574 3936 16940 2902 8914 5328 13987 3424 8426 7547 10636 94 10891 7256 13249 2951 18503 14589 11661 11053 8360 4360 5143 10691 18537 1270 10023 4581 10528 14842 9205 16890 12968 3293 8844 13166 17830 9757 9864 7938 13747 11926 11506 2803 19650 9222 10343 18286 3514 10489 6550 12152 13749 9120 10496 3860 4278 14128 1780 7788 4809 4472 1168 4024 6250 3886 15908 9095 2202 18137 18778 14521 6284 12125 1328 17992 4751 19162 18570 17774 16985 5650 4830 3474 12113 11945 8530 7560 11834 10273 13755 2384 4736 5735 7651 2057 5038 12318 12542 14960 1968 192 3248 13109 19986 18820 9892 16466 15310 4852 5824 17623 9684 1747 14711 8943 840 15814 8106 1789 14999 4671 403 9632 8473 9004 16295 17384 17202 14100 13967 5363 1286 12631 8419 8932 18875 10673 17796 18715 2586 4338 15588 13463 19301 7235 8437 324 11892 8972 7223 9027 7607 17268 3275 15861 9423 11730 9176 11326 10664 7610 18642 6001 12893 7680 14237 9452 10294 9113 1696 13836 12836 188 8792 9727 913 918 10086 15528 9366 12334 13271 11980 18209 9001 6271 3973 9035 10210 17032 17833 3756 1415 9525 3880 18765 10332 8030 14379 4876 13774 17795 14901 1480 6914 1249 5365 17762 12488 8466 12706 3522 19113 13332 16462 16842 9260 16955 17077 9129 15270 19388 10171 12513 3183 2991 17403 11299 5996 7882 17320 3764 2458 2415 9197 2349 14325 19169 14586 13020 4500 6800 2558 6916 2356 5209 8293 1479 1048 9331 17731 17878 15779 704 9298 15361 7657 18726 18107 7593 638 17065 18641 7390 15565 11435 11552 3462 7696 331 11253 6165 655 17266 2900 6777 5473 14221 17272 17461 18377 11888 18520 17794 8291 637 6072 870 4087 6971 14047 3920 8148 9018 19416 14472 9900 11946 12474 11571 12823 19001 10613 18177 10885 17422 1509 15158 1185 6989 3728 18846 10540 523 17521 6381 4466 15525 1171 9415 17216 17590 18659 4164 301 9316 1257 1005 8512 10188 6215 19636 17925 16809 14303 18197 19947 6768 7229 2179 7074 11201 16419 2541 165 7044 4122 12791 19280 2713 930 14406 6219 6546 18103 11065 19435 665 2352 17619 15173 12741 3268 6053 11276 15123 3945 13383 8916 4438 16898 17022 6944 17302 2337 3186 5014 5235 8515 11433 4196 16969 14786 8749 4004 3008 5413 3677 7189 7735 9954 14762 11011 11876 863 9818 9769 7308 19544 19249 16941 18080 8062 3650 15322 3808 9826 5452 19101 16707 4777 15578 17927 80 3710 4267 16507 8888 2924 16084 11655 9228 9092 17860 15036 5663 2698 19032 5154 1892 2757 10671 15299 5872 7512 13553 8353 16034 2532 4436 10073 19779 6602 17166 1876 17659 9286 9218 842 2134 10714 14793 3879 1966 14381 9821 14082 15076 18645 11626 3849 7155 12662 6027 7850 9304 6333 1337 4396 11882 11269 13468 14232 8357 3963 18547 17153 4051 9310 8022 13265 6762 16911 831 11160 8431 4609 19901 9224 8661 10544 5335 18253 6664 13887 15765 15725 14165 907 4012 7703 9904 12480 18276 15741 6046 920 9611 18731 18623 5133 16138 16921 7557 20 7617 2480 18491 4826 17709 6628 6076 10856 19586 10006 19917 5387 18309 8178 7084 3913 1229 15006 18233 11427 4227 11141 11603 3623 5632 617 9269 11717 5800 12701 4919 1996 15165 9278 17563 17194 9604 3052 3572 5461 14513 6597 14722 1044 7129 7706 18037 6195 17851 6000 18795 19680 157 2959 13787 19507 18482 5466 6516 18278 7213 1202 18794 6974 18564 4462 19935 2092 10312 16655 17606 77 19789 1618 17303 551 10631 812 5178 18878 899 16322 6499 15252 7479 6984 19819 18984 15916 14636 7579 14330 728 16739 6407 8862 4174 15933 14926 10161 7338 5020 1469 2786 8786 17160 3981 15468 2192 772 11688 11152 4547 2418 18127 18304 13715 6805 9183 4230 4885 15518 13708 594 753 4578 1752 3515 16807 18120 9254 9535 6341 6651 1884 8806 5357 18320 18993 11431 19749 13584 10789 18669 7957 7714 7173 16191 18006 12 9170 10754 19807 2144 7565 14424 4715 7757 9670 19558 2184 4991 8240 2053 8736 1218 703 14834 15245 1078 15991 8956 2058 2644 13919 2048 12428 1475 15494 3969 6674 7115 7113 10082 7029 4799 14038 6064 9925 15500 14994 16171 956 7861 15590 3681 4743 4273 11369 15323 18839 12173 2643 18719 6115 17341 11858 17165 18806 19565 15414 15325 13645 242 19374 253 1097 16871 11576 10373 4987 1522 16661 7503 18490 9644 13664 4457 18655 474 1902 10973 3289 13786 10135 17578 12487 13264 1080 10502 6116 12894 6359 2332 12202 198 12478 15674 16540 19031 3047 16776 9440 17862 14259 144 19850 7018 15382 607 5080 8335 18485 18643 8235 3631 4934 413 19296 1314 1157 12455 4635 11205 14125 6853 10269 9017 16282 3701 2412 14040 8315 7751 12444 12512 7731 524 12612 249 10658 9567 15352 12881 13032 15149 12675 12332 580 8551 2247 5385 13064 19774 14899 15833 12793 18880 11511 19434 11515 12783 15792 18562 12147 7520 5897 5667 8112 13670 2981 17864 15947 19410 11246 7282 19474 4335 9502 8838 9400 546 8514 5679 1607 2640 3775 2327 8477 1227 14679 4556 4593 13703 10654 15869 10166 2895 9484 19044 19555 11094 6157 19406 6569 3440 11522 7317 7665 4241 948 17841 14612 7787 2490 18117 2861 11503 12348 9470 417 9737 17094 16023 8879 9580 16663 9340 18754 2147 15728 19870 11593 862 4865 535 13369 15296 589 17037 844 4560 3420 335 7426 19066 16734 10001 16028 5781 9996 12857 13554 6468 14846 14704 17228 669 14748 13443 5908 11317 8679 5912 10106 16781 7574 13808 872 4652 6484 17471 16886 16326 9556 4806 5414 16920 9206 2783 16178 7143 7641 8908 12919 184 1813 15694 14235 341 17657 1898 7724 434 2203 6889 19124 16694 17883 17130 14410 11370 4494 9816 15581 8607 17743 18181 5649 10659 4653 18065 16398 1393 15898 15780 857 4916 1366 15997 17086 4424 10187 15919 17680 7272 3126 129 16341 13858 16132 8676 7101 19319 12994 8567 2419 6037 3787 938 19663 7817 5659 11800 18134 12714 4568 1114 14656 8134 542 9158 220 13472 3727 12587 5087 3961 19203 17242 5448 17267 6349 4108 8275 14163 7383 12598 5698 5819 15750 8791 10246 11010 19573 11847 10050 17468 1239 4364 2438 19140 13319 19400 11613 17400 18650 138 8105 19315 14881 571 10851 5371 17842 7770 5021 18356 15427 19598 6644 7402 14037 13663 8796 19164 1895 2531 5342 18971 15240 18788 18212 3035 16667 6549 13602 13050 16301 10348 2338 11769 5420 2376 14288 990 18315 14739 12441 19092 1132 17767 196 2187 7727 1579 15318 12017 7087 14369 1572 7030 18748 15501 16318 13853 6724 347 12654 19089 14849 14570 11974 777 3533 9480 11392 11612 8935 706 5787 7872 17072 9413 7289 5081 5273 15774 2570 951 11784 5510 5927 19486 11164 19413 15340 4868 17558 19811 7031 714 7232 7652 2810 11228 6309 6887 19561 10643 74 18221 13026 17643 9728 2593 2957 14803 12923 19426 2431 7776 1636 8755 9961 12214 13874 15791 5159 4316 19630 13208 15989 11057 14196 18226 18559 5374 13071 15428 9454 10396 3914 1090 79 13732 12497 9661 12925 16374 11132 597 19334 14810 9405 14597 9614 9131 13655 14190 4408 17629 3067 16451 12684 3239 18858 19969 105 19295 17675 13945 13054 6840 651 7481 8427 18293 17981 2967 5237 8598 14978 2811 19005 17075 1461 18764 711 7217 10869 19966 3621 1754 14106 11628 17968 12569 9044 4 12981 7793 15437 7447 17436 421 17005 6465 2345 19931 15775 17475 2792 7797 1510 8944 19266 6397 9690 18056 554 10354 7299 4854 6311 3614 16500 982 2999 2946 3547 2602 16652 6220 3372 9898 12709 2014 17721 7468 8781 3975 14467 18923 422 3700 2545 13799 1190 14059 9652 19956 3532 8428 6793 12704 8927 2974 1950 10640 752 17088 12250 2560 4793 10813 4611 18666 6681 16840 1175 14051 1018 17174 11826 1889 8361 3254 1919 1396 13097 8873 16732 13962 7561 9068 1089 16329 1026 5870 7375 5194 3982 13203 4141 7485 3073 1774 11249 6561 6111 1086 11480 18455 13260 6929 9934 13415 3892 18275 11302 565 9851 16931 17111 8400 12616 9704 6427 5664 1936 14905 10895 2781 9066 15212 1518 8027 17036 7324 18513 14247 12931 7803 10758 3027 14525 12065 8970 15878 6736 19353 250 6485 2747 10267 5600 445 17474 10492 19932 3771 19904 5696 14454 11345 423 2841 16099 17957 11233 12301 10264 6380 7545 11917 13286 19739 5299 3576 12718 7856 12734 387 19846 14988 5701 18039 4784 5925 10201 42 18870 562 2369 15571 10763 10229 8018 13448 14795 19613 5840 14073 10945 13993 3788 17524 8323 504 2219 13129 6534 19443 13846 16094 3385 17499 10982 19452 1741 6043 19902 15095 10353 1668 5528 57 2733 3763 11746 12547 1763 9486 2289 5037 7960 15001 14452 13425 2652 17771 6228 19661 18888 3034 3548 14300 19460 6409 17717 9714 13718 6924 11456 13161 3656 268 16487 1611 17197 13281 2043 12517 4758 16416 2871 19418 15404 13746 3591 17255 19553 702 4960 5189 6959 14523 12148 16250 17575 17362 1478 177 7976 4998 2538 17366 10727 18015 10341 1549 1488 18359 4933 14415 8730 4093 8691 2837 17442 13552 9815 11432 16156 1465 19122 6633 11681 4455 848 4207 7328 13498 3530 18995 19579 12794 14841 13352 13122 6993 1555 10817 16328 828 7780 7036 18174 10319 6163 2980 18443 12643 12381 2561 4753 19097 3028 778 7264 15204 538 5583 1067 3582 13343 544 16270 16625 10395 3754 5884 14394 17742 2737 10414 13925 495 3371 11419 1843 15510 14807 13111 13934 12766 17548 7802 15319 2221 16367 3049 2234 16834 2224 940 18948 16476 14645 4973 8775 15456 3726 14996 5608 10761 1134 15786 16506 8541 1655 16150 15757 10450 5737 17098 2498 9401 12368 18258 3329 18955 14588 2703 500 8207 10067 2434 15008 11565 15085 1949 15184 12875 11702 150 375 18026 13501 5085 868 1388 16987 3247 8045 9834 4681 14098 5731 7278 7037 6447 11289 1853 4321 5500 8181 13791 2340 15879 11174 10428 7436 18928 47 219 6817 13015 3531 13995 9510 2612 17900 11398 12032 12107 8182 15089 2745 19787 10132 1113 13542 2119 10244 6439 6570 11817 19621 16561 3175 1963 15199 2411 8674 7071 6930 15760 10162 11473 13615 8967 6036 8526 3070 14540 19243 13081 19283 5795 15217 18419 2564 9030 4989 18303 370 17239 16360 15655 9859 2846 2639 8863 10461 5272 13085 6999 6738 17071 18856 17365 8498 16089 16826 4669 2799 11446 952 3500 7511 15346 3038 10952 8051 14298 12967 17462 10018 5977 17444 16423 12951 16258 15805 7943 6352 3986 15276 12952 15790 17090 6862 5102 12316 17982 5354 11588 5468 13812 1066 847 18793 17756 12253 490 11633 18606 3988 2787 18227 14278 9765 1623 6640 17854 459 17103 14782 3894 13592 1835 11778 4288 19822 10770 12839 6725 7386 869 10520 12969 13628 13769 11580 15224 9225 18981 16947 11843 11051 11386 11142 14139 18447 19656 17896 810 6264 1093 17984 19079 3859 6841 17221 14348 6428 16764 17881 6048 4807 1277 11950 10191 19180 3620 4433 13438 17201 17015 13647 13629 14384 3338 15396 10825 464 6559 9347 4026 17825 2830 4924 18698 14537 3062 3285 17889 6911 19153 16079 18628 4013 16664 11088 12576 16406 14242 6544 6083 12246 8064 6798 19742 15360 3755 2099 15367 1513 1794 9770 14876 11574 9749 383 2166 16778 1829 15845 12238 16522 9745 11543 18699 8631 16441 12252 18214 2451 5890 12046 16530 19007 13933 6130 14482 2963 7756 7682 17450 18752 18289 12071 13679 16549 701 9320 16786 6852 7972 1213 6960 16306 7297 14923 16700 11187 1342 1894 6846 12621 7259 5875 18583 15946 19254 18813 9722 14929 8044 12748 16285 7620 14212 13361 6698 14682 7401 7760 8735 4480 2440 17929 9938 7994 2979 17181 18001 2954 9729 16321 3854 3077 7133 3160 5853 8150 19226 13675 9062 10360 13724 8957 6256 6752 2536 7910 13254 889 16554 3206 3749 7062 7989 16742 2270 5401 10967 19635 10712 8606 8650 10289 13395 4172 591 7288 13619 2286 2052 18029 8766 5483 13131 10512 4894 14326 18229 3596 16574 13813 8808 4362 18909 3902 3446 2006 3150 18381 1138 8583 6909 1233 17749 203 9192 8804 5684 9210 14572 14984 14471 16435 19738 14340 15421 19312 3353 9448 2893 6919 12584 109 16069 13087 9229 2565 2942 1590 16723 19945 15807 12561 2193 13086 9852 1412 108 7088 5256 16873 19017 4679 6291 2331 7226 17512 8904 2437 12859 1464 11412 9522 3799 4776 17500 14407 19409 2056 3885 1664 2032 16986 16059 7147 16837 3058 1985 13449 6082 6972 10406 13966 14315 12119 4183 2499 6994 5988 2568 2654 11049 9813 11723 19148 7367 16852 3498 13979 104 9782 7818 19934 8002 9312 16936 14855 17799 2271 17602 8911 16206 6899 9474 1210 11824 2065 6643 15549 8818 10480 18190 11795 6598 19302 9056 3679 15520 17892 8745 13789 3189 18430 10619 6343 18201 3517 16978 10511 10964 17304 17650 4110 16556 7937 6371 2785 13840 11667 11375 977 9930 11675 8269 19306 18398 5469 5279 3135 3099 10355 12556 13671 18096 7406 18355 11408 17233 6536 992 8854 8706 11115 14543 6731 17678 4594 6747 11466 1288 18906 9457 6613 7516 7141 2012 12797 14827 451 18700 2960 3722 776 12667 15151 8475 6839 10112 6587 5130 16635 2929 17920 336 19609 4374 19436 15136 9719 12470 16410 1926 19209 9308 7849 7095 19134 1832 7409 15643 14403 12240 7467 17649 11501 9659 14487 12780 8635 7991 17987 6168 12678 18975 13304 12218 6391 12305 13687 9146 965 12760 11017 14350 10849 13707 1559 8572 15239 13030 16006 8984 18926 11193 10620 5867 19838 17777 5536 7664 11157 13023 19033 11640 18586 13891 36 15543 16976 5268 5816 6998 19628 8078 14633 257 1295 14470 6422 19229 7873 2468 14511 6404 19533 17996 8368 3569 9810 12813 4828 8489 7266 17779 5749 14702 8521 18572 5270 1043 7285 8299 13761 6566 2881 6503 16288 884 5136 763 8648 6921 15905 9650 17978 18714 958 1470 10684 13259 19926 7350 5336 7471 18964 15835 1183 7644 16164 194 5186 11934 5003 19665 6616 13093 9547 15529 19258 3324 3840 2421 15977 16668 6895 5993 18300 10265 15867 19706 2514 11615 13736 18691 16883 7445 16984 12831 10536 6034 795 10144 4819 16182 4906 10668 7488 852 9490 15975 14200 3396 18478 2725 8237 2107 19740 15053 16013 13856 16109 8892 10127 2109 10064 8581 5671 438 18615 2956 13101 13514 1831 892 9135 17971 11695 10212 7458 19965 15690 9279 12359 11976 14578 13643 6915 1495 19796 8490 7999 19619 17898 19710 12086 5311 3468 13268 7433 19362 16292 18108 9924 3805 19244 6782 13648 10920 2267 1130 2329 2920 15685 14884 1503 1054 6617 12477 4752 17357 3600 135 19106 13469 13843 16887 2578 2709 7077 15589 12583 16471 3956 470 15716 5794 7415 1517 272 6337 163 16188 1959 11390 14170 18567 5515 17644 10424 5642 11102 14614 17443 11342 11397 12731 10868 7136 10334 13691 6301 6522 19049 17509 7042 13841 18867 16962 16879 5059 11983 4449 3674 1019 11857 15297 8135 18139 15016 3083 389 14640 10470 14509 7843 15626 16858 13585 10129 6296 19245 16990 13711 14328 5670 2873 8688 13058 19184 15422 11143 2255 6982 8574 14804 13436 1639 6632 4995 19307 1014 8381 18321 6186 9787 8754 2784 4544 8385 18 17952 19498 11424 7718 1885 16488 6620 16242 5537 11529 14606 18036 15081 2029 7292 6086 12062 1133 16162 6655 15772 16332 1271 10279 10781 386 8438 7010 7483 12321 13341 4010 10976 12644 2389 4102 645 16687 16692 13310 6459 11058 17139 11527 9420 10971 2366 214 6287 18827 7039 779 18383 11031 17737 16460 18528 4535 4951 2401 10519 9623 19527 1335 11554 16226 17013 11566 15713 13303 19058 18337 11969 8090 11510 7378 10633 15748 881 15913 15834 1604 4988 10224 8790 10925 7366 68 7713 2802 11556 572 14514 6143 7486 14121 2502 17966 13396 12535 3882 4788 13151 11762 12050 12538 8398 1155 19277 9576 6563 2130 3870 13794 5089 5609 16567 9087 13734 15686 4878 12132 16412 19722 15372 12670 4473 12451 766 8523 4760 3943 7043 2292 604 16240 4095 4542 12372 1617 13261 2239 2740 4570 6222 6369 8479 5674 17988 10611 18848 5129 10905 3663 14629 10199 12191 19755 8636 15669 16933 10335 18348 8138 9145 13251 18050 2858 17933 18439 11095 8391 15491 15876 16823 3309 7897 19344 10690 99 12642 4590 19485 14945 9608 11239 15219 5764 12412 4497 3844 15915 12131 13024 1152 1147 5048 11450 5144 12553 11230 794 5547 121 17621 14501 19515 15293 11897 19733 7200 18890 145 12279 6420 14129 6362 15938 2353 19041 15193 12366 13579 7692 9643 6099 19290 16440 4447 7379 577 13406 13837 2850 15329 2306 5002 15141 4913 9111 11188 11293 9779 3260 9768 6893 12447 16765 17686 14815 525 14430 10390 9854 6313 2388 14204 13652 5956 16789 15856 16044 11331 11725 2313 2889 9462 11829 6509 4883 17879 7628 11592 405 13475 19419 15385 8962 12552 16420 19500 19480 7794 3736 7067 1194 18135 17433 521 16228 7806 8717 7633 8663 12949 19378 11042 274 374 7586 5411 6080 11799 14952 2887 19773 8225 9805 16469 15026 10315 15281 4148 9822 16284 14506 14986 4394 5836 17670 949 18473 5405 3881 11791 16411 10573 3026 3993 1334 8492 1971 8798 10010 6520 15460 17546 10557 20000 13969 6 17945 13624 10909 1958 5450 12975 789 9562 17113 13589 141 3484 4554 15339 1280 18808 16660 17337 4651 7514 9622 1987 18743 9103 8429 3367 7944 19292 19027 3412 15082 1989 14337 8380 1698 16857 15486 18268 7783 15371 6945 13965 368 16545 13371 19775 9083 430 5596 2760 19912 17651 8434 15811 15859 1123 15424 14928 12230 19716 13862 8697 9150 11525 18084 14270 18921 8660 2423 19064 18782 8314 2764 15611 19331 10933 14982 11279 16555 2436 5295 1143 10923 3983 82 15628 6323 6246 18622 18267 12459 7002 2452 12692 16049 19194 822 2741 14291 9533 12818 9554 3664 17227 11366 9515 13465 1866 8041 5582 19149 12519 14684 11460 2016 755 7448 15298 5334 2351 15254 9475 10252 8708 9498 5376 11569 13526 6040 12788 6289 18799 8883 18701 3855 6722 13123 3130 5725 7954 14836 16195 6579 12842 16477 7186 15055 898 17867 10862 17640 2542 5665 3816 8415 7109 19196 1347 16514 19179 2231 14356 8504 7733 2525 2767 16212 9785 7152 19688 3143 18939 4720 16283 10323 1584 17668 15668 14778 10575 6039 8531 10605 4864 9393 16116 9733 19202 18027 13961 2022 1167 17335 9327 13573 1139 8885 19647 15965 3416 11444 1418 6766 18896 16744 7822 2597 3912 8243 3180 18658 8176 9940 5110 10653 1236 7341 14433 7290 12635 1165 5891 3521 12010 11098 13276 4505 14137 18922 449 12725 16894 3759 9217 1573 2042 13138 19318 715 12696 3366 16480 12193 12924 11737 3182 6961 4569 2328 1567 17340 17822 1965 1869 7315 3890 14979 15415 10164 8511 12104 12887 313 385 7122 19095 15198 3745 1041 13924 19373 9649 3245 18023 11853 8874 19970 18561 11498 2730 6850 8387 7837 1385 2019 9376 10402 10977 16038 19679 16076 10213 10117 17096 7188 1991 18535 2209 17791 4256 7153 8127 17415 16015 8076 11866 19814 18616 1656 11363 14127 9318 15229 13980 10041 13710 6066 13981 19588 15017 7715 6005 14788 17525 13191 14816 13382 11895 1230 4237 1979 5462 12468 17414 5156 5668 600 18081 15225 3828 17765 15732 8407 6680 4403 6717 17584 264 6181 17955 1724 15163 19421 528 14671 13083 4126 15843 10370 1660 7670 1456 17755 2276 18892 16205 3406 1621 932 756 8204 9713 12604 16892 4214 4643 246 3298 9832 18965 15238 7026 10237 15901 16018 12022 15911 17417 9155 8267 15974 14120 2575 7642 12930 5992 1307 9506 3402 17238 11859 18629 11958 16450 252 15243 10309 1622 14955 3734 27 16177 11063 16726 5864 9015 17263 15192 14713 17815 4732 8618 11116 14862 18061 8266 8378 5402 10840 8603 19971 11533 6861 2931 5544 17198 4887 10531 6015 17847 7193 16198 8072 6101 3374 13851 1379 371 16481 18534 2816 5393 9707 6923 14715 2013 15693 4292 7484 2314 13538 491 7195 10013 3750 4661 12249 19658 7700 14250 6583 4306 17523 17203 16802 1580 17025 16370 685 6272 14785 12311 2188 4308 10321 11256 7562 4464 2880 5455 616 9117 19142 345 7424 19913 5383 2669 19394 11453 17536 8540 4058 11790 19074 1125 15682 17217 9929 553 6237 4465 19354 3455 15678 5551 8700 19569 11052 2749 17562 858 9179 18989 15570 9549 14272 18681 17916 10711 2005 17060 15223 2067 7860 4413 13557 14528 3812 16519 924 4084 16447 14255 17283 2023 13307 19171 18721 11219 4216 5226 12471 15099 235 17573 12482 15118 6567 2265 18046 12179 15819 4964 3436 16235 8788 12053 10247 7218 263 9509 4317 9817 9512 19071 11207 8776 19471 7446 6184 12665 8963 9132 18949 2131 16380 17598 3743 17480 4640 7247 5247 608 12980 19450 5070 15866 2899 4212 2030 16793 17891 6789 11304 19186 19930 8239 16604 7728 394 1441 7840 190 19382 7192 790 18032 846 419 5206 18821 6750 5315 647 15473 12234 12491 5810 14519 12219 10259 6057 16831 6603 7255 4089 12310 7326 12269 15492 5789 1662 14113 8905 10994 7058 19689 7063 15450 5920 7847 19206 19060 15127 5057 5958 8312 13437 12982 12256 901 5249 4204 6051 11091 3971 6024 2111 11176 13247 8677 1830 18688 284 19777 222 14818 15823 4519 143 14870 6574 10572 11284 17463 9378 2020 1654 19043 15024 18692 4376 1158 1416 13130 4303 9046 15624 11202 19175 13478 1583 17186 8546 6535 18446 6345 2711 12492 1626 1476 18500 19191 12392 18474 18685 15013 9861 1115 14835 15031 13452 11163 6205 10535 8528 15659 3642 16847 16281 14307 10401 2891 19968 14493 5813 10372 13974 12413 2636 3921 10365 12883 1826 8363 10637 402 1477 8399 5924 11322 8605 12534 10969 10728 6216 6180 12739 8561 10233 12903 10703 5540 1274 5242 3598 9061 7364 9342 18579 15094 13659 668 14338 13543 7693 15120 15174 3594 5914 12527 17307 7373 14888 13029 17757 1905 6584 16952 2819 16653 5823 9942 10562 2084 11639 12437 15877 13411 17485 1854 7998 6262 11540 18011 9369 10322 4944 10626 16359 11638 13903 3842 3341 8015 816 13150 19985 1506 3399 13810 8136 18401 2859 10704 17028 1554 2082 18340 8238 19098 10222 17632 16919 9127 10108 17683 9149 18539 9443 18492 16160 10192 8386 9085 8640 4302 9827 12396 19212 16479 7359 395 5879 5531 11654 954 5449 14821 2059 17492 5842 2520 877 17694 11040 3927 15420 5588 8189 3661 6018 10088 477 5579 14667 11195 10667 4730 10676 1068 11982 7661 2930 11932 7380 10957 7723 11518 9994 9919 12693 5845 16129 4673 11470 970 287 9478 10590 9922 12775 17053 1499 2590 10121 10974 2641 12929 6702 13221 14308 10553 6874 2865 5941 16485 11819 7395 18518 18003 4225 320 1070 4365 3102 18711 14097 191 7916 11532 1362 11388 8878 2844 10194 11159 3065 10708 3142 11177 10115 10645 14590 826 4280 5425 15144 359 2139 12629 18853 6300 14180 5291 7608 13986 11881 4626 9738 19594 4937 18978 3958 15937 19761 11214 11455 8614 15516 741 11041 16180 5997 18427 6582 4430 14857 8077 10411 3042 7789 10525 4146 1570 13932 15839 12286 9483 9881 7392 4006 19993 17058 1984 7303 15824 5094 4348 8757 11221 8672 10719 13906 5936 7216 19446 8229 3905 18986 16659 8537 10299 5257 18886 4398 10098 19399 4634 17018 7985 12379 2391 3724 10618 929 3134 10346 6671 10311 19984 4272 10019 12652 19529 1923 17051 8774 11300 4675 12458 6755 4293 10016 16752 10530 11290 10993 10094 13608 11783 7963 10449 12902 10118 16455 7694 10986 10423 3170 6908 8024 8165 11089 17142 10391 539 17681 13873 12309 7792 11960 19220 2400 15658 8928 13198 9928 2647 595 12505 4418 16584 16232 240 5919 15648 3007 3238 19682 1815 14753 14802 14547 19357 14282 4660 16644 330 18365 18582 5757 16371 8930 16796 1539 16230 13882 734 6978 8469 12124 14611 16571 9395 2018 19417 10457 18538 11032 3051 9043 15865 16472 5728 10436 13386 8423 19657 19087 18176 4678 15594 11361 5549 6365 13273 15314 14475 19285 19876 11353 4990 507 16052 10482 18324 12762 11835 11586 17193 4482 4421 10034 18475 7968 18417 5802 9432 8098 13476 8294 3485 13099 10083 5442 19439 14688 13989 8070 5673 5196 14208 9956 7128 13614 9136 11071 10906 2279 13404 8707 10632 4422 3363 9867 7978 13496 626 2128 7260 16315 19501 2273 14977 12694 8669 2342 4789 11078 1209 10779 2173 6405 13988 9050 4900 3785 2905 7907 13072 17345 19284 228 13175 19709 13999 9984 2470 3350 783 16409 7432 15840 16237 9627 10434 19648 15014 16327 15250 9289 3358 2683 545 12436 12754 9060 16641 15579 12745 19593 13963 13416 19883 11502 12165 1935 933 98 2950 8896 5739 7102 4001 19502 1369 9461 827 1880 16575 6557 14362 10815 5804 14324 13317 19587 3276 1694 17539 15213 2911 17577 1281 15407 13896 19568 19145 5220 10615 3319 18034 11755 12828 19141 17123 436 10357 18007 14581 11813 1793 10293 11227 6070 3979 11311 15701 644 18792 2210 9090 19188 8503 657 12296 3629 11175 15390 16373 14608 4285 16085 18734 9511 7105 11028 16189 15864 4708 12785 18997 10935 3608 19323 9686 8959 14304 17753 17845 7020 5412 2649 4759 7441 6292 10793 16219 3575 14484 11148 17528 9544 14201 16975 6751 5846 10481 9189 14695 4620 16339 13207 10648 9618 5155 2986 11767 17391 17519 13551 7003 11476 16944 18833 19681 14361 15159 15973 8471 17689 10666 13520 9555 1458 5833 5570 10330 14544 11841 18613 7064 16343 2103 16821 224 10892 19898 11043 4003 16449 15378 2249 1426 16269 11701 13337 19070 18617 8851 10792 5786 9694 3766 12841 11266 15078 14425 14689 7243 4576 2466 3847 6707 2718 14413 908 17200 5439 11139 14387 10532 13533 14758 11759 1345 9037 11966 2364 15380 19525 4617 18042 13748 6121 16356 6003 9568 15241 7176 2393 160 7640 16050 12186 9333 6902 14463 4860 13347 14011 12724 14951 9196 18590 4145 8196 14936 675 5983 17727 15401 11434 1180 16307 7345 12668 10558 1355 15126 3313 11653 6426 15619 18612 1746 4584 3449 7443 18614 6625 1237 6449 17178 12108 14026 6124 1577 6956 8848 9078 8993 5724 18630 2159 5489 3568 3573 1986 16421 3833 4540 8337 4699 2380 11147 10160 13817 12208 1846 178 15798 7368 2603 13821 3730 16413 6760 9167 10408 4358 1507 52 1148 14600 9715 6728 530 7210 3342 5049 10025 7296 1386 1644 9982 3271 2724 1842 11884 18828 15188 4474 18823 13725 10996 17311 12422 14754 5814 15625 1967 4415 17049 13513 11277 18869 18914 19948 16112 18736 11344 9036 18200 18741 19110 12293 7456 5754 7931 3079 13266 16958 12779 3862 18118 16880 14731 15960 9495 1642 1228 4780 18911 4534 14770 10394 14056 12406 13036 16355 14949 15663 658 15717 10651 18663 9842 18783 7647 17714 5740 4322 7453 731 3431 16648 3244 11334 14801 7434 6537 4591 1722 9467 9933 6462 14023 17703 19345 871 6605 7320 15263 15206 15550 9865 4471 9275 7851 7219 3100 7690 937 11836 693 14861 13240 14006 5164 18759 3959 9466 5071 2118 7813 16582 13550 19305 7829 9195 9501 16120 4930 378 16175 19214 12248 14014 15698 1468 11347 667 8264 5624 18775 16818 5903 900 9799 6442 16854 4853 11898 1563 4966 6656 2555 5108 2751 14692 2406 14025 11485 8996 16349 17457 7852 19559 14743 13194 13957 11589 3536 19651 2404 19892 17394 10737 13160 15563 13492 9759 8340 12069 16698 8612 8571 8877 10606 758 11607 18230 3578 14429 8414 7198 18283 17747 11346 17235 13176 10743 10695 13753 2422 14663 1930 6826 16805 19108 14367 14333 15788 14602 5720 16394 4192 11507 15808 11250 17125 8799 9873 7336 13162 15930 16622 11617 11002 15552 16032 8292 14209 15670 18020 4996 1244 7464 6146 8728 17941 7279 2769 7842 12258 7116 10610 18316 16017 13115 15801 11741 16127 12990 11486 6182 17601 7534 15513 14510 4688 5525 2753 14763 10675 8366 17192 17710 15583 5389 329 8351 19664 1910 4022 11548 4332 17685 19104 12239 10195 10918 2318 2645 13593 13224 13190 1810 16280 5785 14896 1630 12964 4770 14774 18095 9244 19571 926 11985 7634 14401 8732 4244 1661 14183 1438 10066 6214 16536 5980 13009 4458 3483 8678 9676 472 16430 4019 10722 12395 6073 5260 14985 11349 10216 9528 2750 10782 16325 4309 18465 1062 9709 11430 17069 11745 12183 18466 9657 12245 18395 13092 18563 15744 7744 97 12453 15290 9398 13601 8845 8251 4159 17351 16503 6626 5686 17453 15178 2308 8704 13159 1410 2501 17297 18237 7271 19440 154 14080 19013 9469 2298 7613 4558 10472 10847 15071 3125 15483 19646 19321 15676 13483 1727 19995 11981 2288 15538 4234 12495 9529 3212 1022 12267 16544 12849 4128 11823 5152 16603 16516 612 7660 2968 11837 4963 2656 1861 12171 14158 1970 3884 1184 11997 1511 4598 646 348 13379 7970 10661 9997 6060 8170 15025 10841 17323 5286 1063 14258 18920 11996 18138 15436 18336 9675 14402 13140 18310 6774 12904 411 15642 1948 15735 2069 3325 7605 8945 388 16832 19050 1060 11786 9882 1937 13100 10345 9109 17101 13350 10949 14910 14160 5865 5332 19781 6017 12934 10811 5261 9931 5622 2705 17517 13384 2746 12811 8890 7537 3907 19715 10879 11692 16963 19282 12117 8590 6780 17136 12866 13804 10549 13293 18290 7123 1729 10463 14027 12991 915 18030 16143 16346 7099 14346 17692 2535 7676 19960 7440 11900 6021 16214 7974 9306 1310 8783 14932 14339 3348 12746 2246 878 6224 9774 8327 13348 15828 12502 7291 14701 13689 13523 12647 8421 6925 18149 12699 5530 15934 18526 7630 3221 8897 1077 5493 19303 12118 9558 1782 7722 6913 7918 16909 17961 9760 3020 5944 15047 3761 3887 3055 7276 3009 15904 3370 2804 11989 17273 17647 14285 1198 15623 5068 1781 6854 17665 10760 8952 5762 6433 11415 7662 9789 16365 7083 10478 17944 16547 14142 4307 3865 17354 2072 18672 17789 7242 7055 14557 15469 13428 10081 18942 15945 11802 14814 6844 10858 18785 2756 14566 8396 10179 12020 18753 1839 17934 19231 2987 14609 9883 9299 3557 11401 15284 5463 2180 19475 16690 8065 167 11021 2367 10228 2325 3639 14055 17511 15926 8949 1928 16528 12523 12901 11636 7397 6437 8289 909 17128 3316 17658 10156 5603 8797 9255 11689 5638 4232 17287 12085 2360 8696 13199 9693 9009 6842 4343 15045 10529 10505 18917 6630 2473 6551 12568 8734 5346 4555 950 3528 16706 16209 2843 11166 12423 1308 16125 12397 10984 10306 18667 10864 19829 3467 8758 6495 15135 7614 10870 11197 10065 14076 7179 19990 849 6965 3056 19666 13300 15534 15168 11896 9172 3321 6611 18915 841 19167 12742 3699 10883 5205 12181 5399 12329 18243 4106 4823 18000 5839 12918 465 16118 14775 17729 16515 1207 14918 12570 6403 7538 1053 7316 19653 16305 6358 2719 11539 14941 13180 19815 13335 2874 10254 4262 18341 15679 9226 14408 8933 5375 260 14498 14965 15506 1487 2250 4787 3112 9838 9660 17633 6496 13103 18282 18252 9390 12005 4112 6763 9975 9843 5652 7743 4967 15696 18467 6280 2836 19729 4357 13201 8481 10689 16425 8054 19946 1960 25 10956 10780 18554 3364 17329 137 400 7554 6370 7821 11120 3837 3830 16579 8060 17690 4837 9946 2664 4353 735 6098 6411 16851 12910 11601 13381 14228 15848 2581 8741 18041 2613 4872 9579 18152 16267 2534 11251 10239 11943 8310 10276 13378 2624 3524 5561 13325 16314 1298 4709 10469 4287 13667 358 9215 18935 4847 4855 13144 8347 6338 3831 14205 19836 16009 8395 14838 8559 19046 4835 290 10382 7068 19887 2321 254 9016 18313 9999 14132 1137 13206 10304 16075 3476 4228 3586 2080 8508 6444 19629 4373 9080 8666 11605 14922 14732 11220 5887 14216 15874 17586 243 3190 7854 11967 7597 13421 19504 3109 15384 8033 11643 14489 18470 3304 12463 11059 8585 17428 17418 13008 8651 7892 13344 10453 576 19397 12354 9079 13200 6477 11907 19024 18730 7047 17810 6758 3185 11679 6025 2507 1676 1424 12851 7761 9703 14740 1446 14964 9776 11403 19349 15709 9459 4691 16613 8067 2177 9574 3698 8895 11428 3994 4178 3207 17610 19442 16353 15088 4016 28 2605 1541 12209 19690 8482 14755 8654 12795 1856 17083 18102 3437 8520 2662 7342 15629 11264 1515 3115 19746 912 12719 4514 9907 746 11240 17784 8881 17265 17868 7635 10054 10696 354 6790 9561 5150 15719 7876 11165 17594 19708 17467 7716 12425 18988 18484 2706 4144 15145 19599 12555 4402 13402 4275 10702 10943 3332 14845 16991 12821 12361 15143 3867 3686 12001 9487 15032 1300 3874 11885 18953 16000 7327 8866 14904 8496 13885 19029 17564 1561 9616 12663 8839 6342 18361 6366 5850 8529 17504 3550 5618 10491 3658 2912 11793 18016 11448 16357 13775 18279 5888 15267 2161 182 18024 7208 15410 15134 12897 13446 3649 1319 5369 4284 6910 3559 7381 4755 8228 15873 18954 7775 17279 6095 101 5858 15207 5232 16096 4749 3234 11610 15998 3010 4607 2488 2011 6298 10173 16251 11585 9606 9252 11936 140 18434 10427 18354 18660 11027 10000 439 18644 6331 15598 12464 4132 13859 14286 3473 10185 6941 14462 12090 10397 14118 15279 1704 17385 3549 3779 821 11716 18690 4685 851 4683 520 19627 12862 19642 3119 13855 14998 9012 3643 8093 6591 17420 1719 563 19851 14320 10938 304 1331 5959 16729 2316 8768 4639 17482 14894 15817 6334 5933 16264 12871 9754 10131 13574 8232 16168 11578 18413 17316 13537 5453 6578 3470 17289 817 18123 12838 14981 8465 12462 3208 3068 12262 8478 8097 19770 3666 2387 12103 12658 13096 6152 13048 6906 8014 16620 12872 820 10069 16070 19762 18021 7428 14756 12691 10221 12729 7705 8416 3509 350 7050 8855 17466 13132 12677 3317 1908 17848 9343 10591 16348 18686 14931 10053 12978 8035 2779 9139 1816 3704 3217 10995 17155 15072 13164 17638 10047 19364 8149 13829 7901 2882 8163 19065 9985 16249 19351 8210 10981 19801 18746 1887 2025 1391 8099 18452 9677 6245 11332 62 11387 19905 9235 15268 15885 10342 5775 11867 16364 18068 11909 174 12713 8183 18703 12473 4215 2686 4801 4874 15917 3934 774 16135 11559 4475 7912 6986 1040 7896 2176 1697 519 19672 15306 7572 2324 4107 17024 4467 15751 4081 1616 2595 19404 14388 15996 10110 17177 1482 11100 10543 48 10153 1325 9630 8773 8958 2789 7371 11747 8124 4619 15156 16248 7462 2710 5078 7595 10096 19560 16922 1330 3465 6410 11184 4654 13737 14101 2427 1309 5709 6388 11012 6104 16102 10012 12283 19884 9998 8539 10884 2441 5012 7148 8346 2492 15180 17258 6663 3850 6212 8946 3627 10699 475 8248 4261 10275 9045 14042 3490 17713 10298 12501 5951 14660 7845 6460 13507 13556 7012 13640 19499 13204 6030 15205 8082 4163 6282 19273 8457 8020 11068 15110 18386 3806 12363 8969 6679 6657 16673 4625 1431 5965 18668 16523 11854 206 12803 14969 9039 8737 16401 14747 12769 3201 15349 14856 18079 5748 10286 903 1750 19004 10821 9063 11194 1787 12732 7413 865 369 8367 5601 11062 4286 8256 16525 13738 16130 605 13848 14641 1315 14853 10642 8725 3006 9214 6240 13279 1166 15130 8193 8160 14060 1808 3284 18683 17962 3219 5629 9069 13539 12592 6514 15272 10314 13917 2688 15337 16331 2244 471 9870 5827 4410 5005 16862 11286 8990 17958 161 4158 12884 5062 1529 3843 8168 9905 8216 2362 1708 11922 16683 4993 16361 168 2397 14637 4313 18114 16595 10807 7908 5718 10159 11339 19776 16551 10363 4339 7463 12291 8085 2361 9237 11805 9691 2241 8847 12782 1452 5430 14287 5639 10583 11890 8995 8785 19271 1909 4305 15202 11732 15324 7025 19205 3256 6849 1272 13729 19414 582 17581 15511 17863 19707 5929 2596 15463 9551 5690 16100 457 14104 9388 1873 14392 1421 11713 19298 6199 9899 4706 14344 15987 15070 8542 4050 4448 14009 9527 5976 11637 6898 10381 18368 11374 4508 14533 2493 9094 16408 7671 16749 4896 632 997 3688 19433 19697 6530 8639 9165 1946 16767 684 13560 5974 14197 1822 18815 17306 16024 7884 13418 15651 17008 17886 3820 19055 3813 14826 19411 11411 9417 12297 16888 2194 10625 8245 3580 13867 15115 1015 1038 5274 5352 8158 19248 9546 3703 16616 13340 9970 15634 7741 1867 7076 2491 12518 9565 19010 15963 11083 14974 10504 1493 6489 10624 7092 17159 9000 11807 8286 13419 6032 13521 946 13811 19612 1922 12829 19062 10514 16714 5568 16557 13098 11680 16404 6094 11439 18776 8333 2008 12081 1635 1641 18727 10146 14622 4000 6355 11085 8444 12201 15124 10720 12945 1186 618 10839 6510 13226 941 2330 5460 989 6531 10701 5592 15345 15981 4911 19848 8011 9860 9262 7137 12255 13541 17699 11520 12680 1879 10954 19592 3479 4886 16208 19424 8474 5954 12712 6565 19332 671 866 5471 17432 15194 2036 3269 16010 16959 17419 574 4586 6525 7903 5300 5826 611 792 13089 4857 7539 5277 18817 7604 18757 7370 10581 2759 9802 2155 15370 10437 1915 13479 17100 19994 4869 739 13407 4147 17899 2521 17491 11090 19011 6011 18292 11500 14634 9702 15354 12938 7622 8470 5218 11609 15710 1289 13779 15327 2115 10091 8006 962 18069 17386 13547 17712 9064 9792 15687 2398 15875 9100 2598 15474 10972 18651 6183 1445 19189 6267 5967 5658 4841 7134 12390 12128 13630 7454 12802 12251 16268 9322 6160 4982 7182 11903 19927 19769 8356 10444 11451 18043 1047 128 1261 1343 12532 4769 16833 5501 16354 17284 2680 14878 8175 17331 1709 5982 14831 15724 2196 583 6690 15147 13820 7890 16407 1578 7956 740 4127 12213 16775 12454 15740 12524 14643 659 10947 6614 5854 2347 8305 6474 6218 18451 15466 7820 13936 6419 12021 13844 2898 4608 16239 2471 14720 16735 5962 18057 11808 3947 17131 1071 18155 5900 6305 18907 13956 6907 18932 6387 7349 5312 10829 18059 11183 3413 13082 16614 18054 17639 18066 5519 7181 1673 19130 14864 15375 3015 4932 11324 15523 8494 13683 8976 15564 10936 13636 19379 11914 16317 11516 14942 5878 14176 4892 9591 16245 14790 15413 13978 6482 10914 6225 17479 1473 17963 9185 2833 15636 1615 12740 10537 4778 17907 964 3940 19152 10282 14010 9086 12227 2777 14443 13598 14789 16691 3525 19086 6555 15457 10409 2447 11972 9359 11544 16039 12646 7866 8114 399 5532 18678 14441 2373 10140 14360 14819 11015 19853 7740 6134 980 15591 6314 10403 4571 10574 8563 6441 8869 8117 16811 14638 19468 17262 4176 6382 11908 13674 9108 18847 16424 5381 986 1864 17469 19462 13730 17637 3845 4188 15167 17870 2832 13949 7677 14526 7089 1647 9355 5095 2268 971 19909 12943 4491 1467 3682 3092 3442 4733 757 5607 1688 12620 7033 17208 227 5053 3213 12563 16490 9110 2390 18483 6501 6548 13985 8670 18353 8827 6726 17097 5822 18306 14603 6654 9524 10072 10099 7476 7057 10193 14719 11534 1569 19959 17318 19392 6069 17960 18099 12292 1514 16912 14624 13235 12845 2185 2524 9028 16654 17229 13322 6253 2842 18384 19820 975 4724 9137 2334 9569 15582 3046 15654 16559 14791 12353 12942 17019 7828 7145 19865 12674 12536 180 17276 1929 5815 17949 8447 2396 13287 18702 12801 8807 11814 14646 12763 17894 8759 8977 12141 10141 10698 6732 14257 12094 18327 8750 17979 5113 3904 19756 16853 14486 19278 18735 14485 15162 3505 8217 1263 3209 13077 16716 13900 13623 13948 15446 1906 19165 10446 14580 12089 15889 4908 8132 9438 7348 4702 19063 8452 14093 18270 17222 16552 8374 676 12097 8279 5377 12908 7637 4575 7027 1126 2402 7734 19600 1322 13397 7157 2229 5163 19030 8491 10009 18433 18040 13881 15912 19294 19381 11550 9895 6071 16502 8130 15403 19076 18958 14696 17231 133 15350 2791 4143 3857 5323 7536 19358 18332 7382 1897 8690 15749 18319 11262 7977 13367 18768 13165 6920 7028 3014 14989 7927 11492 2717 1242 6524 19790 13491 14880 17109 14234 10435 15203 11208 8608 16405 19093 14891 12814 18438 19728 10960 17985 16389 8212 10647 8925 1383 4638 11488 9689 3227 4160 1235 2304 8103 2208 10832 19347 6765 7771 8747 130 4246 18619 3132 1031 3648 10174 17143 9664 18460 17816 8658 4170 17535 13049 6528 13996 5444 8662 17502 7518 1525 6103 15951 19412 622 8021 17441 14153 3565 11928 18525 5645 2100 18558 2026 5817 6858 11391 10812 8057 14529 4940 749 3856 9735 9897 12864 3411 5067 11235 3110 7782 17156 2114 6527 10545 11308 2168 3846 9884 15353 19537 569 19241 12786 19195 10260 13037 18477 6879 6133 15560 16757 11356 11911 19366 16845 2915 14746 11861 14481 13007 13230 6432 13420 6317 17236 18072 19429 8334 2017 2635 11325 10495 19384 15646 12380 11003 9429 11706 19139 1112 17761 5351 5654 7121 13349 5612 13577 16527 8194 3719 13034 7691 10852 1550 2454 13157 6312 17425 5676 19012 11111 12700 12755 3152 13202 18830 5753 1173 11073 19218 285 9465 15820 5761 8980 10948 787 4905 14662 16618 5874 12511 5986 8887 2097 17356 3147 15021 15566 18725 17172 6515 4368 5597 15418 7013 9270 3113 12358 19473 8394 11254 11961 18481 9573 14052 1670 13778 17346 7626 10356 6217 11865 11464 1103 2251 4603 10617 16699 16105 18883 4888 19235 19181 8446 3295 1943 4039 15992 15600 9033 8013 13306 9162 17451 19253 8358 3543 7742 3965 11243 6647 11129 12077 3635 7221 560 18901 7679 18052 6641 12337 1234 5428 460 9725 18335 12259 7841 11038 12212 4133 11944 4384 3223 12824 3098 8177 3356 3154 19844 3609 12019 15703 1606 10002 6085 6233 8355 1149 16271 9935 4440 13127 15799 15736 19467 3774 16588 4406 19879 13285 1127 8841 9950 8104 3512 15921 14733 14305 6466 19654 14397 8809 17725 18018 17219 15844 1082 19873 6649 19806 17074 533 5685 1096 5790 3394 11995 8379 5356 4162 16505 6687 17195 6319 269 1715 19187 16606 2684 17739 16086 15059 13119 3838 2485 15605 19834 2687 15677 12122 8937 1628 18884 2796 5098 19585 3577 17048 6721 10953 11519 12149 17527 7719 6192 1243 7749 10368 5454 6837 10007 15495 3746 11491 17875 9371 3962 466 10867 11757 11618 15079 19155 1050 876 17269 15675 4094 6234 3187 6306 11925 4936 17481 8568 4546 19660 17152 7132 3216 124 13525 7611 5457 6268 13186 10248 14561 13466 13527 1095 7600 16611 1376 1046 4689 3898 3337 3692 12798 4359 14993 9295 17801 15569 12079 248 1045 19617 6872 11025 1648 5115 18374 17560 16869 4088 6458 1713 12054 2079 1269 14668 5358 19495 5123 16319 14349 11135 14596 1920 531 4077 6521 7720 11429 8974 6745 17052 8164 12792 5233 7017 1527 1318 14117 17583 10670 16580 7460 14400 2761 9248 1633 4181 17121 1575 6315 13277 19942 3931 14123 16678 1645 17382 7785 10669 8023 9007 3199 4250 2482 10600 11260 279 13456 4713 9517 4371 4009 5562 5691 11181 16688 725 2215 5693 11919 11738 8316 2510 7831 15187 15971 9352 13124 8903 17646 815 17802 14728 2102 5170 1872 13696 3133 10203 18611 11312 1883 409 19589 17050 12419 15764 2037 15822 17312 19845 267 14194 8857 11006 8094 176 7504 2903 2047 16316 14898 9634 9572 9072 6088 2003 13387 6118 15697 718 2046 567 16261 16884 17212 11061 1353 12356 843 15910 11893 14389 452 10383 1083 14207 7632 6047 12340 16539 12615 12879 9863 9098 8108 7550 5922 12443 1225 65 14108 8272 9507 8109 10225 21 8983 18550 10175 9550 11722 17672 5712 9780 7870 6802 1666 1875 5294 642 16733 5344 1336 14966 9559 8801 18717 19387 14029 5001 902 11549 11237 64 14264 18067 1614 18115 14181 7273 14031 12308 5481 4236 12544 14916 11225 12467 5916 3011 6646 13607 4798 11832 13454 16299 18728 1110 14033 6353 15505 6900 12995 6092 15221 33 15362 7928 16669 13971 15949 8059 17910 9337 2081 19427 1812 3495 13609 4817 17566 14226 12558 398 10818 19156 3481 10498 16586 19069 7898 6203 14946 2169 10598 14193 18789 18982 18509 12648 5738 9402 5950 416 11531 5778 13486 19977 1268 10230 14882 5617 7008 14310 12427 10901 17954 1374 10827 17308 19763 18376 19178 13660 3423 19469 11887 13845 7804 17248 19830 18838 15477 9545 11128 8389 14102 10853 17066 17348 6773 12442 13474 12323 2106 12398 7748 11670 13197 17748 9732 17914 17377 6498 7725 16810 4428 16428 14311 4779 4511 6958 919 17783 4968 19916 3815 13751 7827 7206 17569 8991 8997 6357 3019 19972 2800 15607 17483 14398 13938 6813 16437 3836 17309 13263 9160 16468 11622 19219 4068 11314 4858 60 4111 910 7721 19257 19596 15365 15004 66 19260 16564 6615 635 6792 14508 3144 11912 1099 736 8968 10243 9406 6229 1109 10038 1205 10030 15496 11535 6665 12418 16486 13616 1392 5161 14592 13894 12469 12156 11212 13485 9833 18580 6954 14202 1161 12180 12169 4954 9740 14959 19288 14084 15708 6316 14672 1176 15700 3093 2692 15251 1009 8271 4893 17339 2174 8179 3390 7171 12126 8616 13031 15228 7685 10364 15467 7875 14595 8906 19176 13353 11185 17861 16737 18569 15423 14833 6770 6573 15742 1004 8349 3597 5275 2829 14491 9830 15049 18633 11962 14628 9953 14661 6463 7475 6518 19730 925 10503 15009 13324 7090 15688 19444 12024 12146 18972 6678 4548 18587 9362 14792 13380 18797 17496 15197 5284 396 3388 7865 6706 6970 922 14383 785 16011 8918 18454 18634 7588 9241 17906 9855 17926 19673 7935 7312 1177 12521 18933 5292 16496 1032 16165 19144 11030 8628 8812 3583 14173 18035 1368 1264 3252 6689 11648 10070 19695 2182 19885 283 2928 660 17122 6951 12834 2813 17364 2964 2164 17162 93 11288 17091 17618 12907 6783 12170 7220 16461 6883 17674 11505 16711 3660 11169 18694 4434 10268 2907 5297 19085 5440 3210 3747 6623 18818 6606 5308 15809 9034 16152 923 2127 17055 9403 9655 10762 16672 8227 14041 696 8080 5626 3090 9841 6438 19782 11465 17522 1370 1302 3211 7022 14726 10380 1453 10014 11204 8562 17947 7543 8331 16924 16695 18945 19135 11172 6682 11471 15109 12954 18405 13038 8719 16642 8505 85 7177 4686 19341 3280 5006 5542 695 2382 3048 6772 16352 2216 13803 1848 14268 4921 17039 13868 12039 5288 18605 2027 7114 512 18855 3029 1419 3101 5734 8171 15087 9479 18610 9605 16478 1737 18173 939 13331 7332 10430 6953 14598 12407 8352 7174 15435 4276 14550 16771 16600 11916 2509 3022 18777 17184 8147 2428 2472 18599 5770 4797 14751 3868 8145 5868 18716 14666 237 1423 7325 2007 14370 6251 9503 1602 4318 1357 17693 14343 11842 19700 384 17653 8313 19228 18062 19075 3169 11162 6979 4622 11649 8188 14812 14676 12154 4545 5604 19967 8226 12947 7535 4859 4881 6006 18819 16935 1524 8476 16839 14717 3136 16977 9309 15274 11280 17247 14745 7298 5004 1720 13953 16520 6985 7275 10075 13646 15813 18148 5863 7369 6814 1858 17146 2222 6867 6983 18840 4247 18767 19564 440 12446 15953 12034 2627 4820 16576 11124 11307 8186 17785 1417 9191 2487 5322 13600 15503 4914 4983 16772 14185 2377 210 15113 5366 8084 6270 13571 12385 3510 15304 12551 13073 4005 16806 7772 8652 18770 2195 5732 2868 12960 15769 1248 1576 5512 15266 12572 917 4007 8718 17389 19236 9620 2285 1266 8780 16103 4832 12600 7207 17953 18540 1390 393 9285 18591 6141 1544 16816 5345 639 15976 10181 10251 10128 13291 17370 16875 13564 6703 9682 5513 18141 11007 15609 4931 11035 3001 18635 4910 12174 9200 12270 6318 11948 19099 4071 15440 17319 2995 18407 13886 6472 18514 3954 19824 17909 5285 11777 11294 3095 16592 10417 732 16589 9203 16798 8031 16650 14112 16446 19602 13330 119 2494 17449 19396 7923 9726 16794 6372 7126 15260 5710 5560 8828 15312 7205 3438 3570 11472 1187 2 19088 11418 3361 19552 13849 14530 16020 10846 7997 2346 9211 10570 6281 12973 724 19626 333 9234 1851 103 16558 17724 427 4595 6418 18074 17110 10663 12835 4735 7135 4795 12997 3926 18733 9786 2320 6710 6653 16800 3929 1882 8986 18444 15451 10692 17440 6825 19714 4387 2702 19200 19276 16452 13783 17726 13702 18544 621 15714 481 16949 3602 8653 5943 1904 16126 5116 3404 10452 17488 1652 13770 3080 18626 9598 3518 14675 1834 17510 207 16951 14239 3768 17456 18516 1208 9209 3149 15922 6810 7142 12098 69 17820 2576 5125 2856 12083 7330 1849 8501 2973 8254 1995 6166 14192 1141 10693 11664 13983 11952 18556 3434 6176 9442 1745 16210 17141 12072 4131 9272 14983 18511 1197 12138 420 10032 37 1508 5677 7065 19645 3410 6129 14962 12562 10589 8556 19487 13016 19090 4850 10738 8246 15368 12150 13922 9663 5407 17596 18505 17434 18393 11013 5244 2857 6327 17334 13506 1791 14877 16253 1534 12452 14706 14551 6756 8042 2693 10336 5306 9451 8710 18410 1732 10552 12681 291 17508 12445 4630 4536 15920 13676 18232 13461 14191 1013 9671 13155 13970 12548 13294 8139 5325 10202 8610 9353 11192 942 3141 6448 17112 16302 4388 75 10474 12123 10119 8028 18163 16512 12357 4836 11145 19150 16358 12840 12378 16489 6022 11153 3328 14546 9239 18925 9944 16681 2894 8961 15146 8621 15476 4361 18182 126 11803 7839 9603 2886 15851 13634 16718 13342 2479 13173 18585 6864 4574 13002 9011 5680 3044 9619 9752 18994 15532 12873 1220 17213 10524 4064 10426 493 205 5302 579 4920 8617 19223 3005 5207 14007 16815 15595 13878 9105 8695 15978 18602 1678 4157 6847 12465 16980 7347 7306 7040 4336 4346 5700 1037 8659 12030 19342 15502 1449 15982 4135 4152 9156 10649 11931 3315 11310 9243 18977 813 14061 11703 10805 15153 12508 14067 5282 13500 14088 113 7653 11097 14651 15275 89 14690 13113 16194 4727 2955 13713 7922 16680 4383 13931 4052 18862 18957 7268 13621 7041 8726 5238 1568 12222 15400 7419 11379 15826 16463 14251 7249 11409 14764 11818 13133 9067 19975 8000 18247 1172 9025 13409 10407 17401 708 13351 6171 18098 5192 7408 1010 18476 13918 18849 17609 7946 10859 482 5052 13003 3274 17378 19441 8982 7704 3546 742 5930 16244 5321 8934 17513 11677 8811 1122 17655 12232 13292 3618 17180 2140 587 8296 14545 13153 8268 17835 2333 355 13042 14794 7598 1159 6230 1002 15220 705 6708 6461 13193 18877 8157 10577 7919 17073 9323 19943 13673 9814 3748 14954 14987 13916 14642 3708 4231 9783 15214 4510 19551 16937 2295 1738 16336 9679 14610 15411 16518 2557 17409 5998 14004 19798 14077 14149 19112 2039 5987 55 19314 17398 9456 18468 4763 8849 14584 17296 10725 6139 9097 17773 19582 17736 5848 17855 17529 19861 17593 14013 14564 15377 13870 10602 3588 11000 3645 5899 16344 4506 13410 11524 653 15712 3382 6830 8965 3711 16590 2414 4596 4810 7525 9361 14980 12878 14681 19668 4985 9315 17850 2481 3957 17666 18665 15027 3739 1649 17325 12912 15328 7729 16808 10026 10458 8192 17956 9059 9213 13784 10877 10029 2217 12299 13740 2076 16982 4552 7162 15054 17804 5044 19854 19675 15924 17776 11238 13572 14412 13591 5829 8128 7236 9317 6392 4861 7886 8872 151 5733 1440 16970 1973 19523 4377 9042 14045 2897 11606 6931 16083 11022 6307 2982 6523 1927 14837 5313 503 16950 3178 1216 3246 7959 14699 7199 366 4441 15023 8566 13172 10563 10706 11338 13184 18689 16915 18075 19526 2526 19547 3419 363 9174 2699 3352 650 11845 16387 3181 2200 7844 15060 2552 259 960 14532 76 15852 10055 18740 4935 12602 15067 6828 2919 18609 1471 4036 19929 8910 18238 9471 213 19482 9518 5820 19864 7621 7645 5841 19575 10011 10510 11978 13536 5606 6771 15964 13366 13192 1526 7346 12231 13697 13170 16907 17001 8153 6618 10292 16140 8190 11694 18159 14552 10479 1466 5193 18524 13534 3869 8981 5435 11371 14066 5880 4048 12265 2992 18574 770 13394 15592 14021 5647 16597 17396 19759 14750 1792 7274 16510 17393 4444 5482 13569 16812 18142 9256 7079 1535 14267 17328 12127 13427 13444 8727 15806 2940 10262 1373 14474 3964 1650 1772 5175 6672 14652 8375 12804 11712 13907 11291 9955 3232 10838 10154 14336 6863 17107 14182 4527 18697 17405 19958 16758 15341 4502 19580 13610 7161 2655 6753 8513 17880 3432 16313 5672 1625 9138 2068 15959 4712 9472 6350 686 19204 12720 18947 17243 17250 1620 16773 18215 10477 18073 5743 9688 10351 153 4395 15818 10379 13457 18223 9825 9053 16730 9481 18657 17722 5889 11598 1911 4119 2293 7496 1395 5033 3357 8484 2339 15557 15956 5045 14948 2089 14573 15316 5436 6328 13405 13346 12400 13487 9972 13001 15891 299 4072 18082 7687 12728 16891 8557 17930 18868 6395 5010 18431 6042 7667 4209 14840 17542 10621 2720 14565 16704 9427 9334 16820 12228 18769 4446 17164 2190 1796 19936 7811 8046 10785 10857 3738 18367 5527 13389 15186 11751 19386 6188 1852 19115 15122 9848 9845 6158 13158 10894 10455 10735 4385 9187 14497 15702 6662 15434 2917 7507 13503 6108 10076 6869 488 2790 5046 6277 3373 1893 8664 18960 4045 16458 13477 3188 12166 4389 7073 17839 601 13852 13497 5953 13864 4890 5124 18241 10090 12011 7492 2934 16065 2600 12832 943 547 19821 15040 10521 6733 2943 11106 10231 15417 1658 6207 6470 8646 5484 8034 1215 5882 1863 4269 7240 87 16484 1914 7583 11537 6513 7009 14502 11984 19310 100 12767 4031 10555 19920 15481 17526 13992 15776 9669 1251 5472 9026 1131 15190 17553 356 4592 9531 8445 12284 5746 5931 17038 13872 18640 9831 15767 11 15656 12565 147 175 11034 3625 7196 11781 412 11558 6278 4980 10678 1305 7262 2343 6677 8894 5353 15249 11871 6660 9437 2815 18019 5216 5633 4092 2780 9303 5305 7689 7986 15995 6276 16082 18421 2021 9764 5970 11999 16755 7777 6590 5051 2952 216 12058 17897 18625 15680 16577 3737 6639 11785 2866 8803 10747 5181 10568 10509 4488 16131 15842 3740 1437 1179 625 10189 4515 16578 15258 7798 10734 19198 11726 11794 7895 7745 13356 18351 13057 4114 648 6991 18637 8055 349 1548 16255 4773 14449 8673 18755 19056 2947 10392 18426 6688 9122 3662 12848 15929 18005 10607 9584 2988 14351 9422 18601 5705 18980 17454 16229 2831 17210 2892 7238 18762 8151 2063 1742 7470 12594 5227 10484 10788 16176 19133 11663 14919 16961 6519 1778 15470 12649 9949 8535 9505 13548 15033 18249 18577 10475 8815 3672 10209 13274 11452 9730 1637 7563 2766 15121 14912 19127 18871 16119 2354 5208 9685 588 18966 11352 16521 6506 15941 15287 10951 11582 2694 3444 18220 8231 12774 5895 9144 17310 16081 14274 7941 3066 18219 8978 18675 9070 3335 15119 7014 2758 7258 19516 3628 5151 1519 17277 3177 1818 928 16054 2659 17691 4150 4636 17617 6385 2319 9578 17826 1705 6543 5752 12383 13822 5847 1988 2457 5388 2299 12049 9778 8641 16804 11990 6378 19855 809 10834 3303 2024 7973 10431 9365 7151 7914 9173 5644 17292 15800 16376 11481 664 18425 14030 10638 59 19933 4175 11856 16553 7732 5939 8174 3409 1222 12367 18578 11016 8325 6016 9758 2284 6588 12346 9986 11092 8630 16443 10084 7666 16101 13880 15235 3452 2822 10878 15358 12641 18568 5666 17244 1160 3899 7858 10111 18153 1294 16491 3159 8198 11213 17972 10771 4091 8609 13622 6035 15705 3286 11189 2855 12025 15969 1847 17349 7034 2172 5535 16930 5093 1521 1057 10791 14386 15918 3567 446 19131 15475 14411 16829 11727 7548 3938 12216 9463 19754 9965 8317 15068 5240 18350 14152 14260 5660 16183 18646 12116 19368 19678 14536 6346 17317 16662 11862 7881 5894 15369 10 17582 18927 12304 9003 5330 4399 1939 2676 3486 4195 1365 8941 19955 8830 2420 7527 15196 17209 4567 11200 8779 10604 13832 19603 6629 14018 10881 5416 5251 17431 11686 14924 6415 4008 18533 15761 13510 3417 8534 18129 12989 8402 13311 4153 3893 8309 3653 18744 5359 8499 5631 14109 9240 1788 5688 309 15458 19692 12773 4984 6650 14314 14769 19897 2460 12298 4030 17246 19048 12611 19372 14995 2563 5844 17759 12204 11820 3224 16279 12515 4981 12339 3165 5199 5771 16215 12403 19304 12322 4431 6155 18211 10277 1734 19322 15608 12110 7184 17445 9409 3072 4220 305 18488 4042 5745 3204 15958 146 10650 5656 7708 7362 4417 1367 17827 19783 15256 2028 12896 14913 19804 2253 15080 7185 4509 15179 19026 12716 8329 14199 15073 16142 5750 9273 7736 15191 15364 15041 552 18910 984 12771 322 11848 5581 10801 1601 10569 5348 19745 19832 11445 15255 11123 12225 8205 17368 17399 17622 15399 5264 12105 11951 1182 1560 12449 8111 1619 19827 1016 16427 18679 15831 14445 9800 7939 19938 2734 8458 9977 19718 12599 18416 29 15970 12895 282 19082 7940 16064 16492 3781 3151 8971 6425 9096 17843 5476 14665 5529 16550 18900 4450 6781 1354 16 10961 15155 3240 13875 994 10797 15673 7477 16713 10087 17189 14787 7945 15535 7925 12163 830 7590 14883 2034 8860 16533 18676 63 19674 3458 6265 12416 16136 15540 1017 13728 19061 656 13638 11630 19843 15305 12676 7904 11055 2966 2098 8667 14599 6943 7549 14500 3425 9201 2715 744 10588 15128 16025 3074 16166 570 11182 12810 10937 5578 10890 18464 683 2763 3379 19508 17838 2242 10274 10768 6769 14777 16224 3909 6132 18302 17538 4521 18979 5784 19910 6727 10059 13568 15846 2357 16509 15066 1174 3386 6090 14585 2697 13785 15610 16905 1462 2156 19018 5995 9489 19521 4053 8250 14168 19297 12277 6325 11789 13958 16925 19604 19662 6601 967 14087 8259 15794 16303 1855 11894 12601 6138 17733 14086 2589 7585 8336 15990 8564 1489 9282 19808 3752 12260 1254 5756 13243 19232 2148 6962 19605 19393 10919 2126 310 14805 18382 8364 19147 4197 7156 4972 558 3114 9360 11567 16087 10913 19039 12285 3021 13946 13375 14890 12636 8687 9414 4631 9411 15652 17169 18536 5518 14721 586 8626 7800 12830 15074 18406 19333 1406 7546 19371 8203 6831 9587 6675 6638 3387 12776 6835 10865 6922 14421 13921 19839 13480 10035 19116 10182 5180 19566 9410 2824 16137 11568 18854 18814 13991 14630 2459 8075 9319 19922 10137 10124 8685 13323 3301 13229 12144 17144 9530 9102 15862 18471 11530 15783 2619 6990 10350 5837 8265 3220 5023 15498 8113 15539 11258 1553 17993 19 19951 11662 18260 5142 9798 14114 3195 11557 17537 4211 18956 1969 16345 19889 10677 12424 4366 737 14567 18560 11282 9450 1073 17859 71 18507 5191 1739 17636 4612 4116 2117 2983 9232 11874 2198 18790 7450 10928 2938 10300 19767 3903 13511 7905 17045 5106 15406 9473 14854 14771 15102 18208 4168 7021 2297 5035 18187 14000 16123 1687 643 4891 2341 13842 5494 365 18265 18044 3908 15559 7765 14650 14937 11420 7357 1306 14697 4729 6258 9048 18879 6058 13633 17882 9332 6554 18183 4416 326 9126 7737 13239 3398 15944 14460 15332 12953 5111 13792 17079 19422 613 14515 18428 11657 17887 7465 2611 5989 15627 2776 11971 7879 13517 2579 5498 18962 14455 15383 11191 19403 13495 10764 2322 13576 8868 372 10533 7625 9678 1120 12221 17168 11268 14555 1245 11801 13739 17515 14914 9301 5134 7391 12614 15530 19489 8852 18160 11440 5792 10623 1411 7314 7834 9696 2096 16369 3690 19989 11018 16036 578 1349 7747 10507 11482 10992 7167 12306 14214 19623 429 17800 19574 16906 16190 19170 2932 5391 10287 11497 18707 9267 14655 4682 19136 6029 11393 125 15069 590 4356 5901 9536 3104 7497 2708 3989 9154 17285 13611 1562 7618 19826 6560 6335 4775 1612 11992 4248 2864 15283 4439 4484 18242 4029 17555 7750 11536 2728 19622 4747 18864 9699 8902 1408 4459 19611 19953 1924 1491 17369 11975 9499 5955 6892 12028 16298 8038 4304 1744 14808 11816 3735 3545 7983 14265 14619 976 10441 7394 11383 15706 10256 16753 5464 16392 3916 13010 15242 4523 2269 4664 2120 16422 7339 4409 3767 15812 9978 3617 6491 9581 18333 2489 18189 10439 18930 13651 5613 4171 1378 16565 5121 12031 6054 5699 11611 5474 5574 3599 10285 16846 18919 11906 17696 18913 16223 11477 8252 17516 1674 16685 12015 5122 3445 19633 16114 11855 12685 13532 5935 19896 18791 12056 8439 18045 9941 14399 3327 4656 8577 19129 8156 45 10113 17507 4975 12052 12226 1323 15137 12697 2282 13217 6631 14822 9526 9055 10774 10421 16097 14893 13935 12243 1807 9646 9853 4151 14714 6596 9835 9311 7506 10766 10776 18779 18168 12503 5851 995 6572 3322 19237 18085 8681 5966 9957 18924 692 2834 14012 273 2050 17261 14050 9494 6273 14225 9966 17132 4477 5017 17746 13385 11872 750 1786 7138 5398 3359 11775 17271 5849 6670 16375 338 13714 11127 8200 15313 10799 15572 9221 13392 10672 10339 19531 2000 14062 19281 6851 14970 13393 8901 9747 12197 7277 13720 14520 7154 9112 16633 13879 18652 13248 17788 14635 4226 4257 1945 12172 13062 555 19858 166 16415 7764 2375 9024 1956 2735 17021 19764 16908 14939 8365 2969 14064 9755 17588 19000 7170 17567 132 18647 19539 202 9216 8343 9973 11910 9948 14687 1679 17383 499 4999 12944 6179 2407 1951 769 14198 15090 1802 8699 14273 10716 2121 12187 16347 14363 15763 1433 4805 2116 3492 5559 8861 6697 18429 15386 549 3562 19813 2721 16918 3539 11563 16719 11107 16993 3502 6856 9379 10151 12483 11811 12472 15796 7098 16736 8262 3123 11669 3657 8502 10290 1961 3720 14553 12498 534 17587 13662 18589 16459 15660 281 883 5032 11547 8107 5203 9963 6809 4909 11272 14538 4667 12006 13973 13632 6430 16874 1944 14437 5427 4258 2105 12460 13884 15326 12215 12461 17137 5379 15084 2519 7880 15381 1537 11710 1 17167 8601 18298 12220 7435 8459 12778 17781 2606 15984 18950 13218 15222 19624 10656 3106 17163 10759 18624 2812 14179 5779 13727 1764 2782 592 11647 12683 4818 18722 12950 16475 5340 8370 2009 6361 10550 18804 1444 15868 13238 1344 14195 17998 6668 5509 19336 17533 4059 13051 15653 10635 17977 1888 17917 3906 67 9601 14266 3955 17254 18530 10924 2392 2869 8241 14210 18420 10155 16795 3762 3592 2368 11335 15389 10028 15556 18375 722 3680 9119 5361 14710 6827 18800 18239 3896 9951 9983 1404 6356 13772 19123 14404 19685 7230 15226 7295 759 9585 13522 7921 18113 8665 16610 2162 1204 5157 13668 6942 10599 15602 10308 3193 10609 14276 7118 16583 4802 5395 11126 5373 6153 11863 11875 12210 4326 1324 2546 15051 6177 7335 15116 16247 14171 3519 15344 14490 17552 10732 18119 11921 9844 15264 9687 4952 860 12217 2205 9335 5132 641 19758 1348 13904 5350 6779 5410 11457 4476 3863 13626 19949 5276 4768 14178 17501 5034 10787 1691 9171 1297 14647 3966 6012 13441 8729 18766 261 11244 19483 18894 1543 7066 5744 9651 5213 10485 12816 8029 15056 1211 6636 10412 4957 1400 5293 5504 9257 5394 14947 7883 5727 14517 12637 15129 15576 3060 14718 426 2122 7877 12237 8623 3041 7532 19423 2948 16770 8110 12607 19577 2467 1599 1409 5179 13302 16396 10177 6795 7581 11924 8455 1982 3721 4950 11514 18060 8951 7331 3330 8120 7681 6467 2853 6110 8007 17360 3194 10944 8430 18631 17009 3848 12375 3633 8214 19077 13102 16534 16634 3922 2083 14659 4194 13899 2235 2413 1833 239 8074 5952 16304 5495 9382 6723 11130 19880 8197 10700 13464 14505 12874 2238 1900 10158 12705 4628 14783 1598 17597 19869 12074 8764 7404 5146 6304 19950 19109 16511 4076 11364 3369 18807 5419 12078 17322 12979 1682 6417 4903 11608 367 5446 18031 522 17556 2883 4130 14761 12768 456 2854 14335 10190 6759 19137 9447 18763 17270 823 12196 17040 19045 4187 835 13559 3457 13209 6700 7356 6174 7086 11461 2170 11117 7576 5030 10629 5706 3571 4541 19856 7053 3647 8390 2677 18014 7567 14956 3381 5623 3157 19192 15387 5015 7816 8453 4583 15172 2515 18435 3443 1964 5859 13807 11742 19721 19536 14577 5100 9761 8141 17871 615 17196 9570 19908 2825 10848 4721 16151 9636 2090 11849 17149 16080 9182 3732 2171 9596 7 13818 10263 1381 14405 6347 15058 4205 6202 16262 12761 12440 17778 17249 3179 15038 3789 5451 17003 2935 18441 5948 3619 13467 56 1707 8247 5011 2953 5259 17970 7980 8711 1857 7517 13976 19962 4283 4791 16777 18389 593 4873 11573 12992 15508 9790 4253 12988 11206 19704 7438 10777 7558 6123 14858 3786 2591 6796 2112 7487 6288 9692 2336 5662 6821 5520 6326 1798 14892 568 11109 3715 19479 16134 13434 14215 7365 17702 10420 3712 8842 10889 2085 18486 17711 6079 7752 9010 10742 8884 5072 13022 7649 8119 15955 4843 7909 1492 1557 8233 18100 10646 6926 9077 3834 11458 11404 11131 19687 16689 364 14730 17532 9629 5077 15781 10060 3555 12075 1551 5605 7284 8880 3448 6720 10133 18133 15052 10586 13994 17291 10662 13090 4493 3422 17763 11218 2879 10641 3230 6833 1262 11468 13828 7950 6191 4489 4790 14601 5445 5031 11483 13773 4182 9263 18532 9446 5994 550 4323 12723 3606 7808 8403 1278 12672 17321 8222 6412 10723 16337 5380 11941 10045 3673 2442 9753 13575 12287 2913 14036 654 314 17102 14284 6586 11831 19390 16187 2486 13871 3499 8912 9915 12622 17732 479 864 6473 3117 6876 2797 19914 17353 13210 12985 425 12998 4748 6622 14393 7987 12018 9960 14092 14297 392 7594 9968 9903 18358 5127 15707 566 15753 9635 3670 14039 1025 15398 16186 5096 17412 897 1405 13223 771 7673 13195 9731 251 14145 10903 4427 5751 10044 11526 118 4757 4992 9665 14944 19778 3375 13661 11449 1890 7790 17157 10886 3691 16266 8802 9392 14908 17708 12597 9995 9124 1199 12496 8039 5329 467 2674 5166 15603 5263 14591 16994 7603 11173 9908 6775 12698 818 10464 15402 10126 3709 5876 3346 18889 3253 16693 18329 13114 6038 14446 11414 2152 11621 9705 2095 9988 9357 10565 6716 23 17464 8923 17873 17829 1684 8121 10215 8143 3235 7417 15545 3640 4070 8276 16124 17029 12439 1825 14217 18051 11577 4311 18967 8915 2429 1753 14527 12817 17654 5075 18250 19067 3987 11236 1779 2183 3389 14957 17720 12289 11693 16651 15449 19859 14119 9571 18334 19877 17740 2977 8987 8221 12640 1536 9633 13920 7513 18262 16671 3061 14976 10291 4478 14724 16602 14621 11833 9796 14376 3590 1450 19407 13181 11651 10235 289 5176 3094 3992 3407 14161 6010 6406 14020 19348 18423 18121 16508 5182 15870 13902 679 17635 4129 19211 8253 15097 18860 3203 7204 7710 9856 17078 1886 527 10773 288 10063 19768 7001 17043 5791 11699 1226 11019 11295 4496 18442 7754 17175 7163 6204 18330 9449 323 17081 10907 18969 15181 3463 19299 556 7019 780 1613 18822 315 12962 9981 19338 13185 19080 6213 7773 6451 19788 16192 16445 3910 15083 10931 5396 2723 8116 17372 14301 2143 18273 4557 5278 17652 10024 9250 9346 19091 18931 5066 2395 8597 9513 7502 4169 2949 155 16453 16882 1399 11776 15671 1706 1725 8604 3263 1799 1823 978 7489 11069 13540 12450 8410 5496 18033 1952 2631 6190 2642 352 17975 3097 16426 1990 11248 1837 13063 11155 3471 19712 2678 1711 2614 18357 8118 15230 14541 12730 16686 14723 2616 3122 7832 7023 17282 5183 19928 14741 12136 15722 6823 7491 3347 7313 14099 5550 16537 223 8816 15236 10271 16311 13764 3671 7825 5573 2985 10861 18781 15100 2975 12509 9599 12721 15177 13635 12928 10057 15271 4899 11782 9188 19800 10795 16848 7853 8823 5590 497 4976 18937 9717 11672 19849 9389 1460 8411 9477 19649 18307 17064 12167 12958 6734 1845 18899 5730 7005 5502 12315 5773 8472 15453 623 7541 17574 11634 11242 19983 3948 14159 1154 16482 2623 2495 8359 18371 18126 13365 8091 18555 2965 13682 15762 14295 17404 8720 2475 18311 5692 12430 15847 31 11844 1605 5968 15887 7684 8864 16092 17381 13982 9563 10929 10548 10338 2828 13759 8083 16179 10627 5022 8715 15954 5522 1316 1726 3999 17187 9052 9653 15906 10898 19541 339 18132 13174 8898 3320 15872 410 7701 18542 9597 11572 8244 15526 16629 11454 1731 12139 5711 14341 6384 11935 5832 8283 10729 15645 14797 11333 733 4219 18501 2513 1247 2240 11168 18390 13780 4370 17938 5742 8632 14779 9607 9993 7784 10176 2386 12673 8767 1938 16717 6435 5317 14256 1790 17751 8702 6089 9166 11087 19459 4513 6173 8068 17557 4756 15632 1430 5723 17294 476 3579 16727 11700 12571 14483 12188 1304 13658 4939 19078 7965 19506 6247 3418 16893 10056 3368 13766 17942 6299 12916 13504 15695 5341 11744 9363 3087 5661 16636 12560 15509 3977 12115 8040 3296 4040 2657 4813 3655 13597 8723 12035 10052 16350 15756 4101 6661 13558 9921 18246 10674 9795 18836 17301 8330 2448 16122 17092 16965 7398 837 5567 19903 4299 880 8999 18105 6634 8282 1881 11226 3563 8820 13700 15849 15522 13106 13417 5000 966 11760 18012 3612 6975 10039 8257 7707 9698 377 12688 16914 107 18391 5758 14669 13854 540 8953 15718 10587 7323 11122 5678 1827 7457 10596 10731 5593 7150 10218 4844 10644 4642 8763 12263 1532 13865 7190 19744 15292 5979 16995 5298 803 10255 5620 8052 12971 19020 1011 8037 7166 13315 10688 6873 12528 19363 15397 18186 9743 13578 17611 7894 7389 5736 4848 11604 6610 5303 12679 3031 2227 16827 5584 11247 10295 17599 17373 8436 19978 4386 11873 7263 5041 17688 14556 10180 10506 7961 2153 12320 115 8096 8533 19430 3939 2562 16222 4803 5331 10447 7120 12682 11402 18412 13530 2620 3360 1403 13954 18296 1223 4882 18053 13641 19346 16870 5214 6871 10927 10542 11405 17520 10320 15490 4069 6966 9609 3333 13997 18022 15278 5190 19369 3520 6013 19160 3414 116 16631 18638 19713 12438 13401 5828 6540 14847 14157 12933 13666 13731 4329 19251 8026 8769 17120 6737 11077 13222 12653 2446 6500 13451 6056 10102 1030 15633 6285 4199 19841 1735 10196 7159 17300 16966 17846 8742 16399 12869 2559 11337 3184 19401 15160 17275 16167 10283 15838 379 19476 9932 3858 17661 14095 5364 18720 15961 513 13943 13013 12504 3693 6955 13798 7859 7951 16388 17760 10748 11812 17936 11009 9428 17628 18448 1629 10371 10697 19750 9991 10078 5539 7439 13329 16483 10718 4392 6364 7942 7712 8341 743 12567 13754 181 3131 7416 2921 16923 2908 9751 2722 13923 9391 518 8705 92 6329 14427 17330 16824 9421 7810 2088 6714 19040 19918 1784 11044 955 8625 4055 16276 11590 14353 7627 18178 380 6140 221 5148 10566 10990 8795 7796 14233 10814 2381 11357 9005 7104 10922 12014 16260 6730 19893 5646 14334 18028 17869 158 11114 17158 11384 4867 120 6087 5835 3243 9804 13027 10612 3393 17046 1246 17367 1075 14691 7455 271 3776 19100 10465 9021 10415 16110 19185 1538 16113 15664 5945 4744 11673 19638 3334 10896 5333 5856 11407 2374 11528 492 15803 5197 5774 10318 8856 6705 15170 7602 10863 2261 15986 7400 2801 12106 7006 5280 18402 12575 4917 5565 6804 7564 17062 2690 2504 5978 16999 10130 8988 9914 12885 14991 1033 10660 6189 13242 5523 798 3168 3002 3400 6172 14468 1121 3401 15288 3103 14860 11376 13429 18240 14279 9164 11587 6354 6147 6117 19563 3917 6127 6917 6375 17224 15373 11947 17000 12324 6948 16233 404 13831 10139 9868 18191 15853 11774 5594 5131 9959 5760 3222 7253 1669 8280 18136 19833 9253 14828 7568 3527 18147 10258 959 16747 12695 12479 17831 11562 4693 1455 9065 13765 3824 10134 10443 2884 2651 1196 14428 14476 17718 16246 16902 3351 3613 5497 8019 2259 117 4585 5937 14900 19447 6696 1027 17576 5991 4380 12917 5928 6068 1933 8920 2212 1814 12160 11156 11957 9840 17408 12633 19006 15854 3832 6936 1748 13926 19121 7646 4193 15331 1497 17642 10652 17687 12044 18968 1836 17293 13555 13018 17874 15684 19052 15952 278 12328 3866 5167 12002 9384 12235 14558 4456 17358 509 9159 6693 807 13357 3054 13431 14453 6526 6093 1817 2508 8682 15620 8332 6937 19606 4674 1659 1104 5796 3037 2588 4063 17147 4898 8435 17770 3464 12855 16927 13143 10043 11118 8752 13876 3288 18723 8560 18462 5217 14416 18760 1312 2456 9104 16056 15745 4281 8100 159 12854 15392 12609 15269 14151 3742 10438 921 786 19356 10798 1012 19511 10584 2484 5438 8005 7358 13134 1008 19992 10784 8840 3587 10497 3919 3556 15925 2599 17813 7172 14107 4121 311 1098 773 9927 7769 15308 15412 4382 1918 3439 16046 7698 6151 765 1501 10682 12623 18025 4075 760 537 11494 15979 7164 16158 5767 7124 10517 13528 86 19545 4553 7911 9099 13214 7469 8813 11321 11033 17571 11959 15247 9153 17232 11955 2904 19293 18674 4687 8611 10899 2220 9617 3428 15829 19491 4213 1055 5917 19584 11297 12752 2372 19126 7250 5763 7592 17624 12330 3450 15597 10683 1146 10147 14522 6008 9081 11209 7650 11815 17253 7730 1128 17849 18087 32 9668 18621 18259 19513 13834 16637 8819 4781 4103 2583 836 6880 13033 17965 8017 11685 14175 17579 7461 5575 18392 15536 9281 18897 2936 12004 5245 11394 10257 6764 1212 14563 18866 72 16159 2638 7746 19757 16005 18325 11093 9142 15754 8008 3349 8115 3287 7130 17076 10988 14053 1116 18193 12650 1624 12134 16797 5084 16385 14776 7555 15077 5869 16639 14863 726 9532 15895 3668 5960 7501 18517 19464 5714 18682 13154 11039 10048 19022 6263 7966 4884 3343 16312 730 19015 18245 13233 18261 17493 10071 2385 453 12300 10325 17484 6511 6487 3797 1285 15672 17252 7393 3018 2633 4604 3365 4046 12853 8049 12806 16495 9302 9602 9307 19036 12393 18457 8260 3200 5397 4563 6156 18521 6445 688 17591 3523 5367 1496 11860 14534 9264 18594 8199 19157 18998 18171 15888 3777 6866 6014 15442 11076 17924 11351 170 11328 9020 7149 7016 691 53 15374 19376 15000 13642 4923 10234 3161 603 2154 6293 4662 16621 11389 17124 8413 904 4345 3376 17782 4649 3225 11787 559 16497 16225 2236 6691 8308 10310 11852 12088 17002 3605 13654 723 10800 10979 19608 10912 9180 16377 9756 13117 5138 8947 7267 9284 10398 1372 2312 4632 4562 6976 17020 18959 9198 14220 6692 3025 12040 6257 2403 17928 13701 19810 18713 19753 12242 1214 19216 7528 14246 16155 13535 9433 14820 10835 16675 10753 16748 14434 8516 15547 12120 8318 15821 18664 17630 5768 14843 4115 8832 3554 6797 5538 2695 2516 15105 12009 13494 1862 8794 19882 10539 1094 2142 6135 5424 15257 14331 18308 10017 11877 19590 7452 4223 16074 6055 12371 10955 14072 12596 9377 16587 19616 896 14749 9482 8716 9916 4927 3257 11994 17734 12639 11541 11682 12280 7049 18487 17568 2890 8633 19466 610 2840 7127 4099 16531 7833 376 12727 7521 1761 3039 13145 19509 9592 15376 13112 11575 19982 14889 11047 5221 973 9788 12084 3784 18305 5271 6552 9161 14780 12037 13913 11666 16372 10302 3566 8579 15062 17959 8886 14380 1803 10337 15882 13680 19528 8003 17626 14085 7093 969 19866 4242 3804 8342 11804 7573 14364 18090 428 5135 14148 1502 18188 6545 8547 17089 14096 10713 14673 631 2752 10685 14975 10092 18228 7648 18603 334 8620 18207 18887 4525 7239 455 18576 218 2204 4038 3172 15320 2410 4414 1224 10451 4044 7971 12303 15734 8285 2290 15042 5443 11880 14081 2691 3877 9163 15485 2474 581 16867 16619 17486 9381 17667 18756 4375 666 6223 16656 13178 6996 19620 6973 6815 991 12890 2668 9894 407 3259 6440 6394 142 4341 4369 13295 15482 16546 1975 10466 2731 1586 18144 17371 7807 9590 16868 14143 6431 5973 8565 19019 4011 13893 14206 7616 13004 16697 3488 16899 14906 8748 6695 15613 1665 3197 4904 4969 1565 13815 3403 15034 13777 5243 12178 5281 6236 12911 4785 4463 7117 8377 18218 16705 4977 15640 13524 5571 3889 8218 8761 14103 19683 1052 16710 14575 8733 14241 10486 17085 5441 6896 13156 12162 9772 7474 10916 7862 9552 6330 18010 14366 14632 2275 13252 14593 12151 16338 11478 2543 6398 16432 11426 9051 606 19726 3146 13308 14664 4200 6888 8043 11020 14293 7111 2547 1941 12537 14316 3741 4035 15635 16323 10803 11323 15601 2132 3744 14283 17540 17017 7996 8683 8554 19224 3345 6556 4259 9909 7915 3791 3918 9088 2548 14138 1993 2961 17684 1651 16473 13566 6749 9519 18449 3478 17390 15210 12360 9386 13669 15504 10329 8615 16703 14368 229 14277 12223 15746 10167 1942 16524 12533 11048 13179 10710 15315 18432 15884 5555 13110 19727 15815 13028 4481 6894 1740 6259 9107 15999 16598 5434 7423 4928 14703 6669 19868 18164 12275 19457 12959 8985 10241 13019 9375 18987 12319 11979 6987 573 16252 5904 401 5160 19925 4741 19402 15488 3469 14542 17989 7309 5007 18541 4531 15527 14079 11178 5657 9971 19818 13075 16467 8032 8875 9775 11879 2145 2739 17295 4296 7046 16517 15048 9339 13637 3507 9875 2618 10963 16128 13188 3124 7848 12876 4291 7799 18450 3308 7385 7360 1672 18523 18934 2862 15338 1595 15612 10211 3564 4056 14238 6952 3853 9041 8964 7809 7663 888 16037 11705 649 2260 3900 18749 18461 16366 2445 7868 6416 1585 19493 9348 12926 4965 12909 14332 3941 1603 16003 10183 1877 5418 5372 1638 16470 19221 1663 10499 7082 17119 1773 10831 18251 839 9276 3475 9491 8173 3826 19105 16391 17915 14917 10399 14444 13940 5947 10093 12342 13305 1667 8350 3526 12899 19894 6860 17741 8558 187 16859 18366 3261 16351 6303 13898 17662 16002 12048 10769 3861 4479 15002 12837 12369 11889 1689 1484 5545 3395 6744 1899 10579 17943 9341 18738 14423 3405 5808 10433 17031 15348 15793 14375 673 2365 6594 9093 10527 18469 19114 3163 9074 10123 15863 1821 11687 17185 6538 9706 13236 13823 13656 9708 8460 5487 18343 17832 15903 13283 5981 16145 6332 2066 152 661 2462 13215 11869 14548 5634 8938 19520 18936 4098 14294 9710 1371 10939 6912 17305 1955 19308 13128 9624 10968 14583 5204 13021 7929 9952 6950 11938 5595 17057 18206 16751 19263 9089 1765 13937 4271 10250 8596 9193 17750 16632 5478 4270 6778 19159 15858 13694 16030 4572 15942 3043 4646 19415 9418 17387 2073 1717 15871 2609 13094 17170 9453 14306 3427 5687 2685 2137 5036 3430 12355 19465 16111 4429 5065 1700 15731 14155 11309 4792 8629 3318 6719 12158 13625 16746 16193 619 7472 15484 8137 17274 17911 3311 13237 7569 13796 13025 3951 9807 11625 6508 4265 8172 4754 2335 16021 5074 5653 6939 16983 10772 6492 9819 12198 505 2213 13104 11763 10040 7695 11037 13490 14323 14625 5918 7871 16766 14240 17421 13509 9251 17343 14767 2054 12630 3270 9073 13139 9458 10413 11838 4154 14094 18943 6340 9980 13044 13960 3616 110 14915 19360 12007 7072 10214 4701 14136 19311 15092 18166 4445 2252 11399 8048 19741 19359 15064 19437 3589 12384 8324 5704 14164 7863 5139 12626 12922 7498 14824 19696 4186 2061 11765 3733 6390 14219 9425 17336 18285 16154 8258 17044 5250 19438 14133 19625 18195 5079 1001 6637 18158 6967 9829 8089 19999 7947 10068 15650 3757 10049 11642 14271 51 7060 16542 18941 10238 4742 6363 17134 15554 1552 18299 9300 15044 6704 7227 506 2237 5990 26 18400 4002 15478 19340 16712 18843 19002 9742 7533 19937 2584 16395 3391 6784 2433 13424 5765 10854 14244 15860 6125 13052 6131 16877 12627 7334 5508 17427 12961 14019 4251 15216 5198 1596 16494 6859 6471 3030 7318 4298 7668 4185 5861 2712 10101 1574 17677 10245 18295 16596 9534 15231 1828 12843 8284 19161 2211 9836 3040 8592 13699 3487 2463 13105 4134 9424 5913 3076 6709 1061 17858 19337 11229 11080 9416 1414 5610 6019 17809 12702 6023 164 15063 9637 3888 16819 12522 9233 12759 5641 4723 6050 307 6373 6676 3059 8975 2476 2287 1287 2539 19267 2665 8746 13017 682 318 2704 9238 19193 5409 9808 2225 1643 18288 12557 14469 14063 972 90 6408 17592 4492 17890 15689 12061 13895 13912 17775 16535 5910 16051 2818 4301 18394 15893 16731 8092 19210 18363 9373 3949 11721 13080 2453 5128 8829 12013 17093 494 3996 9199 1871 12109 11724 19497 17885 8591 699 5222 15950 18409 17673 293 11591 8575 7246 3901 8519 12121 775 3792 16077 4350 16865 9575 7891 5465 1118 13141 4668 15599 16438 18684 10824 8595 6933 4221 172 957 2248 1716 16213 18013 9208 17912 15454 17332 11396 1683 17828 2885 11413 3477 4097 7524 208 11112 418 5316 602 13688 9809 14169 10594 6208 12977 7294 6227 781 16709 14322 1860 3823 5695 3998 2585 7300 30 8047 4333 11381 4827 19383 14729 17853 2848 10197 13617 7354 18696 16910 13586 5719 13403 1231 5241 19125 16078 16953 4426 15152 5231 4962 8263 8858 17821 7801 17497 4666 2852 5591 18411 19618 935 5898 5447 18825 5902 4113 12707 856 9057 2826 11257 15227 1361 1540 7795 4245 7643 16029 9031 18234 11627 3630 12554 12264 15841 15020 10236 4561 5713 13334 4297 7478 6308 2517 1494 11362 5599 1749 4824 12689 9847 9888 17811 9441 14068 12429 245 5423 5027 7812 14872 7322 9887 6577 12195 17363 4328 19096 16696 4938 8433 14909 14046 4495 3876 12137 8187 328 19324 10911 18008 1806 7580 12268 17506 297 300 15244 15351 83 10941 11029 9354 3218 19255 1728 9648 13644 17041 11714 13781 1777 17616 19743 12175 5586 14189 7139 11735 1250 18244 5287 5097 13374 9621 15011 1692 7319 7410 17983 17204 18150 4190 11546 9394 5145 13455 1983 12091 5039 10855 18724 4324 6434 15166 4054 9288 9350 7505 824 12410 8548 9746 6585 11024 16035 19335 4907 19449 2077 3453 8555 11523 19458 14451 15733 8587 10419 18179 10100 17806 231 16989 7372 19954 7425 7106 10074 18976 17707 16934 9667 1500 9169 9839 681 1730 2301 1610 19860 3489 12142 2129 3995 16677 12708 13814 16153 8288 17922 18543 8146 11447 12608 10724 5137 8789 19025 12066 6137 12957 17257 5114 4184 8133 16071 14167 3678 10942 890 17023 6059 1505 814 14921 19274 9370 2732 44 14177 2587 179 7421 14953 11883 2629 3504 18710 15426 10367 4507 7551 1065 340 4697 10303 11406 10377 10556 5201 7094 10940 3654 18184 1358 9261 3972 5923 10733 12351 18575 4782 9115 14972 10755 18704 2049 13685 1520 16601 7112 397 5149 16163 14488 19183 17698 361 19939 17764 16043 5050 8822 9520 10297 6453 286 3299 18109 11766 15531 18146 16768 18328 11973 5782 13364 3974 10456 5265 12003 5625 18284 7270 17612 15683 17026 4605 11614 15311 7197 1587 11001 627 2086 13091 19562 13581 13163 1088 14784 11484 12203 12825 11846 19398 5576 14813 9639 3601 18549 11644 8393 4243 19583 15157 10386 18857 3421 1485 10097 14440 5492 4694 8086 15294 15787 11438 10080 8569 7824 11196 12063 17138 15131 9207 14616 16843 12038 1675 4062 14607 9936 5153 18648 1686 2455 5485 357 14211 10786 12466 2972 16417 3063 14419 9812 9801 15261 16053 16988 7080 4034 19461 7953 19549 4849 2383 9917 8771 1912 15561 1776 10679 10707 2672 17030 16787 14535 3725 19919 8582 6757 12155 6624 804 9274 511 14902 8867 18387 18973 15507 10272 15432 6969 1758 10253 4783 3790 6454 14236 1850 12500 1117 2909 9724 16498 1087 13107 18990 6729 17199 18784 17559 7932 16202 9990 13460 5225 18122 12581 6571 7552 12546 15302 17682 2125 8301 5755 10280 13388 19053 18812 12970 1693 19286 15211 19684 15253 4401 6988 5871 3158 18834 7826 19895 3942 11301 9508 8831 17738 13910 15015 15405 4049 4825 14738 17798 2851 4829 12433 12111 13079 13877 11988 4705 1998 13067 2416 2941 5783 9058 11045 6918 8195 1714 14727 1407 12067 4926 8376 15993 11620 19772 4161 17615 11222 7107 8760 16022 18342 16612 14374 441 6401 14806 5675 18372 2768 10893 4120 8765 1994 16568 11224 3081 18951 13612 3952 3811 5580 17448 3191 4665 19670 1766 11422 4340 953 19380 13618 6081 16593 4393 13752 11377 1721 10915 18379 3166 4363 9656 4083 12312 983 12686 15335 14115 6829 12772 4425 10046 16148 7287 11720 3542 8440 729 2257 18086 12921 12543 217 4202 6818 8954 16402 18747 10143 18604 10448 15784 10145 2150 1865 5229 462 4970 2707 19265 17790 19512 16779 19242 11942 9368 3675 7967 17817 8406 3537 3731 8599 10107 10541 754 15057 5942 13333 11285 10207 14478 7251 19377 9177 2110 6344 12481 6718 3637 12868 18786 12983 2660 8155 15039 14049 12987 19163 12399 1811 18861 13070 6269 15487 19614 4518 6801 11806 9444 2958 2358 13014 4994 12008 5406 19008 12409 4812 1953 17648 17259 3480 3231 16088 3016 11927 7500 5543 3277 13570 17541 18557 10327 15962 8404 8069 6803 529 11103 4032 9763 5838 18414 8420 15125 3294 8500 6881 10324 16901 10985 431 19118 16780 2805 4637 13376 6642 6464 670 14186 489 1762 8979 10665 3603 19014 2872 17218 16335 6446 19138 1490 19330 717 18101 225 17600 10616 1107 8814 7444 9387 11305 17281 70 13316 19980 7619 9344 7056 13450 16897 19456 139 17245 19597 14895 9781 10518 13719 238 11850 16203 5769 2443 9242 4922 1646 13447 17472 12559 13544 4587 15778 5386 19279 5801 6761 16386 200 4978 9516 3706 12976 8955 14654 5076 17495 5479 17108 14479 14 12955 13234 8936 13860 6107 2464 19146 9305 12135 17888 17376 19964 17298 10790 12365 8071 16529 3082 9736 800 10630 276 1201 8088 998 8793 3503 4263 12717 7175 17766 14321 793 9967 9640 19522 12549 2615 14683 13280 2778 12661 1608 13012 9958 11736 16971 7418 12164 5309 3538 1105 8777 4096 9330 11086 1260 1284 16881 6396 15182 3045 18774 1273 13499 14851 15604 10930 16218 6648 14174 2748 13562 19809 19320 4189 16181 4945 2529 6193 17530 5776 1947 15515 15896 13253 3272 4606 11740 11901 2901 19217 13121 4811 5717 9220 15907 15639 3513 5521 13297 14005 13108 11691 6481 11956 9767 19812 16532 244 17148 12206 12073 12402 14354 3651 13857 14943 7103 7304 14313 18047 629 15548 15900 12281 16560 14887 7257 4140 9666 5818 18436 19871 6164 14043 13000 454 3138 17290 10721 18940 18170 11758 14817 16217 7838 3314 1841 3970 1523 19686 17455 2762 9681 16106 5892 9202 15286 11336 2167 5564 17388 13458 6884 14866 2272 12758 10513 8753 15133 13354 18385 18553 14150 8388 12401 14166 19852 1283 2567 13298 16429 9464 15596 2923 13950 4895 437 18593 6785 2544 19132 5319 9979 114 7286 13116 8016 2549 9943 4880 5400 4925 13413 13219 2160 1824 13289 7466 14829 13255 390 14069 6627 478 4641 7672 4453 15980 13422 6383 12965 19003 16743 14254 13839 7442 12190 11144 5534 9296 9140 12036 2315 14032 2617 17876 10165 13299 12974 18916 7508 15464 4524 9181 16657 16026 2770 5433 5651 968 11708 18732 6286 4015 4866 8081 9962 7893 1074 5378 2031 16872 7004 15175 5422 13146 4067 19816 7131 5628 3091 1021 189 6494 1481 12364 1640 8950 17823 11641 16173 7301 17919 18961 11082 19287 19250 4354 11270 15150 17997 2135 18991 19828 16835 14811 12273 1566 16256 13760 6855 4599 3128 9404 19230 7333 6658 10999 4117 16001 12343 3140 3273 12000 11768 6877 4822 4501 3096 2945 1253 1783 3809 17406 18083 16836 15771 19425 17375 6061 17004 8870 18362 6324 5598 6238 17865 5862 18508 14044 17603 9791 15301 7015 17700 9186 13225 10989 13152 10882 17327 9974 8724 10804 16095 13545 11215 14825 9662 9194 18974 4238 2078 6592 5029 13596 353 14613 241 7307 1299 12850 6875 13721 12064 12545 11792 5812 7529 1571 2055 6351 10219 10523 1801 3585 4533 614 2755 46 4582 19794 854 4746 16200 10842 17458 18627 10404 17182 12314 14920 1591 3595 5702 14409 10217 3610 16400 6414 8900 5905 598 9700 8846 18496 11255 16272 10305 7762 18269 4391 10564 3968 7363 11821 3262 14229 14418 4118 2136 7575 7412 16368 5747 11441 17884 1844 17664 9906 16708 16784 2976 14938 11718 6928 2808 5304 17940 8549 18826 5721 17067 8744 18369 5640 13205 9901 7108 3266 2682 9219 3078 13241 3924 4955 3705 1891 19207 4615 15881 15200 12815 2925 18801 1671 3466 8507 2601 7889 15573 17656 5563 6113 19734 6201 18089 10921 10148 10740 17476 12414 3685 3822 11674 8924 5347 17671 2867 5708 10422 16724 3176 17191 16293 7180 11137 4180 15112 18882 8063 11259 14742 18248 11891 10547 15237 17011 2350 18584 18094 13897 6740 14065 4766 12347 16684 17704 15936 17129 13690 2993 7011 13258 18225 15567 233 5915 11970 10104 10042 18803 19973 17056 10809 1402 12145 15333 4279 11690 9912 17447 8464 4437 15285 17223 1657 2556 15430 16045 885 1451 6376 11140 19615 17613 4577 18802 4252 16830 3153 12906 8645 11822 1472 7343 11179 16098 18493 16016 5064 14426 10344 17326 4218 14850 5417 3192 7183 2186 14105 19671 6890 11658 819 17719 15562 14579 18222 11459 17333 16149 961 834 9118 2807 13583 707 1188 13326 8922 13825 6652 16454 16383 764 12302 9336 8273 18326 10326 8219 3932 15208 16073 13905 10500 13802 8409 13040 5780 8202 5054 19084 6049 9857 73 5187 2070 17605 7035 14574 12494 14054 5042 5301 12856 13546 16199 6167 18876 12617 7473 15726 6097 11918 13723 548 3835 11968 11359 10970 14734 14873 6209 1035 6486 7675 13256 17116 10794 5200 985 171 8456 1397 9345 13370 2424 6529 18111 5602 3717 12102 8304 5873 7430 18380 256 13649 10975 2608 18708 1530 8584 5219 8853 13800 1106 18331 7589 10880 19158 11696 12710 9006 3380 17620 17359 18077 3793 17969 10516 8236 4739 16220 16439 3116 6558 10601 11512 17701 1338 4550 8545 9029 4123 15857 16042 3796 6102 4485 6865 8448 4690 41 262 687 12244 16562 11564 9294 11940 13275 4997 19862 7936 10051 12858 17901 12182 12391 3089 8131 1150 16599 18680 4260 16760 13833 12207 4529 3339 5507 16431 17614 16896 3773 2632 14184 15966 3281 6612 3795 2141 2518 3331 4423 19494 19987 2663 15393 18422 5107 18706 1085 39 1901 10120 9654 18301 12087 2997 1398 18216 13892 2230 12374 6746 10138 14903 7201 9625 18693 2223 15117 10874 8756 1059 12819 9890 18399 9268 15519 3825 3494 5173 15691 5224 1241 18287 14432 13005 9485 5883 17844 14329 325 5866 7499 1049 5806 3264 2266 16290 5999 5112 11104 788 12345 7571 10860 7431 2157 10170 16981 14391 13909 1221 19488 5569 18519 9964 12114 15391 9896 12940 19035 13078 18388 15897 9455 14252 22 13125 15883 9280 7609 12484 13518 18161 11343 2821 1275 2104 9292 16838 14709 13726 9672 6478 95 11231 15637 748 14028 2580 6812 9141 13270 2876 4310 19711 2233 6686 6469 391 12051 17237 15303 13565 16107 18078 4355 10872 12737 6480 5971 17133 15050 3340 689 8101 9383 15541 12200 761 10603 15148 7283 6112 19517 8940 18832 8300 15321 15497 10284 16814 11365 9283 18205 13793 275 13942 6114 12060 19988 15176 7522 12578 19607 18970 19246 2716 10152 3292 17904 536 12404 18893 14414 17814 8449 15246 5431 5426 19470 5392 3646 8056 1997 9460 3355 3032 9871 16418 17438 10240 6807 10802 3511 156 18167 487 13118 14737 5611 8570 15114 12272 7955 6502 14823 17478 11119 3053 19784 4734 5 11056 19867 9128 9876 5585 19391 1878 13824 3167 12888 7781 15729 12657 17115 3148 4294 14839 2877 3460 11949 13440 14299 14015 19240 5694 14465 15479 11715 8191 4061 4179 18131 10828 6310 10571 19979 19840 1023 3581 8576 11105 6808 510 5636 8787 16300 19492 13244 17964 8675 15429 15886 17410 8425 19924 3506 8743 247 5254 6379 16960 15343 18810 16725 9351 1703 14658 12659 861 14744 4750 12057 19172 10037 8580 7763 8837 14587 3111 9773 6568 18349 10876 4233 17016 13790 8208 351 10476 19725 6980 17135 8122 4719 2922 6957 7926 9716 727 12796 13363 8322 10908 11372 1921 14796 4633 2450 1360 13758 8454 15330 8833 17416 9157 3461 2226 5811 5058 4728 4704 7422 432 7969 16275 5239 16967 3997 7786 5324 12333 8417 19915 15259 2827 987 1401 17054 18502 16197 3310 3229 12016 2795 15408 9794 18865 5881 13888 14466 4565 5171 3827 6934 8680 14071 4870 5091 11467 19941 6162 5082 17503 2527 14447 4677 19576 12936 12415 13889 17087 9673 6562 6279 11780 2477 10493 10534 16643 19981 4771 12130 16948 4718 18266 15890 585 18497 13414 4460 7540 2896 12143 18891 4080 2906 9748 10783 12852 9504 9047 2996 15462 14869 7753 4698 230 6949 16973 7054 14436 6475 17946 6748 11318 18596 947 15445 8589 12941 14144 17033 6400 19911 16817 3265 6274 2978 16115 7160 6512 17225 6968 2283 13320 12386 3118 7888 7636 6604 1058 5503 15289 16605 3985 17547 3198 2875 17490 6667 15359 6886 13627 18850 14539 10008 1140 4979 4125 17695 12781 11283 18835 16774 12327 10717 18750 8686 2243 5821 6393 8573 13847 4725 15101 4538 16939 3120 3729 19644 5741 2146 12861 9364 7140 9265 11555 8919 16062 19143 3290 6185 9023 7584 14503 10375 14963 5715 7209 10445 16493 1346 15892 18272 4167 13704 111 6788 4700 134 7228 9152 18196 8876 4136 15721 11517 564 6517 5964 13336 4468 2571 6699 8891 4761 9945 18588 8451 17999 4264 4487 18546 6020 5202 9683 9101 6483 17407 4208 12826 2998 18017 3129 1352 662 7699 3139 10844 16813 575 16585 2990 2628 2939 7222 12288 15785 13595 10122 14357 8721 5234 10966 1925 3770 1785 12628 10296 19370 19890 9430 16433 8220 2653 15019 19270 6456 6295 1420 680 10333 13328 11599 6621 16769 8960 12770 9626 19261 16277 2910 8162 11729 5949 6712 15723 14644 3760 5669 8412 4717 7982 10554 4800 11067 18844 18339 19881 7924 8354 6927 7885 9674 12485 12080 7774 12827 14075 17544 4722 14089 18742 10331 14473 5683 14885 895 6981 15850 17607 12625 5404 17234 15737 18985 5267 11281 15644 18885 43 13733 15832 17669 8824 11171 5893 11986 1303 11754 1320 3659 16640 16997 18811 7992 14261 12059 3636 15575 2522 8185 226 16788 18787 11993 12579 1232 16456 7612 11313 18636 15295 10459 13177 15630 19793 9920 8770 17183 19269 3798 18002 1129 19572 4692 2310 18912 10270 16759 13095 4710 7187 2426 16996 13955 15730 13216 19519 14378 17994 2650 2765 18992 17554 15419 15899 18404 14781 8319 18852 12224 2823 2051 10823 4764 18529 19535 10887 3753 4411 16624 4616 5063 9328 337 2300 17154 1690 295 13211 6935 18745 8778 9431 15388 2926 5517 18872 19478 4765 14605 1795 18881 13327 9739 4342 13088 1546 905 13515 6857 19591 7377 12847 2788 4602 10266 887 19510 12618 13373 17872 4539 486 1341 265 2449 17565 16682 11656 3626 9049 8593 13952 3278 9641 18312 6096 3652 3684 4142 13735 18364 13805 14674 13257 8486 16792 3529 5230 18656 2553 8834 19817 15770 15927 8992 10359 4528 11113 2015 6196 10871 10169 13741 2793 16465 18415 17895 14292 1775 91 19208 13360 16569 17836 16263 5860 6045 10462 6450 12582 6836 11561 19054 17423 468 5643 811 19891 18255 2878 11624 11904 16378 12880 7738 10172 5488 677 541 296 8772 11809 5689 6063 7097 35 8401 3383 6595 599 2254 15035 8422 6368 1710 17260 14950 9885 14203 8487 11198 15593 16591 17424 16954 4597 16701 5486 16855 8689 7091 14134 6187 7709 9762 16434 13149 17797 12475 11437 10875 9697 15580 4566 14431 9877 15517 11121 13006 6541 17990 738 4379 8307 16442 9744 12027 11731 11509 4842 443 9476 16702 4407 14766 8159 14623 2197 19996 18346 1486 6878 18842 5169 2512 8463 12986 11315 13516 9038 14759 12972 19886 346 2679 382 17460 2817 4155 3377 16161 17241 19385 19637 6963 12711 16566 12486 5499 13502 2044 6547 19201 690 19361 17171 8125 18360 4222 7975 5140 13677 7623 5940 893 8206 6105 4762 9858 7252 4953 8167 6635 11709 17179 5382 1913 15425 14140 13246 8800 9231 16379 8079 17991 18424 13563 17220 18373 498 14342 4217 5985 3226 10103 2658 7815 1003 12574 15641 7570 1681 18145 5556 12271 13883 4027 14707 16040 18841 10249 8306 7388 19797 13717 12735 1838 8506 4589 16929 8154 1588 9419 10385 10261 2497 8825 270 751 1028 9396 14319 7899 9718 5707 10622 15171 2634 4021 13408 17430 16474 13587 2914 19313 11350 16801 17937 9022 5456 3758 9582 463 2772 1151 10593 10105 10751 2729 15 9071 4210 10281 18009 7081 6580 11421 8821 5177 11417 14385 6600 13076 7542 5807 7110 3173 11382 7321 18192 1136 15902 4203 2461 17063 3415 8242 2218 13686 3255 11274 4512 10866 8450 720 16236 5290 458 16889 11101 1954 17758 17752 6211 12247 9557 11267 3783 12593 8657 8913 1042 8123 14083 19610 1020 4645 4378 14230 3821 796 12634 10468 14245 15711 17280 2075 15894 10340 5073 1443 2916 8647 18773 11134 16608 12585 12541 7194 9125 14653 3611 8468 15262 5026 18274 16799 914 7836 762 2744 10227 11797 13742 6684 502 16147 2566 2165 17604 17824 12457 10114 16047 17395 4469 136 6897 17723 13481 13512 18110 6794 13309 698 1528 12055 6882 19907 15201 12913 5105 3713 7202 4804 2207 15355 10405 14382 12807 14358 11683 12211 5349 6297 16169 11081 9385 13944 16900 19940 18124 14524 19375 18437 19518 1427 17 6436 10410 15983 7962 1079 14464 6992 16170 4986 14223 17786 17014 6004 10750 18097 17070 11108 1545 12809 5490 6294 16257 13484 6149 18918 15356 5255 10959 1203 11234 5083 1934 4023 16968 9828 6148 2870 17118 19554 15932 11796 9291 14448 18418 4621 15568 15638 8298 7900 14074 7340 14618 13267 18104 197 14648 784 13445 15747 11504 8142 14871 19534 10997 16563 19428 12362 8338 13639 4224 11136 17950 14907 5855 15395 14670 18281 4082 15553 3459 3944 16397 16647 13801 6608 10471 6786 12417 4454 19405 791 8942 3392 3384 8249 3017 16943 4404 14874 11054 12042 19720 936 8826 19213 12493 6885 14281 13 15555 12516 13613 7437 7678 5805 17595 2189 13606 17047 49 6479 15273 2673 19831 3818 19677 18712 17518 18929 266 1432 7659 927 11933 5926 3707 5852 10709 6564 8634 19454 13321 1326 1594 14135 7451 12920 10393 15459 3012 54 16972 18705 7624 15948 10198 16457 13084 7231 15132 16828 15232 12738 12580 3604 7494 16362 11079 6126 7981 11273 5055 14615 3953 9548 15720 19259 9277 13136 19791 9091 14154 11756 12254 7493 15433 16393 11635 13147 3915 4240 12595 9271 11770 15766 6532 19792 7591 4767 12490 12043 7414 13838 9987 2540 3004 11170 16679 11629 16241 294 7361 18761 10208 19652 7427 7920 169 3196 11241 11380 15499 3508 16068 18294 13250 18573 232 19735 4483 1859 4543 3086 11779 4623 9723 3634 19455 15804 8701 3023 18224 13435 12886 15667 2245 2256 14973 4707 19530 5228 11939 17728 7530 5932 8694 18456 12914 18049 16066 16630 8805 3336 15727 1282 14927 16607 7639 10962 13278 2845 12290 1759 14450 5615 12722 4400 694 8655 13272 19094 6819 13399 16946 5467 845 5506 16646 18758 18076 5212 7495 15943 18673 12095 14832 3544 10432 15752 11868 3782 344 1181 2798 12317 5526 8739 3644 16825 6715 3501 16945 162 4839 5047 3202 13314 13439 10033 16763 15443 12789 11355 12405 7686 10003 18202 12326 4738 17470 10873 19234 11223 5188 8578 13398 3883 10983 9439 11698 16157 4442 17214 974 7480 18751 6799 5013 5546 4532 18151 17856 13941 2551 2496 15189 13055 14110 1024 5432 11697 3615 4331 4397 11367 6822 12294 8817 13453 1144 14130 18070 9540 1359 12456 9701 10639 5797 8443 6413 1767 16998 19698 18600 4676 11319 12068 3687 16501 9297 5211 13471 15544 11158 5558 5289 15139 15096 3435 14188 12882 13797 879 12860 4726 1597 17514 3496 12805 10538 1321 9054 7767 15551 712 17772 19252 17256 9040 8270 2262 13011 19659 7867 12939 7374 12510 15439 8050 14289 14141 3164 11489 13362 4254 2394 13120 17477 7100 16720 11929 4517 19325 10910 14296 13722 867 12448 5019 4840 3667 1547 19472 122 16715 10595 825 640 4879 5635 12777 185 5314 442 18512 12666 4522 18527 11905 15169 13788 5362 7407 19068 7805 18824 10767 9227 7874 7420 1448 13046 15825 782 10757 7949 5210 5722 5262 4814 17967 5141 11066 12344 24 1206 19514 16928 5056 1084 15447 3228 11749 10932 2625 3137 16904 911 8594 13171 17551 1695 19944 15616 18859 18156 18670 10578 448 13231 5803 700 11495 859 4043 3156 11719 2101 19477 6243 8656 14868 1006 5921 13508 14865 18440 10150 8383 11632 14442 1770 13377 2537 11728 5511 1712 12764 10200 2033 13561 1447 6336 19481 630 4100 5984 745 10384 4461 3895 11864 16791 12389 11004 14798 11545 14016 3408 2622 81 11252 16964 2701 17808 1874 18217 15614 4420 10934 5223 17114 19705 7823 14961 6321 2348 19190 1108 16785 5799 1265 5008 18112 14708 5086 14958 16956 19765 8320 10746 8552 19111 8703 5716 19974 19785 2714 11296 5906 12690 18185 1425 17027 1531 15758 4390 4109 5339 1962 16761 10031 13245 4833 4658 13318 9014 4105 12867 10316 832 10307 1413 15438 17716 3632 6252 2274 148 11830 11385 18545 2671 1363 4435 17095 15524 13045 797 10752 9121 18495 4156 18639 19355 15248 1259 12756 14275 12669 13039 6645 8211 360 16139 19432 10061 2970 10741 11671 14327 8281 8909 12935 13984 2138 14435 5390 6170 3291 16676 14735 7758 14686 19365 13762 6067 8994 7933 18729 8166 628 16286 11616 6374 5195 17338 19395 515 7482 13489 18403 1192 15209 11828 19199 18458 5090 16756 195 4644 14146 6226 11216 10418 18172 17278 17625 8461 9190 14048 447 9338 10204 8709 14243 19038 17807 16513 3607 5158 2074 5566 17352 5697 9133 13890 17986 2302 6150 8442 15743 306 11186 4124 14480 1429 18632 4613 34 5572 14124 13228 16216 10585 19676 9542 11902 11292 5118 18510 1680 298 10836 5016 5327 11579 17459 7952 10796 19445 3801 6848 8213 12651 11151 16917 17344 6787 9496 8321 1124 8948 678 1677 16254 11358 13232 3933 12946 14940 1256 8600 18092 18695 17426 1145 15366 18038 9445 17379 10184 485 12865 16133 8843 11064 13262 5318 11660 16628 7739 15012 4942 9593 11743 2937 16265 1191 894 12338 11150 8274 1313 4918 14992 3397 13998 2572 5516 19760 5533 18952 8087 5777 7779 10816 2610 4856 16841 4530 16403 102 5614 12790 13400 4018 18506 1375 15161 17411 17489 8643 13412 316 12540 13391 10775 5798 10223 19991 4655 14262 14712 7096 4452 13850 11303 2045 2181 10705 7399 19803 1474 7913 805 2010 16093 721 11581 4956 1907 17679 18796 11678 557 9992 5320 11278 8524 7403 14458 11245 8180 10328 1255 6838 1940 12586 9560 10369 19952 13168 4504 8493 2582 10288 17893 15759 16211 5343 18204 7212 415 10116 14930 16031 11752 17251 853 3540 16334 4344 11583 12603 7658 4330 7711 19081 18662 16278 6767 4443 2506 16728 5793 5088 12963 4255 829 12026 10745 16543 18125 508 4499 5616 9399 15738 12229 7655 10726 10077 16979 2123 19795 7261 9247 17913 7523 11761 18504 3875 8929 12606 3991 1631 14034 16885 17549 212 9325 7146 8152 13588 5655 3241 3891 543 7596 8931 8553 17570 15142 16844 14477 9721 6593 17730 9356 18254 3516 14249 10473 11538 9143 4198 7211 16057 8184 5911 1290 12927 18318 13990 2528 14439 6995 13567 5040 3236 7902 2670 19128 3871 14422 15091 19957 13505 1556 14359 16231 15104 302 2371 18088 10021 1459 7864 11271 15797 8345 12605 16938 10232 9874 8234 6607 6154 11330 17188 6868 2626 12082 6231 1454 17105 945 8373 10655 14934 17561 10582 10454 2806 3354 11125 6320 14867 7241 18277 12993 7280 14017 2087 4601 234 19631 127 11463 5337 1723 1436 1384 8713 11050 7059 15587 8348 16063 14897 19037 14111 17931 16913 1768 15018 13482 11570 9321 16782 2839 9750 7638 5682 1868 11915 6120 19641 7669 1091 12726 1632 6694 14395 6429 7215 12765 16121 14002 12743 11442 14554 6122 6845 4235 10358 17176 4834 14657 4851 14263 19328 10837 5514 12588 19976 15103 14222 3456 6266 9435 18772 4610 7429 9586 8859 123 3807 1350 11839 211 12948 2667 2178 17264 332 12812 15452 11646 838 7069 1718 16238 4680 9837 14549 1974 16146 19578 16436 16019 15622 7144 13603 15489 11602 9797 18338 4573 15334 13148 12499 3950 4041 5147 4516 18620 12184 14496 9577 9130 13220 17812 13462 19490 17413 6891 19669 18809 4405 17034 9266 9493 13594 2232 5360 8161 17374 3873 11138 17487 10015 8602 2309 1162 2794 6424 9287 11595 8278 3344 14569 12984 19059 17240 13056 8408 9 1329 8850 3960 19857 9178 13282 17818 7615 16308 3033 15448 13901 5120 17866 9869 3751 9784 7168 255 15140 14716 61 9658 6673 15837 2835 15154 11645 4672 17150 11154 14859 8126 5726 14147 13819 6075 13068 14620 5043 18291 3676 9076 3560 6078 2984 19496 9612 12177 6685 14461 10508 13672 277 13390 12335 1896 17342 12100 14576 8129 2771 11619 9766 13835 4663 13657 18048 9811 13771 4327 2399 2554 19634 674 4334 1516 13756 19703 9538 6028 7755 7958 16658 10352 7302 4104 4815 12341 5126 10085 19034 17473 3362 2648 6031 10715 18128 9711 9589 15512 10978 11870 6820 916 4266 8462 11287 15621 3683 14879 6128 4650 7631 808 12096 9610 236 4037 6711 106 6816 4696 2311 11987 7553 327 5830 11400 11320 963 11773 3978 2305 11551 2574 8277 10634 16274 988 13665 14126 14639 1007 5117 13605 3251 2062 13620 19595 2754 13830 18548 13959 4774 3718 10005 16617 13767 17161 19548 3064 7526 7078 18737 18654 17042 874 8369 15931 1311 1463 2469 11684 14925 6242 12176 14568 12846 1252 6198 19632 3984 9628 12703 4166 9712 19655 11072 15309 1972 3638 16067 12564 6389 11360 17995 3451 10614 4349 1064 663 19505 15431 19847 1542 15037 12671 15280 1153 13473 11560 4961 2675 16117 4618 13693 15773 1178 1820 10946 9408 7830 4173 5368 19963 12573 12589 13372 9923 8586 16172 2151 10902 8339 18687 16609 9911 5963 8 672 7654 19215 12733 15802 13692 17545 9492 6754 13972 2503 16974 2971 19872 1102 16464 17361 12525 16548 12168 15098 4877 5266 10833 14700 501 9846 1332 19748 7376 19567 1292 16926 2774 2175 15416 9647 19103 12420 5109 8418 4862 17207 1163 10546 10429 11149 319 19874 17787 6619 16340 16333 10567 16234 17080 13869 13301 18479 4863 15988 19538 3433 4959 17905 11851 12388 15022 6488 3429 19875 7075 1380 6791 19723 13041 16289 19736 6609 14799 17230 906 2093 3769 11748 6290 14131 5459 19177 8550 7214 12070 2742 13863 7119 19166 16012 14698 9497 17007 18235 12905 3214 258 12610 2004 7244 6490 2775 2158 2849 19699 18498 5458 5101 10980 9893 1240 13977 16310 3802 15699 4074 11261 11046 15533 15768 18378 3258 3561 13590 9806 10765 13212 9918 2323 17140 5885 10089 1582 7855 15666 3765 9615 4249 17973 12937 11827 9488 19119 4897 5370 8835 1351 1169 11084 3071 12033 11060 10926 8893 4949 4537 292 9537 19239 12307 6811 5843 17627 12205 14269 15030 16204 1377 19771 12023 10313 18297 8509 6742 1333 1387 609 9123 5061 3772 11373 17068 4372 8405 3794 14844 9002 716 2666 12999 15585 3283 5972 9175 9910 6505 3897 6241 3205 17313 78 469 6997 112 10361 13681 13167 483 4277 2736 17976 6161 13604 1634 15300 10226 10681 16207 1276 3 18397 15967 17288 14627 5168 8495 2094 14594 5429 1533 13705 18595 13182 1034 19786 18618 12408 14685 7311 7846 5246 10958 6302 19484 50 2646 13580 12715 10168 4337 19343 11771 9434 11542 15789 7869 4419 9204 17837 1498 11008 2592 15007 408 18370 5028 8223 12736 11704 10206 16666 18649 13432 15455 433 5729 14494 19556 3841 8215 17350 11217 5307 5185 1903 6666 5552 18671 15409 11750 8525 6533 19906 3307 19546 1291 15307 16504 2001 5909 14290 11479 9866 2359 7237 2294 8518 3326 13947 17834 747 2002 6901 15704 4060 6062 6377 709 19842 1193 3803 12129 3000 12820 3923 18873 6178 4078 875 2425 19732 17505 18805 1483 7169 4796 3297 2038 13964 10897 5587 12192 7225 3839 8882 532 7964 6239 10987 19238 15940 3780 10628 2700 11711 16144 14765 9019 18996 13744 19327 7052 7717 17099 9032 17190 12822 17715 2630 1267 4901 4268 2944 2264 15615 8522 1081 6119 6206 6026 9514 7934 18863 10389 12613 19540 3003 14582 9426 19256 17932 19766 6659 17705 10904 17939 4090 9539 18064 9878 3574 16033 16645 10488 2637 2989 14680 17793 4670 7819 7265 18597 6261 2064 10657 7993 10917 16174 38 13069 3057 461 17980 2041 8536 17084 14507 15631 18106 6701 10362 14227 11594 3300 18344 15472 10820 2417 3237 10163 4816 19724 17452 8209 3108 4580 9236 4564 16538 7158 19117 11733 15618 9939 13269 15923 16754 8485 1327 13782 12624

n=30000, semilla=0
27144 21977 9515 6353 1843 17611 16678 13345 23804 20187 20311 23947 27211 29537 24948 13293 29540 5996 3740 28693 7556 12359 5634 4824 13075 17446 27855 19167 11341 15090 373 16729 5194 884 21800 16853 8996 16950 10119 13875 15513 29025 21730 23318 138 7760 5518 20546 14057 8987 1302 20793 5590 2003 154 22547 26840 26110 2832 26548 15323 19698 21206 7891 22552 4652 8577 20322 28245 18321 23128 19252 21407 6054 25737 3072 4694 14088 22898 5000 21611 10839 19019 12567 10531 8556 19496 29425 11197 7714 16620 12469 11192 2221 9618 7243 10758 26300 4868 1250 22668 929 29754 28876 16208 25654 8246 23359 4776 3658 9185 16285 24424 314 21054 27484 9384 7849 10592 13280 29297 8733 22015 10136 8533 29650 7023 7911 21193 22662 26556 2200 27369 9966 18515 9785 15707 17735 13887 20308 18487 26941 4409 10096 27266 14607 22701 5099 10696 11253 22393 5264 18283 28772 25945 14330 6830 24622 27951 14400 26760 29135 1788 8866 7731 5633 14307 15182 17383 3115 19999 16127 2403 4464 25200 22037 16827 697 29233 11210 13647 9779 12308 2816 24135 3085 17732 29927 28125 4882 9832 4874 567 13486 19939 11764 28522 1693 27627 23487 18161 25347 20991 5302 17704 20424 13388 27221 4141 27686 22249 25547 18480 26885 24799 13651 14889 20709 25920 14279 7198 22290 18472 13622 16670 20313 1389 13891 17392 2933 15432 25758 25094 21455 372 5409 25229 12122 14806 1654 26963 608 12073 6069 5411 29310 14006 6337 29903 18419 3055 14274 9355 5982 16604 5619 16596 6887 8780 5154 3998 18913 1892 19254 15129 19922 9069 10811 29689 6941 606 18002 22743 8528 4204 17515 5544 4459 5395 1411 14200 8497 3606 21673 12459 12772 23619 2917 20597 4288 29612 2727 17788 9058 28786 20807 24289 7030 14506 29752 29180 10766 27791 12150 10259 13423 24524 16527 22636 9825 8623 16468 2354 24545 19734 5987 21558 2288 25199 9126 20303 14555 7534 15939 15854 28658 26517 28516 1839 19889 20347 2975 4578 24026 10387 17537 2384 16555 2402 24051 18752 17449 7233 2470 14335 2343 3898 28373 29236 5081 9468 15256 27320 24784 20924 3327 7356 9048 63 29602 20545 18859 21942 12105 19441 10234 25243 9690 6996 25348 15111 25646 17864 11155 503 19112 19950 2177 7055 4758 10938 1092 2843 25471 1543 25653 24374 19107 142 1704 11554 22032 22694 26674 23160 25270 9015 20913 22440 14430 7538 1991 10357 16092 5808 5801 10692 17057 11865 2115 22659 13413 12320 28395 26811 13385 9316 25434 6039 27615 15392 6991 19558 17959 16090 10376 22432 9608 23590 8253 15207 21047 26725 4798 4972 17661 23271 28517 9269 1317 19225 8469 9199 8428 29512 11849 3643 18697 1273 14167 18022 10400 16330 7387 9886 25858 16962 28909 12439 25263 48 12063 20032 22100 20571 12869 20557 6056 17467 23069 16287 24996 27972 12121 8611 28577 18027 24476 16514 7 28944 14103 24152 1048 5487 11388 4002 1301 6172 22740 18296 29455 14957 19237 12985 25982 10723 16424 1568 14355 9446 24045 7115 22399 20327 25743 23922 22597 1501 25609 16132 18584 5364 28841 9882 27496 6624 24936 17863 17615 5742 16120 11055 5625 6495 21410 14064 209 20049 4374 13156 26884 8069 27390 28677 7821 13519 17762 17434 26453 7798 530 17471 2911 12889 3190 16455 1233 19124 7893 8792 13618 23659 18987 11177 17371 20951 22300 8477 13500 6737 26528 15351 8411 18888 8062 14125 16453 7974 18332 24978 13535 25172 7138 25842 2575 17432 25245 1236 1814 15244 9534 10149 14565 7297 19084 22256 14833 14560 5393 29114 24295 2966 28222 1008 23495 18626 28460 2516 27924 9853 28718 12217 10683 6700 2504 5781 28764 15133 15984 1004 749 4384 27971 9153 3601 5396 8678 3391 28304 5275 14601 25689 22004 24879 2053 944 6396 6508 28128 9518 27882 1223 26320 9826 16745 21320 25874 28863 14079 29392 18851 5617 18892 3486 3209 25809 1747 4096 4531 6431 27094 2013 8148 19777 16992 7375 25065 24681 1650 19047 29969 23717 24808 22744 4646 4711 27989 11393 25377 17865 13451 16233 13687 2058 21436 8476 11401 843 15574 12436 16660 10242 24248 16719 921 17647 28504 20958 26843 9781 2432 10160 11705 23406 5331 7348 5361 24450 9754 1928 5591 13019 6732 15269 13367 9555 14328 16262 28508 22600 16770 24822 5823 4368 13018 22295 20727 26646 21803 24334 23138 6146 10801 4084 16752 12397 11233 12619 7122 27675 26943 915 21107 9350 7862 19727 365 471 11057 21290 21362 29292 7558 22955 8619 19725 17098 22871 4724 8203 15728 25180 505 1304 15039 17924 9864 2913 24039 29919 16848 4278 23609 11927 8991 1073 20677 7557 4033 5674 329 20708 5424 10940 19708 26972 17476 15673 14238 25599 12503 11243 25861 22381 9520 6466 17336 26364 24672 1456 7098 24883 108 29294 24662 25802 24640 10140 1412 9413 9104 22658 15417 19206 4272 21373 10519 21748 15221 83 21283 9000 8054 17999 11130 5071 19043 23219 14513 21940 26648 9651 13841 18775 403 10907 13251 7919 12697 19115 23114 4398 15604 19646 17035 5115 6497 12350 27590 22774 3967 17340 1177 16488 27039 28044 5998 3185 25956 22564 4666 20699 24658 4215 18367 18556 17378 28045 1817 16448 21152 7951 21948 11952 4605 7346 22354 22213 24311 10515 1978 18304 17547 5476 7667 4076 23032 24520 3234 26414 3833 29115 3091 19971 1931 13265 6629 7500 12113 13640 25989 25650 17719 4139 11250 11535 9526 21012 2958 27150 20574 14596 19146 2204 19337 17276 25046 15061 520 6305 13921 28732 29443 5549 10175 7191 14346 10195 10805 75 2389 16440 4387 15895 19032 2172 13037 11409 11176 26256 14585 589 17103 11931 29419 5385 21176 18688 19304 107 9228 11469 18288 23611 22311 27022 11397 18459 26160 25315 27678 6253 641 5162 13226 7710 27542 27533 7406 6623 18924 5095 16795 19287 5618 14306 13016 26230 14720 24846 16953 14220 18488 29204 1696 13803 23492 29064 16361 10830 10729 24618 12238 6222 7754 15748 366 22084 14189 6966 23529 17513 18950 17127 16867 14990 28091 16831 2342 6327 11825 3296 4653 26226 21710 24753 9177 25030 1353 2656 20065 15481 13359 466 23736 14649 20324 12739 13983 308 25508 28692 13339 16930 6411 27309 21203 19178 23123 634 13146 16185 15216 27472 26607 5221 18550 15357 21074 18198 25283 14855 21890 29743 25004 18006 3900 16505 14632 25935 3962 14211 10756 7143 17769 9108 11899 14380 4500 12832 23297 20963 18189 500 14578 24836 27545 15987 18674 3069 15605 3712 8982 1417 24253 6937 5485 9182 13956 11348 19640 27157 9907 26738 13697 24559 24615 9437 21770 24081 3011 72 16337 27746 6249 6443 28173 27047 10478 17058 11853 12125 804 25399 29942 6230 113 28041 26589 25289 16008 9516 26695 5129 3416 25424 1731 11804 28749 29797 25321 20804 28973 11184 1176 16796 22274 22408 18345 15577 19743 5403 18435 18628 10672 11928 11641 16279 27037 12558 5647 10171 21110 3637 9873 17237 9689 2686 912 9216 14842 4138 25138 24165 7086 11290 17621 23541 20629 817 7950 12441 26065 22297 421 24214 14000 1123 13548 7185 17268 6983 1784 11428 4960 12372 7358 15461 21177 16915 12230 12560 20846 15027 25103 16877 14908 4113 25561 12477 19506 25766 28925 16573 18818 3056 12863 12072 3165 14077 23640 26907 29625 17341 3204 12645 15320 12754 14886 18861 20184 11621 24579 16304 17367 14851 11527 17702 3525 3107 23968 22217 2645 7070 3618 23275 13778 11461 93 14880 28184 15628 19638 2086 24033 1287 29439 10985 24635 17911 8666 10790 2549 16296 1055 25713 10896 24404 11910 25774 21448 16579 2764 741 29834 27780 18221 28394 27129 2578 10704 15488 6015 4990 28112 4807 21095 2293 22269 11264 5041 23324 17743 22981 7513 22526 3094 22379 2740 21103 6254 14609 18131 25767 26449 28064 21311 18028 1651 25567 4393 5139 23374 25337 2691 13954 24431 10859 17116 28182 334 394 4326 25916 4782 11073 10900 24294 5053 29457 8481 8285 12508 9848 28342 19673 27963 27240 13155 6277 12824 1592 16088 11520 10636 20250 2479 4071 22644 8130 24645 20730 14232 28 15172 4703 6760 6682 20464 13509 4130 24986 25894 20439 6723 3536 27820 15612 10285 979 3318 5313 20981 15769 25017 27379 18164 4673 19783 11954 29655 6730 19570 25179 27862 20672 15500 23904 18733 17221 20101 14173 27738 14433 9919 15813 10439 3263 7304 16864 12330 11444 5555 13429 56 19090 22013 17653 15958 2381 29964 26539 23845 18275 17389 499 28455 1576 25983 514 4009 2280 13839 6383 21371 14419 26305 29669 21332 23860 21788 28123 20833 6793 2032 23754 29275 3268 17806 11702 8949 29878 22104 27444 6971 26394 22969 10095 24921 27531 3019 22437 16765 28307 11567 24283 4014 25077 19507 3959 8983 3911 15808 3282 26473 28582 192 22710 29050 22536 16217 22570 6634 6614 22264 15597 21830 14286 18963 6570 27742 8915 25563 27473 2185 10685 2126 276 20566 29767 23437 6496 21735 7352 26505 29304 5672 22340 27089 22873 17602 15937 15029 29461 8160 2443 14095 25392 18351 12106 27995 25553 9522 2579 17273 776 15017 16190 6625 29270 19962 26465 29975 790 16444 11254 28828 7652 12496 28239 1930 8652 2848 20600 376 14137 11379 20094 26753 25897 8563 4181 17001 1391 12894 29968 5510 13035 18229 23244 7776 9637 11299 1948 27075 18043 15219 14747 20493 19054 6525 21715 23554 20957 693 23661 19394 10885 18730 1083 28553 1116 10183 21008 25637 13206 3948 27269 5137 6569 12449 493 3970 4133 2738 12046 4921 15242 3817 13053 26533 13667 29882 20038 6025 1714 7929 29502 8387 812 3553 18457 8406 1861 16881 1260 13421 7408 3657 16808 13235 24199 9704 22035 6311 21067 21137 8696 2874 16446 7590 28587 25150 20624 25490 1909 539 25441 8788 2267 5012 3199 29762 10600 23665 2128 14556 459 2826 27053 22698 29156 17945 25854 3090 7923 25494 11325 27252 6989 16108 8731 25134 22064 4659 28408 15119 21581 11436 17960 16550 1337 17348 20822 7727 13261 23728 7996 29874 9342 16895 24498 18107 21540 19235 8626 3439 1418 4705 10693 3600 12455 22268 14280 23326 9286 22305 25919 27071 26018 28670 27589 21202 24695 7626 4585 9702 12310 9591 15272 13312 22255 28230 9543 4947 7528 4526 16363 25260 1993 20969 17760 1027 15088 27281 941 2962 21296 5646 10621 3103 11793 2557 24335 24514 18936 19855 11353 6465 2453 2308 7835 28197 23928 2119 29096 19025 20293 2069 26314 15509 17712 18940 25657 24159 1919 14313 15261 13247 15650 9524 28378 3774 1407 5003 21153 7156 10684 21139 6977 16365 2143 5789 20703 12632 19785 5069 5687 5666 7447 13860 6753 1325 13985 11031 14673 24690 26996 1895 16606 15213 22722 11205 28716 10654 1012 4158 21914 18429 13821 10725 12678 14760 18127 7860 16089 4025 21589 2620 21508 1613 14142 17958 1738 6518 25072 3936 17553 16215 21472 23036 6001 23869 24055 21644 18451 19873 10870 8618 10018 8002 21967 19868 17599 15187 5119 20134 9473 20881 21951 3678 10425 25341 14843 11816 3395 7719 10412 25775 12549 731 5178 2474 14349 12724 5547 23289 27933 27125 29783 2152 18227 3345 9645 26061 15521 25824 6046 12474 10682 19542 17580 22155 21696 24983 1998 13837 13745 24143 3365 14407 28179 1727 821 23508 2629 15511 9495 20837 21003 24489 2405 24348 18868 14998 16568 11422 13707 23422 13698 21146 23668 1818 27769 23056 23122 6947 10027 4568 5413 16247 28067 19614 11268 21356 28325 3698 17746 23011 966 22407 14748 1441 7922 1475 14923 5997 22556 6423 14003 19733 10145 26623 8480 9529 15971 28070 8174 20640 18428 6439 8288 2478 27312 16116 7066 12090 9009 21930 25073 20973 23971 1406 10086 21941 13463 15642 19165 16356 5186 25412 14612 26888 21690 24403 3983 25707 208 23643 12036 4447 1131 3218 13828 7517 5515 4965 1733 15534 7282 21196 16223 23687 25592 5810 19020 10563 28910 7747 9751 18474 8973 4135 2710 20215 22856 7452 17360 16777 8972 22681 5184 12191 17638 3591 7492 8013 2102 21039 2838 9427 14181 10187 14416 2377 27961 3512 737 5226 26645 12524 14510 14375 11663 13882 11503 16490 21939 9607 3878 4769 23899 21734 16849 5481 14215 23013 29894 24666 10260 24213 24877 12399 9633 10906 13014 2268 6642 8748 7082 25958 4647 3989 18810 29197 29408 11336 28216 4103 24547 9480 25635 18166 26007 8279 462 15183 22391 2137 4357 29305 7151 16313 11553 19547 4039 27234 21359 7661 1828 6323 3099 10819 9156 18272 27415 7966 24858 6632 3393 4486 8774 6180 29529 27910 22859 23203 12647 20798 9656 7139 7960 654 15350 8210 8587 21524 25590 21275 4385 14492 11488 25469 5181 7253 20771 26656 11248 20365 23927 17005 17162 3779 24990 16744 5768 19130 10155 29690 25174 29702 10953 29295 28806 13057 16829 23468 1796 5540 25203 22748 9363 15911 11269 6745 11109 12208 12677 8616 20766 10094 616 8382 26828 8465 8424 10035 14174 8077 23866 14758 16124 13695 15690 11930 14970 26737 11710 3288 17456 28257 26826 22677 14396 8024 4441 203 27131 26636 23436 15210 10957 17530 2618 5826 24961 15099 11352 15364 3789 11091 24287 10941 2757 12553 13642 8060 26602 5420 22504 2312 23648 26139 21128 1107 5279 3569 15032 22136 22289 12649 29031 2340 6734 2684 8035 18746 11774 18557 15700 4902 25520 5903 25483 20451 3485 1996 12201 18352 20355 23955 15157 15961 4147 24416 1386 7506 12286 21210 8136 15925 26265 22390 5528 24036 1039 26696 26136 22423 9158 3837 904 340 25584 11903 25711 6803 28736 22188 17512 12635 29111 12431 21020 17883 15518 9080 13510 12688 3505 25581 11964 20813 17248 5835 21154 17247 10581 12854 26082 4207 29272 10924 5121 19214 866 20396 8875 28238 28509 6044 29883 25551 26198 28864 10238 16903 15185 7246 15476 19722 249 7444 20157 19118 14813 18366 1967 21143 7603 1283 18026 19261 14795 24212 22802 27960 4389 6064 19430 928 4119 18503 23420 25280 14898 25161 24147 2269 18080 13252 728 3186 20408 4894 7988 20750 27874 10020 7041 13003 14258 9942 10590 13668 14405 27973 5470 21126 10435 22027 10164 23898 6818 27760 3733 16437 4939 18269 28037 2056 17353 5848 21344 10378 26595 6256 3921 22320 19887 14892 28713 2963 20667 26958 3624 9388 3402 13070 5732 5531 11668 17466 22152 22634 25529 28767 18430 17987 18780 15319 18677 29688 4634 17594 9935 28272 1348 446 8458 3813 17192 11672 4089 1098 815 5489 19514 573 2061 16536 14339 14096 19927 23788 114 26525 6059 8367 10469 25642 10549 25153 28988 19756 7967 7009 24650 27521 17819 18864 23699 10589 5886 28085 21609 26794 16305 9033 12277 27275 13218 22272 3575 657 16276 8898 6669 17328 13927 21971 18233 28831 18040 12241 20106 7884 13586 28525 11589 24869 21488 10535 29253 24178 23003 27186 18054 23018 23772 7118 2210 5837 1587 2792 15646 25720 14197 7445 4187 7223 559 2404 12050 4202 23293 12783 1849 19964 25191 4094 1490 21516 23670 19977 10066 633 25088 7316 7353 27439 6509 29511 21559 22053 6093 12336 24801 16425 24923 25326 5628 16693 9749 13503 29312 25992 5671 7799 27956 3158 10572 6221 3360 18497 29166 10607 29725 20912 8910 25619 28714 25479 12030 18790 28738 2199 5207 12432 18794 2490 15271 10868 16316 2759 21097 18013 22729 24290 13071 12874 18004 14586 2459 18776 18651 20270 18640 20073 23093 10125 20255 11781 29298 12718 15078 2894 13501 12547 21686 14683 13631 11881 11659 25405 7315 13065 24131 69 4751 17195 11889 17425 5371 2852 21409 9469 2144 13175 6124 29313 16370 20486 14717 1790 2111 8684 29277 20661 23074 2783 14580 25485 27620 26732 5271 1344 21769 6653 1745 14864 15387 29606 8108 16766 274 8163 7111 22055 14164 23757 16990 24838 5419 15636 12434 9881 21695 12803 9682 5161 21663 9703 20004 6169 4890 5312 25895 23498 7746 28247 24682 11850 7573 15675 1823 5962 29405 15278 11157 28297 29119 16252 24951 6535 21762 14285 11087 12528 14523 22648 16250 23626 2664 23141 13836 10619 29803 8782 14726 9224 18180 14981 21509 8543 9486 27584 17765 12674 15613 18324 15376 5664 5203 10986 1583 26774 7044 26134 11866 27145 26851 19315 14047 17550 8803 1212 5957 25316 28495 10055 15386 12775 15076 28859 11712 9830 28950 335 8229 11829 14731 8851 4159 28724 6111 12440 5966 21125 10919 22799 26253 3920 19775 11966 28958 1629 556 5277 5597 15611 18431 16674 18042 21778 16708 9111 24860 10697 22469 21282 25605 5660 21945 26507 25057 9790 27817 2728 20013 17126 26924 25379 11580 24008 28765 1224 16860 14652 26396 18412 15215 15378 115 26188 24471 1426 20423 12081 10080 2335 1586 11017 14939 12962 7685 12992 8872 11726 18192 26795 13629 13611 11707 21099 20113 16307 20005 29864 27376 9865 18581 6428 7618 4511 2107 12675 29174 28019 15047 7104 8224 10918 5274 17764 3079 8430 11095 25045 13358 3390 16100 13950 21848 15181 21657 20096 24444 24679 26621 16065 29263 8683 705 20395 7061 21691 19248 25571 27984 16360 7300 4571 25700 5130 858 20133 26117 18683 5620 23096 14171 3370 9933 10532 26744 7917 19480 12011 14114 4403 668 16846 9729 12348 22401 19984 7328 19138 2777 11310 10686 244 23158 9012 21284 8081 12810 24004 11648 25063 9115 29112 5308 4363 24619 14483 7039 518 615 17428 28842 10536 13200 12141 20926 37 23288 2724 450 28523 19387 2163 28526 9090 12760 962 3438 6579 12117 10506 20880 19651 9728 22147 25248 25336 6962 22467 29868 14033 3180 29737 1202 3049 23065 18944 7048 5059 12609 11819 17274 29778 13718 26699 13589 3814 3436 4242 17384 11279 24824 11549 888 15465 16198 6332 1492 11620 7287 333 24595 14138 4160 11562 24627 402 1876 7335 27923 4322 18543 23212 6507 8416 29367 7270 16187 11006 7028 14469 29930 12808 12274 3845 14822 27880 21285 4541 16560 17548 21807 3617 3735 28827 12152 27498 21760 22867 12667 25250 14773 19017 20855 23323 9237 12465 11608 15510 14699 2897 10321 231 28052 27803 20016 12507 10291 9369 17206 1507 16542 15674 2688 19158 13794 2657 11942 9693 7181 13644 28823 9979 17635 17022 23104 14381 7979 15777 15687 1578 1147 24844 26708 9327 16209 659 3183 9436 4975 16056 2327 19080 4712 28697 19122 12996 2641 2717 20541 8847 27084 4878 12771 25944 9981 13754 8572 24392 19566 664 12729 22971 4315 4669 29105 20794 124 15165 1622 10017 25302 20823 13253 28262 13524 16907 26143 22337 4192 24439 12695 23459 7047 8346 20109 4612 210 20770 13526 25085 18991 9891 2668 29446 9597 7056 13401 7728 6455 23462 13536 16104 10108 5704 2036 14014 5286 29433 3034 12679 2091 926 23442 20966 9229 26417 19881 27815 19281 6499 10771 6985 21182 8190 17037 5710 19384 14557 10153 4627 23859 23408 12844 25538 3625 5288 27966 5066 11258 32 3677 9601 28969 1509 24626 24794 16673 8757 25865 13387 20242 405 29861 8066 11631 17984 18699 980 10491 10747 26304 3444 15370 17850 20784 10914 323 24608 13061 13798 28022 18744 3142 24726 9947 5734 28191 19440 20240 8037 11161 15680 21625 4236 8880 24256 18438 12885 23398 27123 13311 12039 4859 6798 10584 17608 23855 22145 8034 6415 29370 19583 27217 19564 14593 21432 29670 14642 27258 6474 16815 13433 18237 16993 18986 5717 2901 7337 12954 5317 25525 17858 23537 11493 23538 8640 12551 7166 15446 14606 4575 16533 17564 17298 26293 17954 14967 8112 27853 9136 3747 23303 4256 21133 6683 215 16981 3739 13029 3246 21405 27214 29714 10905 8988 24680 4935 7789 8047 9978 4059 24934 29921 15859 18146 22911 6697 17040 21379 19702 2974 25113 13568 22204 7102 25898 16018 4797 28918 9568 19805 10770 67 13025 26778 25080 3035 9381 1182 10826 3555 16000 774 10579 18196 4916 13249 13355 3956 28207 25810 23567 21776 20515 21553 10009 24323 3163 29798 16937 24553 17203 6771 29939 11588 19597 23085 14703 26404 13008 3029 17166 1952 27213 23686 6270 9094 11959 13476 7583 4107 6528 18743 27482 23870 10004 4883 25252 29004 15740 9406 12401 28941 12419 25656 19123 29458 6135 3730 16810 25355 13329 29442 13724 19634 9213 29418 17368 29087 29447 1050 19531 10935 6844 765 7872 29349 13750 18437 9450 6952 6371 19714 19578 19097 25192 22276 7619 23849 24821 14302 9652 22542 9060 15026 4928 25162 3888 2819 28376 26703 1799 22362 29983 8470 15163 23519 2166 24940 4072 2024 28332 21129 17412 7152 21793 26973 15871 13753 24150 19825 19867 24473 25741 429 29198 10981 29184 18883 18601 28252 29653 18058 27364 8447 14185 5201 4930 24255 25480 4737 28435 10920 9602 27946 18509 15028 29867 22072 4649 14655 10676 28425 19109 22043 21483 24565 1888 10968 1575 19404 17320 19013 23022 25951 16625 27804 15477 16661 13467 12923 2090 17763 8102 10327 28923 22453 29706 20554 16432 21874 18993 13661 25067 1052 24778 4006 6137 21959 6913 29840 20988 9849 1404 27726 2750 3504 15918 14755 28569 22834 19485 13007 10236 1523 20449 17081 5901 3608 2803 6695 15198 11369 9598 25687 579 6837 4290 28161 29704 16481 9390 7825 12171 13648 23630 8775 23603 25663 11775 17223 11934 8575 22788 8006 10297 22667 16044 20733 9379 21085 22675 3702 9859 25638 15627 5443 19720 14532 8453 2619 24251 21394 24852 29438 23608 3222 1244 22187 1917 10441 26991 19645 21422 806 5867 18353 2776 3908 12629 3217 17447 15087 22451 26559 14257 3868 6866 27544 9937 6582 3892 7161 16724 10043 16703 17333 2633 27604 5946 27355 21943 12228 6663 25406 12334 16688 16680 6053 14614 21372 29498 9509 17287 584 2631 7937 18225 7404 24188 20854 7507 6133 17895 14563 14326 28652 13712 17270 26348 26698 16734 27731 24924 29674 27636 1601 9571 11226 11670 7063 9179 4381 24929 10029 18358 3534 17533 19170 23421 5089 2836 16800 26355 11650 20621 25226 27505 6511 15105 27111 16408 5757 27534 11625 8676 25981 22117 21079 1912 6033 11435 7247 14776 3565 23981 2227 301 22112 29677 18786 20620 13684 26132 3597 484 2558 20305 7275 26120 15167 2339 10945 15516 1446 29422 1906 13161 15990 6789 14468 11662 4369 15654 12798 17216 15776 22865 6656 29067 19895 1740 19552 18377 29247 9902 18813 17699 24597 2858 5529 29962 26497 27407 11992 28719 8950 26464 12444 17817 9146 12103 3179 13342 13533 18881 16862 8947 27611 22640 19290 5545 27366 27865 14891 12953 2440 22760 13795 6099 16577 3030 29389 23725 17375 13817 10604 23120 12438 18119 15368 5733 24609 27581 26381 14317 15751 28176 8520 1184 19231 10674 5961 8055 23103 7664 26375 3653 7057 15907 16399 17770 27248 2433 24220 29037 15659 11785 1778 23803 15686 6416 29059 2313 437 22070 9709 13910 1235 27813 10509 7298 17607 1851 24109 25970 14969 5989 27920 10923 6224 16352 28432 2077 28880 5631 23540 6911 2661 21463 23942 16868 5564 12367 24550 17532 9461 25888 16852 126 22253 3799 26680 3954 4012 4967 6721 20020 19347 16035 4755 24596 29594 28157 18531 29646 6920 15919 25986 1343 24817 7946 27661 22192 20072 16130 21027 17664 7245 5243 3728 20017 29238 27353 25225 18554 27454 5776 28502 8968 22398 22455 14895 538 19923 16935 1394 4654 10996 23507 17272 16244 27344 25401 7153 29860 29909 25211 25215 17668 20872 26472 4829 22714 12642 26125 5009 8171 5561 25575 12337 18481 17593 8995 18593 5586 26512 11875 13365 25800 22370 3812 23497 4969 2057 1647 27361 21542 1479 9308 14542 15703 381 14072 5665 19659 17878 11979 28813 5045 16924 17294 9149 9359 18074 27506 23588 29129 3851 4854 25324 18239 17100 868 14303 4455 25882 21001 12140 5550 16705 29340 5065 20764 2677 28995 206 9580 21599 15442 17943 25133 13166 25086 12202 130 6646 11009 10392 15862 2369 16780 16812 17238 24486 18302 21794 7512 21389 25393 19995 13425 10825 3382 3499 25881 4163 20297 11769 13776 22619 21337 8588 951 4292 19224 2674 120 18340 9742 27095 10720 28059 24649 6744 10293 12587 14701 1739 15203 13542 29586 21808 21648 26211 29382 13198 14321 1251 10419 22006 6946 24798 29933 28061 27846 16512 14544 24092 18834 11776 5005 7903 6599 16205 29889 17861 22924 26183 24019 25559 29202 5225 18312 23655 8239 28722 4909 8051 28145 7003 15820 11062 3766 26266 16469 18126 8255 15558 1234 16767 14651 24569 15952 15924 18908 20104 1399 16297 27695 14769 29286 16652 16153 19022 22383 14764 18975 11652 21891 10573 18181 28035 25369 29526 28286 12612 13920 10205 15487 15158 22693 4850 8934 12004 21697 8478 5918 20167 17091 8927 23145 23042 22972 10943 17682 11475 18585 730 1853 10274 19499 15589 22052 5719 16597 28073 26946 29712 26681 15268 13105 27642 352 28972 22705 21349 17969 17076 14153 8364 10664 26008 24447 10388 18267 12153 6823 22418 28266 22520 18446 16927 25572 9180 20481 21324 2857 4428 27779 24073 7330 3335 27247 12924 11339 19048 22676 13785 5574 8343 14820 13477 22752 28279 14924 27575 18535 9989 17907 2814 25299 18469 25994 8668 13379 17170 2326 23645 1746 26362 21116 16323 7401 24340 11758 3333 7432 696 12997 27030 15383 15084 9326 20442 9934 4622 4980 18968 7498 12319 14116 12947 9505 12154 10124 9039 7804 14852 28726 16186 8925 13186 24775 313 12204 23683 16331 444 10580 16984 11453 3063 23961 24082 2919 27220 14094 1504 20196 16768 15164 18555 6471 10925 15062 16995 4632 40 29477 15243 28308 15444 14479 7229 2820 13804 5451 15795 12163 22046 7319 958 17488 27270 5649 22427 10505 25221 22506 16520 6924 13877 16700 5106 8491 4276 22102 23684 16517 10173 23832 22966 27707 3791 14917 19121 18673 13918 15586 28217 13550 29485 25691 13204 15557 22463 9986 10174 9145 23653 10630 8911 27585 1160 24371 9116 16982 19283 10942 7317 23767 12929 25624 27648 24139 11577 7296 8820 14061 24786 9253 1198 18258 9554 11080 389 20938 17152 23106 24071 12392 24600 6138 28202 18789 24492 2576 24100 18402 21102 12833 22194 17836 24171 17306 14863 9875 13307 26285 19385 13164 17009 11481 3441 2083 13614 3804 24103 14488 19524 13174 4302 26598 19520 19135 1422 28640 3097 13894 29885 18938 27685 3563 16772 759 22706 19308 4996 10494 877 4936 21233 11874 28383 26224 17926 24239 9337 15005 4298 26202 10325 5244 22738 17051 3168 14786 8293 3184 24423 10949 16865 2879 19601 3941 6068 14597 8946 10678 1774 13525 17605 28546 21750 9836 22355 20348 29306 4925 12227 28148 12883 28133 14482 11419 18313 26793 4876 26770 16919 25119 16689 918 29745 18290 12599 9358 6566 370 22180 23488 8932 11070 8195 18611 6319 17897 12877 896 12263 7953 28728 11364 5541 2513 11531 1306 29077 19257 11708 18368 16809 1217 970 3992 16392 29069 14004 9140 24881 5761 7309 7217 4845 17479 19421 15414 11221 1721 5952 25729 4450 15197 8841 16122 9549 16711 12190 26340 29639 12839 15427 29401 7787 7984 6755 22817 22874 3721 5309 6589 15733 3586 19840 25968 27667 7147 20894 11078 16547 6611 14603 18007 25278 5684 12684 23067 1300 17846 507 27728 5378 3434 22478 9162 6343 26241 28710 27036 26860 20866 12523 13093 21328 21652 23594 18329 6861 8864 28281 6993 19728 21486 14541 472 6926 17831 25736 18624 2275 23873 10710 10013 18029 14571 10041 371 2193 18922 4069 6213 22063 29183 9258 21933 23157 22419 3620 12195 10821 27159 28943 3018 22553 26369 28236 12709 12383 18392 8515 24982 948 21117 27912 9081 11160 25115 27588 20867 2338 15607 3913 24025 14802 4675 1164 5440 14305 4024 11524 9839 19373 26635 10698 26406 10076 9792 27261 28065 3060 8301 22878 14165 18841 26565 4818 4196 28554 11716 1018 5787 23533 19848 17377 20496 16447 25394 4114 21916 2336 5754 25676 28951 3692 6280 1860 20268 2067 10798 25771 22589 23958 18741 21397 7909 15498 4987 17641 23885 8603 8026 2345 21259 22278 14792 1090 12621 11368 15379 23066 9322 26957 19620 12817 5183 22560 15783 15626 21632 5869 5705 20174 17086 22527 26687 246 5153 9028 16381 29504 20035 16369 3161 320 17085 7550 19819 19571 5902 27109 26455 6994 29296 11099 5692 28530 4456 22947 14854 6727 11888 14151 21551 3539 16322 8629 14417 4309 5959 11096 8397 22120 12841 23115 7203 4045 14192 10651 28319 21875 19813 6557 1580 18989 12750 3763 11183 14415 13643 18248 17464 7580 14100 2951 21522 2458 19406 12967 15896 10477 17290 3896 3538 12104 4383 2889 15403 25287 23978 15108 5644 10197 17493 23419 5248 26527 11497 19156 6916 5250 2542 29471 21771 5007 26757 9546 14420 9510 29776 89 13402 18011 14073 21477 8344 7176 13716 26412 19131 5143 24415 1935 4036 189 11961 5206 19471 7497 22642 11991 23473 8764 9915 20944 15989 4280 1062 5923 554 4671 10447 29 2862 23911 18933 25723 2329 15559 25048 9187 26632 25022 21364 6109 3914 26460 6188 14921 15702 8644 15714 12797 8895 3566 10754 1195 18760 7068 25340 11544 1070 25224 3417 27305 15107 15678 13523 11738 21612 18589 6012 13165 15211 13812 15975 5135 8871 22594 23812 1881 27783 27612 11440 28193 1099 1210 18082 15995 12010 12901 6300 22333 4399 10048 5494 12778 5136 21960 4417 26113 899 3230 12212 23345 14983 2493 24637 6739 8186 9946 19644 27289 12762 17136 19660 16219 8214 19372 521 5850 13574 25164 21636 10641 29237 15819 28630 16580 17501 19310 5452 9564 5285 1953 7029 10737 4297 10133 16341 8691 11324 14736 14495 29671 5916 29436 19500 12086 20269 2298 11590 18111 5074 7877 9777 1709 27710 3155 8908 21361 27360 7286 14558 28843 1103 29507 6341 21002 12323 953 28609 8049 3197 17403 20323 8637 19444 14540 2509 161 5280 7527 11218 25923 2883 21223 19291 20346 16082 9793 12931 1782 18072 5737 18712 17143 11074 20669 20210 1279 7729 9305 12916 10312 24820 15603 11131 28865 13531 3169 17951 15094 10599 3872 19033 22336 16134 11065 8823 12284 18159 17482 19226 9976 26717 20002 21073 9034 2785 23339 14791 21225 7322 17709 10691 19402 23075 28825 6986 14373 15066 24995 26886 14009 11597 19876 5113 24490 7620 3757 23202 3580 5521 19912 6251 10128 10598 13113 11478 4497 28097 2954 4912 22294 16038 1927 13072 6923 11871 18220 17335 16052 18690 28158 22114 11199 25896 26808 25694 8328 145 5002 9215 5014 29421 27068 11019 27365 10244 3710 20806 7925 7248 24306 66 14933 981 19584 11376 12917 19411 29039 13907 13132 15815 3098 25416 12293 14169 20618 25532 25027 6392 3562 9168 13823 23449 24448 19963 19191 21978 3102 14444 15882 691 25002 25543 12747 19780 6281 27682 23360 14956 10663 2505 17296 10787 6870 16011 17708 17181 13066 359 22045 21340 25091 6960 5857 15234 1661 12083 17142 5790 17205 11855 4347 1166 11926 1408 5036 8032 21180 13496 28046 4293 9203 29023 18138 26868 11922 12719 26012 28720 10922 6872 21513 20903 2649 8546 13632 12998 22579 8414 10679 17791 27720 17481 17416 27286 16987 5589 29375 3020 19794 16804 23355 5483 21300 4448 22632 8804 9649 8816 16667 29480 25444 20628 25083 15057 5880 13310 22798 1505 23553 10407 19021 16532 12730 26934 7803 22685 1929 22098 1045 9841 29792 15811 7017 15536 19216 25495 19943 28985 20271 20805 19741 158 23133 23624 9417 20861 12814 11451 28994 19965 6147 7769 7948 21681 19781 24166 26488 16983 25231 6435 17184 16350 28830 6931 13556 29934 2517 27101 6117 29592 16549 20259 17029 8459 5268 3828 1658 1618 23980 19807 28189 29506 27198 28891 771 24244 2763 12912 8746 11122 8245 2183 19664 29095 16554 24931 3514 20385 20319 2930 23321 15229 8064 11515 24937 3587 27868 17755 29084 7268 27212 15955 28733 29895 23792 2753 12476 21093 4438 20696 18879 13912 10979 21815 15814 29718 28808 15422 21261 15956 19332 11975 24692 9670 13032 7847 23273 4047 22443 28611 18060 16419 1149 23173 8392 27805 11944 24664 26955 18647 24768 2316 14218 18326 13857 13357 16934 10559 16743 22607 15398 15670 27964 19282 3243 28942 7471 9613 21536 27362 14780 17988 14724 21384 24144 25617 11394 27528 7267 7002 8596 15949 29102 4994 22338 2289 21905 28140 13187 7687 1376 20790 26750 14531 21908 4679 17503 26271 26089 2211 17944 28134 16706 25015 1765 16787 18961 24737 2106 25883 8868 28481 27171 6649 1674 11304 3419 22183 28291 12532 28931 27906 8040 9221 14449 16986 15504 17922 14424 2680 15582 29547 6514 17314 284 5322 24632 3420 8769 27696 2434 20372 6309 26471 1544 740 14058 28219 15428 4253 2711 29831 12409 27491 22660 20606 5891 11685 21163 20697 22024 13961 10613 29997 9161 2956 23194 16552 621 12734 22265 1266 22976 26796 29699 12379 27788 9838 14912 17859 25232 13450 15231 1455 19267 1989 18143 3830 4730 14705 5865 8980 12896 19212 2416 12394 14784 9536 2904 22605 18178 25973 17576 6826 2301 4457 14231 26782 3593 23046 17841 10036 9932 1898 7793 16346 28559 25602 26081 24042 20064 28147 26951 4733 28350 516 6774 20233 21385 1720 9443 24744 23400 6153 26856 23808 25928 8114 22301 7697 6197 6458 22360 30 17620 8937 14634 22716 18256 25101 21013 6973 18160 16888 5681 6948 773 28048 157 21989 27307 9743 28550 18015 17498 2365 26393 13688 25671 15556 7395 16183 1933 27199 19796 19812 26710 9218 29323 23225 21519 17066 7036 3564 13290 2398 19129 11222 607 2246 10303 9005 1873 28649 4768 14217 3784 26964 12094 24030 21718 18417 13670 3134 15791 28421 18716 14741 15482 9382 15745 12149 4981 27387 27462 9278 21864 11412 13050 13461 26466 25588 2789 21869 12548 19328 27058 17511 15420 25359 2918 19438 18983 3666 5127 16776 10947 8244 20967 28534 25256 23242 21903 18212 15193 24522 24570 21078 13097 3648 24204 810 17117 24176 17129 18018 11021 20370 6192 322 21331 2324 17261 17517 15160 8490 12968 12368 11395 11813 23081 26478 18731 12559 7859 13653 6168 13348 9822 4695 20488 5172 4171 26649 29342 1405 4584 8869 19818 18409 4591 15449 16826 23517 13194 10423 13341 800 28356 3247 4609 18837 7999 25411 25677 13288 24409 8045 17472 5167 15348 22248 6410 20108 1887 9422 8639 6071 1584 26961 12137 2614 14508 1271 26693 3372 25786 4377 18822 21929 17556 17925 12975 4950 26971 21888 19636 13971 80 18846 17236 18455 17899 18137 16975 23555 10470 18024 6418 13447 29475 2005 28416 23718 18875 25606 7939 23047 18631 19148 5050 24591 28093 28090 22525 21500 9472 24458 18816 19259 6567 28320 886 18634 15978 27325 410 22116 3353 11275 12120 21799 2040 9929 29383 23781 29062 25870 11880 13028 29940 7628 13806 29482 7200 10267 1248 25352 24086 6987 22759 10162 23829 269 4477 20818 27081 3548 3454 23041 21722 27863 25864 8362 13178 19230 19822 8907 844 22044 2393 27321 4313 8863 12702 27256 1762 19147 23679 18449 18586 9803 26950 20689 21227 22876 18945 5427 494 5021 20229 4316 7405 21804 16224 14821 4875 15722 19694 12497 15749 23080 23696 12185 24452 10402 16578 20295 8039 11044 15581 14890 21537 25206 1540 4028 25949 29363 15594 27317 25496 7772 29015 7945 10779 27715 7614 6690 28979 24543 10032 28323 19711 931 9421 21704 21504 25095 24652 1606 9391 4555 21263 2191 24190 14158 16622 29819 10060 6801 15679 17784 18184 6007 27126 2791 17828 12717 4287 21347 17021 4462 14020 6426 21689 26215 15801 24310 10228 14985 1679 16458 11947 14063 5410 23330 23536 11178 4941 9304 17299 22257 21049 23893 21443 27941 5749 25568 15308 27840 27838 21899 19316 27761 20989 22200 16429 3221 23503 18094 24453 4753 2689 26102 13002 15399 5659 12683 28916 4466 1705 20906 6284 20359 2413 21744 9052 23438 26286 24688 8325 25765 20193 23201 1110 20869 11653 17785 13023 18034 16940 897 22613 28420 1687 17710 18824 24765 17463 16087 27106 724 21052 17048 11636 25716 7896 9183 28771 13637 10413 19324 25879 4143 17239 3213 2285 26405 28915 29444 24347 29501 1791 6881 19003 16738 13943 14156 27348 15079 25204 1982 5068 28545 29469 26030 9250 1825 4937 3076 681 14497 13133 15970 222 12843 6939 10371 13779 25933 10254 20814 22901 855 1676 10703 19611 18261 3465 26322 29259 3528 6459 17870 16802 25428 29203 7868 9096 10127 27434 24484 27895 28616 20520 9799 10178 16732 17531 15968 26121 27259 20420 644 18168 6477 11795 29291 14641 1534 18596 13024 26309 7239 17652 14552 12900 8904 1656 3285 10841 6369 9309 7662 19800 17052 28078 23312 20445 14183 15809 2125 9395 20063 5596 25798 9691 10075 27504 27136 8099 28119 8347 3330 6347 10667 29381 19900 27392 24136 6370 25526 28953 7392 7935 28847 16976 9617 6500 21063 10711 17429 18680 4471 14584 19537 28510 23534 12088 18949 28341 18010 1470 14504 25266 27249 26722 21238 11164 22887 26244 1112 15426 18089 24647 18281 631 25005 9917 2039 16478 13424 5975 10347 21749 22821 8121 9967 28617 17678 20949 20679 7971 16017 20320 26377 18537 345 159 12167 22790 7782 22195 22233 3043 13472 29472 23607 14590 25385 16201 355 11498 24693 22985 17571 577 24022 21517 22555 22846 22193 12556 17078 25376 13091 26540 1619 5520 24494 5006 6951 26995 24237 2559 17165 4853 10994 29898 22937 12132 25126 11618 1638 18461 16203 28113 13242 19860 12 3768 12604 4720 13582 25147 28707 8164 7031 23702 24566 15863 28379 27745 3513 23207 29999 8353 18017 14445 3843 25661 19632 9954 1821 28869 29452 1088 18574 22474 3306 17696 27180 22546 13395 8082 25363 17707 604 21863 1076 9753 25074 2182 4116 6581 21404 1525 20681 12591 19469 22614 1655 423 12423 12197 8628 18927 22657 25721 15082 20737 25291 17409 26108 12035 14756 2224 4064 19305 24942 24853 15684 25975 18854 26250 26759 7549 24571 1209 14840 9990 12500 830 26454 8917 19379 750 27356 16332 869 25383 28867 25698 7525 23264 9831 24408 27346 18456 18424 7288 1805 19085 13419 9302 10056 22410 13683 7088 4351 6999 1561 9553 8433 19851 27311 16315 2299 26806 15315 16430 22785 13676 28042 24575 23524 7409 6340 16824 28929 18976 22864 11532 1569 15821 5775 13747 13893 28377 3792 24029 24758 7093 8396 16978 25378 9897 2921 5204 14128 2435 5613 23896 2464 5365 20563 7095 19399 10541 14166 25902 377 27594 14345 21629 12020 5001 14031 15898 22548 15485 29032 15093 19668 6166 24738 29779 13953 26893 18327 26982 13222 9687 23897 20556 6752 28591 10338 20828 19210 8015 22202 24129 20023 14316 23613 23926 17672 29468 26915 13376 723 21416 27197 560 3476 8669 19626 25710 8391 17133 8311 27133 24519 27033 28740 8145 10337 29404 16883 3737 11788 1880 11676 15317 26775 20006 440 27913 6825 9714 24534 16101 10482 4587 7761 10774 11732 21183 22805 27621 10933 28405 25527 27718 15468 27610 4648 605 7167 24696 17491 10632 5191 8404 7074 5913 3082 22809 19101 7843 4232 19160 10247 6422 25913 8813 19874 13129 26432 26612 28709 23369 17146 4861 525 27829 22720 16581 1309 25938 23592 27688 18937 21481 116 27871 21387 18534 25360 15790 13127 27564 28501 29417 8702 20479 29248 22511 23777 11207 28871 27751 26203 10903 12242 10748 13929 4495 23294 20836 5887 1524 2427 4976 24098 12481 16142 12387 15962 4244 10972 9862 28092 18539 1553 2949 20024 23944 4197 22477 21825 27336 13074 1743 28952 12066 5824 29516 13994 10083 28411 26638 19554 2098 29453 3162 15146 13064 22621 6317 2983 7021 9829 3541 26675 10177 8752 21445 5128 11622 20700 2242 6409 8865 5131 24111 9636 12584 27886 15552 23204 19604 6743 26571 23641 6559 11651 16697 26743 25167 25208 16028 10373 9206 8741 8193 11523 626 28040 692 16942 22948 254 14906 8036 9393 12006 14787 11887 4847 19009 14273 19262 8753 1047 17337 25960 9332 22562 16022 16382 2290 4656 9099 27618 19709 22406 29523 17628 15746 15522 5601 11059 24013 13077 20454 5675 833 22997 24914 17244 28981 16163 602 6879 8360 19354 25408 29621 20398 1836 6216 22123 1141 2678 24583 22691 18334 422 19629 2521 20043 6777 25141 25188 17391 12221 5651 601 4065 17938 16318 1342 23496 26591 3398 24757 20553 29276 22709 12187 4140 9418 656 16970 14866 3083 8091 11746 19504 273 18934 17904 14312 24993 2374 10652 6705 19826 6101 17106 19321 7718 10437 7242 12289 19875 10363 29744 27519 13397 1082 5449 25776 18635 12188 16528 29591 96 6524 23028 18157 12077 28783 15507 17351 7814 816 4843 1862 24789 16030 20786 23135 24882 29570 26268 9170 23020 22170 8959 16721 9737 22458 23910 10625 193 289 27277 7114 5156 28800 2423 20137 17596 15313 13101 23299 28349 16833 7329 26260 22124 24977 16420 11753 11782 44 21072 25016 8541 13140 20132 18801 27478 8729 11107 21757 27904 16155 14136 6267 18701 29588 22950 29397 4915 24500 7489 29736 17074 18349 22728 26664 7921 20552 25829 15634 19116 15360 1773 18240 3940 22633 29634 1437 29739 6856 199 2484 1603 27814 9627 18508 15390 4506 24785 6372 1732 13633 17235 2265 24353 7599 12061 15550 312 23383 22538 15695 23358 13999 7892 13098 19838 3832 21399 16036 23929 11693 19035 20978 29307 1642 6988 1032 21675 12966 923 16561 21464 3588 10049 17111 24286 21961 14107 18615 307 13734 946 5345 3557 11082 28357 17953 29043 14219 348 14104 12410 26040 12353 18876 25582 5876 1022 3242 16002 25841 15338 29456 28621 24636 5215 13928 2495 13117 14023 21865 13126 21726 2611 24617 17003 25523 4933 4359 5513 28901 28838 18711 17303 3401 25198 25255 8467 19061 18738 18491 4525 29545 22781 19083 13658 11030 8329 12646 24319 5928 22643 14727 20473 1624 9767 24116 17568 28567 1798 4509 24529 1371 2973 1923 27801 8413 17822 19326 29234 21479 20153 26503 15471 16897 14688 29293 6285 22977 24410 14270 12780 9119 25350 768 19269 2969 22920 15177 21189 1551 23325 20171 14946 15860 12013 20663 21622 22384 1660 16449 29746 24508 17450 21289 6452 25795 12124 11112 9112 11996 5261 12825 18448 18476 15283 2122 20078 19137 28115 28149 22732 15643 15824 23856 24440 29409 27508 11989 25717 983 11953 26467 22324 17279 27165 17249 23008 21548 5725 17381 26844 28170 14471 22374 4396 21805 27337 28682 5480 17747 4175 2941 2987 24659 19359 4929 3195 28563 24464 9414 11806 9741 10965 24418 7383 24773 7378 23188 21555 10889 15944 29627 24457 26989 16349 2383 28021 22250 7749 12283 25507 24259 10308 8176 1643 25952 20529 20593 28589 22723 9254 28403 20052 7341 24153 19078 9415 6448 7116 27887 21280 16261 6782 1365 26690 20612 22522 28116 18347 24974 22020 2130 2400 3649 17386 17869 375 25351 26392 14247 5573 19228 1263 12980 13966 16898 10047 19181 16245 299 21662 24939 18452 25719 20093 29876 25780 6757 16050 21204 18093 11593 27974 9620 29630 6427 5031 21478 17277 12489 11840 10857 11300 27672 4535 1419 14051 5159 26034 7733 3386 17275 27722 2206 21150 11023 27987 29066 3375 16783 16731 20225 23352 9279 1410 18811 14810 18656 23179 3573 9367 718 6273 25521 28566 14704 4757 20182 24365 8890 6498 16755 1155 8681 25892 12198 20387 23811 22240 4923 6021 17991 6363 18998 29046 8172 4864 23753 21775 25660 28620 28218 16977 4836 20222 10341 18063 28352 28626 5116 24149 4860 29148 9667 15908 15034 8720 14109 16718 26569 7188 23334 20307 18735 24613 22162 18562 29845 21175 19030 13764 27063 3319 15861 10220 3976 13792 9660 7060 8366 13063 25591 7665 16614 20676 9852 20521 13623 9692 23604 12892 17376 29788 29590 17439 15694 10275 2644 23740 11473 20891 28519 13403 9073 27085 19557 12468 23979 9242 14896 5437 9252 12620 4557 7171 23313 6014 15571 26831 9787 12092 6603 18293 27206 10548 20058 6769 968 15697 7956 2412 4476 8920 12148 15287 29763 11541 2535 22758 13361 3178 25276 8410 15833 10960 300 11943 21434 8432 1813 26173 28769 15947 4995 17690 28914 26614 19161 10931 5493 11432 9462 7520 26773 17892 11097 23061 22177 6756 17045 5849 479 8673 3253 16475 28086 23888 24610 20900 8221 19221 14728 17918 27124 29564 2271 8119 3048 8810 15365 26116 1187 19548 6041 23934 28404 17778 26615 11416 4267 28448 18194 13193 22357 10368 22484 21334 8093 22949 3269 20205 28034 11277 4540 9596 15951 8978 2410 546 16736 21420 18305 20165 16712 29722 10225 3537 18226 5988 17394 1143 28676 29914 15624 11093 20238 12299 22345 15474 24740 29301 6709 28812 22532 13678 26100 27568 1984 20850 13138 7434 4826 8758 16034 16911 14052 14664 20349 18565 14202 24922 10773 7436 22838 19477 11228 2846 1274 26282 22823 16070 456 9975 21302 19804 24676 13043 15324 5401 3172 23351 3706 2035 27487 942 26592 1280 13033 19092 14986 7221 14268 15227 21264 15903 24623 5537 23986 2602 16355 18869 29398 3869 13811 20530 29137 19445 20230 24542 1764 2796 26358 15156 17773 23730 5425 14486 23809 23413 23758 6550 15716 13554 7325 25396 1488 4945 1748 25518 17780 21496 7689 28811 11614 27363 18460 7037 16657 22935 15818 2692 26013 22416 2367 2923 19453 29239 27014 901 20585 25792 21693 1220 8441 12170 11860 27224 6076 2238 14451 17061 2170 10455 15236 20001 26898 8624 9502 20299 6335 12821 29075 24465 26024 23493 12978 20985 8726 12340 11767 28428 15873 19454 418 21185 28122 343 21061 15954 7838 25598 9420 2591 27842 28715 19276 20166 27517 217 21339 10073 25062 3716 21787 28260 4319 27190 19176 15486 29924 20632 17885 2414 23131 13967 21250 20312 12371 9630 10137 3145 7219 22813 383 9567 26084 13579 18298 20342 4022 17451 15230 8807 1832 11983 20856 21087 3669 6585 10605 27643 11913 22803 26014 13203 7240 26129 11706 12693 9222 22503 21312 18973 14462 5502 23337 6365 14371 5610 20948 8292 216 9056 4112 7676 20996 22334 14562 27495 21839 10511 24185 2012 29040 21425 15829 26403 17055 22909 9045 15779 3723 12676 12296 29063 20418 3736 22749 5878 11908 13493 3969 2787 14152 3655 8592 17458 26395 16336 18939 25731 4376 10294 94 27061 8796 26637 26825 15223 19046 23502 1600 3037 8838 14425 5778 6741 26317 25254 1307 6136 28684 19899 20929 27185 5934 9665 7601 25502 13534 25962 17064 24174 22499 29476 25503 16914 23193 22854 6005 18663 3207 27699 14042 26707 939 29952 27578 4226 22671 686 19060 18231 14267 28643 17478 6016 18236 22625 19066 15633 9072 10522 2732 16546 18113 23228 10436 7816 2095 1367 7756 12463 6766 1756 26385 16054 6616 12398 22575 3006 14097 1633 7389 13264 1916 25246 6100 4688 22585 20670 10010 7692 10624 17792 24394 17325 18885 21855 7637 16213 27839 13083 18001 5144 28961 20029 1826 19609 147 4806 17990 19699 4245 7906 6943 18622 25488 14387 22612 25760 6366 13013 23429 4225 26174 7548 26273 25742 930 29390 392 1664 6186 12162 15528 2237 19823 23136 17782 956 2475 16110 11540 19740 20436 19488 10732 8377 5229 28418 29460 10780 26421 13826 23642 24169 2407 21022 25295 23735 15121 21055 14043 24267 5917 13987 6009 22496 3394 2116 28648 6664 18179 8547 11862 11626 9088 14690 22651 1323 14527 19349 8717 1495 13696 22674 21338 27845 2780 16784 11945 29036 19968 6134 16256 5311 5508 2457 23956 17141 23049 23514 7764 2139 20785 20992 19024 7027 18253 5899 15617 22824 21871 12259 22090 21928 22361 14911 4630 2334 27714 24187 5736 22086 24568 15887 14389 17855 4606 7018 27483 28164 10250 27008 4492 3631 7402 22586 11048 23902 23221 2331 28653 14467 25310 18008 11878 20527 17996 3065 10850 9572 28051 15523 8521 15719 7324 14143 24168 18433 26729 7544 994 9102 3524 19835 22517 17358 9775 22394 12119 11917 8971 14366 11430 5465 14849 26626 1014 20123 22500 29122 16894 1548 13659 26185 22466 26242 27265 22376 26289 8073 22961 3272 18365 14049 10496 27499 3578 29596 1975 16344 4561 14438 2782 25459 4643 18930 14936 19517 16906 15410 14040 8357 27469 19508 27082 989 6304 29614 1464 28370 11141 12899 22944 1493 24665 10895 2840 1566 26339 14710 20726 14836 1403 2731 16077 16966 3123 6964 19293 28753 18905 21973 29966 14191 7062 27800 25746 7172 25966 9809 28343 25596 8674 10749 23255 26705 23341 23973 22992 24430 20200 12428 6537 16480 1051 4265 24587 3259 3926 17185 9904 20763 20501 14975 29134 27732 17992 21980 7089 11201 755 13130 29082 8282 3787 20115 347 19363 18708 26491 2072 21987 11298 6702 26442 11823 13180 29465 2977 7419 2655 11637 5492 22550 27024 18594 29915 25197 6388 12701 22061 9730 8407 24125 15578 6831 28274 28080 10971 5433 4494 3468 19182 10045 2088 18183 1512 3014 580 26742 8527 12478 5914 20279 12957 998 13743 24930 769 12037 1794 23886 28886 23435 21048 26562 5052 11039 20718 11692 15385 13209 15453 27163 23513 28174 15314 17332 26022 1694 21926 13770 8170 1031 8814 28313 26538 28605 22150 6546 15180 28594 330 20732 17319 9578 8182 21851 27735 6853 7562 29165 6190 20025 23776 17748 7457 4908 21527 24060 27509 18518 22075 28849 13559 3834 24919 12670 5464 22839 3471 5755 17643 28381 26335 4747 22456 9166 15110 29448 17008 15267 19565 19002 8921 26247 17347 18124 16507 29005 8794 15836 26330 3062 4873 25135 21415 10853 18182 10323 28069 17092 7801 1506 10539 24790 18840 1119 11576 24642 2378 12450 11211 27970 7299 5818 27202 16325 4366 18055 28818 3931 1596 25339 6880 26341 10166 19577 28860 6269 4484 16004 22588 23949 27425 22539 14511 7829 24432 2529 26483 29595 8646 2589 11327 16949 19703 21386 28288 17175 21494 4115 29450 17524 19491 24890 22980 7701 7357 29120 22142 10891 18471 22975 22896 17435 25936 17898 10620 6805 2890 7077 18380 7016 1557 6430 23002 5981 15045 19729 28742 29147 19510 7192 21104 11316 17616 13197 2698 10063 25740 3863 17213 16269 27110 3324 5670 25821 12285 5334 12977 19914 7411 12991 24250 10827 19502 26686 22906 368 28674 28265 3187 29850 6894 28150 19705 11406 25195 15260 26820 1314 23311 7546 13540 15592 29146 14374 8033 3522 28590 22262 18785 7496 24425 4515 2240 1393 13864 11723 1087 19911 7459 29826 18806 27744 1870 29264 19582 6123 2928 24715 22132 14352 17584 26576 4239 12506 24346 29012 4345 2156 28244 5578 27560 15798 16006 3410 11377 14398 23632 2850 26903 6397 21801 23932 7841 10883 19627 23404 9346 11724 23831 3781 17422 13296 28708 14512 5471 11585 27856 16376 13781 3136 25264 26163 28882 16460 17121 10039 624 16270 23322 9330 10973 22954 2073 17075 24673 8158 26706 2605 6851 24356 25223 4402 10050 11038 9574 3361 8007 5283 19467 70 5804 841 3293 16160 11238 15869 22927 27017 8845 21460 18234 3149 20759 10430 16762 4832 25967 18862 14234 26334 8670 14629 27673 19056 17053 16081 20871 1396 13442 1130 17872 27872 17868 21209 7679 28514 3036 5711 21687 15174 9428 23560 10343 5760 7961 19758 11665 28026 23390 1852 12752 29546 3235 27916 17508 2456 5278 1612 23371 17729 2863 28469 27105 3026 1067 281 6384 10189 5720 5791 24861 1636 17343 23465 21343 12329 2030 17204 14910 15074 3312 8297 25891 24127 1228 1379 1822 26769 16842 18795 16253 2718 1894 8704 18025 5242 28560 9068 12919 20990 23191 12566 8335 4427 17940 7519 25381 2651 4367 6276 28018 1717 29599 26042 25474 19352 20907 26685 6175 8939 1620 28345 3322 18496 14884 10182 26251 18037 7828 27308 28531 2259 2109 1611 4149 16195 18 21922 28743 8019 28912 10893 26149 26461 3570 15217 13923 16511 18129 1567 16459 5933 8173 13513 2927 16114 20588 18629 12203 17775 6704 23407 18652 18899 8793 3831 5104 13822 16539 23405 3250 7873 9982 2638 23226 12512 17825 2636 1797 27663 648 26098 3819 6356 8777 9506 7277 6333 20339 84 5953 12878 27430 24661 2480 23545 28496 10612 18770 7043 19648 28214 5259 21040 5605 22242 29302 13115 29429 20019 20010 27021 13170 15199 15406 10330 6534 22196 775 23031 25271 7707 20082 9284 20314 21740 18361 3542 8238 5406 10763 18691 16880 10111 176 11284 22926 826 3621 13100 26312 17284 11911 12757 28595 11346 9276 19016 14266 11297 17592 14954 21588 2160 4332 14099 27793 15316 8856 21106 481 16029 13937 26416 29251 1038 25999 25697 5497 27347 15964 21996 16472 16722 20905 20812 5986 14774 11230 29756 14548 2419 29350 2895 4872 18245 15875 28536 25819 13813 13737 26904 14291 20961 2824 6055 16053 1293 22518 24530 11838 7720 11193 15969 1477 18668 2008 20513 13141 25872 13049 9499 29990 4470 21288 3993 17860 2263 3448 21375 12502 3469 7564 9051 2071 22561 3066 3708 19429 26237 959 2222 22910 2547 25942 25761 13557 4085 24469 12938 5359 12158 19865 25550 23071 4229 29505 25555 12988 4095 2599 27884 23634 14470 14964 23721 28593 23583 25466 18215 1875 16489 29813 27450 2595 5475 29623 24734 12626 10479 9380 20648 10992 17155 25068 28801 25070 27755 6057 29827 4867 3889 3117 28642 9498 9738 6030 29558 22498 8276 15264 1706 11460 24031 766 1735 23026 27831 9065 28937 8375 12447 7458 28600 12480 27015 27830 28638 3042 10438 14583 21212 26410 2096 11167 18490 21997 9736 14856 7839 261 29656 14320 7972 25764 12601 1362 26349 6258 4205 25773 5046 16858 24604 5608 29777 29208 27653 10097 13936 23876 9745 10377 5740 16189 12411 29862 23880 4416 4620 29601 26028 3859 6849 24810 24449 21680 19187 19365 26361 17974 1737 18295 1573 29139 19452 1602 321 22207 16327 24624 25372 2287 21411 28206 13932 6556 18117 6770 4998 5773 18301 11824 24032 14101 3177 28606 4838 21235 18499 17363 11244 7163 14960 14084 27562 20292 10464 6032 18075 20536 1833 5466 6676 17077 11897 2438 16991 19350 20433 12958 12654 13925 17582 23901 23528 15155 16405 27477 22515 14271 11090 19029 11146 4216 8252 9519 16750 28971 2099 17124 25727 14671 8745 27447 8638 7987 5160 22907 27994 26307 8088 18436 9715 7509 18829 12829 12318 2341 1430 20330 20291 21201 13189 15561 20195 29613 4631 3935 20440 18100 7103 13469 15710 4340 7635 349 20318 971 20282 960 10286 11500 2995 25193 25534 16593 22582 21998 7428 28687 27669 17372 13765 26331 17380 10623 5595 16947 9659 7083 25181 17354 7827 25491 2009 26225 21028 27446 29791 7858 3879 28756 17694 11257 8075 5836 5845 16747 12857 26060 16268 27403 19617 7487 24884 24759 11229 4598 26516 19113 25176 14242 8475 13748 24602 25974 16280 15147 27436 7250 15706 26345 20172 876 18956 20526 14201 25292 8768 25304 6464 11858 8429 28711 3152 4576 18396 16143 13789 28770 15672 19264 22567 26103 15929 16821 1589 9778 29072 28326 19707 12266 16709 3861 967 4482 398 3731 4789 7019 24655 7702 17756 15538 4642 18955 6515 14951 18617 13031 20452 21797 6610 540 17874 16963 6672 671 3526 23206 12673 2314 29809 28535 19852 11971 6024 14013 22656 13939 397 29804 18607 3681 6380 4184 29661 12994 4732 18903 1725 20917 2284 4111 675 17090 26659 6048 15539 28646 11552 25522 3520 25914 7318 1609 17857 29018 19970 18169 27358 25781 4641 3547 2194 490 6019 29559 4358 26153 1713 28672 2999 7698 18411 14529 13682 12315 11363 28683 5474 28947 9812 7938 11713 12255 27429 19947 27849 28706 24708 28211 18931 590 7101 25345 18407 2380 6442 55 10898 25901 25036 28734 8999 5357 14133 28888 11047 9801 8664 3500 19737 16326 28748 3147 28241 6494 2659 19476 13404 149 1702 16521 24130 7963 13099 5192 28717 19717 23967 18222 19535 10558 11985 27949 22197 9962 5251 13774 2856 25124 20731 20119 6520 12716 2159 2778 11848 9552 21430 8327 8261 14564 26605 9335 29855 11452 21613 11951 4431 23628 4812 12838 16781 2466 16401 20144 26479 29910 746 8426 16267 6214 6217 14972 8531 7968 10165 6970 21810 8734 16845 12774 24697 17218 22922 16598 14210 4830 6403 14509 27837 13151 26872 19087 21396 10768 14207 14250 26095 21608 11600 26908 3483 19859 4518 23086 2586 15354 5341 6433 10492 7186 27905 7079 497 384 5245 27712 24791 22753 15131 8435 4465 3815 27228 27088 18098 6454 9248 6115 22438 24349 7503 16123 1428 10629 12970 12243 25959 13783 22373 28552 28696 10700 26913 14026 684 6982 1165 9452 12816 11528 17598 889 6158 16391 7757 6083 21684 2514 15572 24067 23749 20181 16496 8498 6940 27725 13859 24911 2219 5079 15097 851 17695 2786 21843 6554 26970 8402 143 24525 14824 6278 28256 14517 21059 24574 11403 4636 13922 16450 990 4063 19479 26146 194 15123 3404 15310 23991 11907 8355 3862 11572 26480 29842 5421 18874 17083 25317 4058 27668 22544 29748 23879 19762 16764 1983 29176 18886 24966 17955 11392 1468 8044 15329 8025 1101 8216 11833 13111 420 18099 17975 22682 15407 29562 24870 12426 596 8201 7350 3119 26785 23220 29954 1781 23063 5678 18434 24485 24554 29243 2829 8722 4756 11586 17636 670 16741 7600 9200 6094 2593 26524 7653 3711 9432 20007 27232 29553 26398 13263 28027 26670 17721 18705 24893 10483 11396 2563 12376 27262 5693 27864 11791 6349 27426 21884 4817 18833 21051 16048 14881 2279 28107 10716 15116 20150 20783 10310 10815 22568 4785 25578 19142 8762 24202 20198 24669 10791 14732 23353 11799 22583 21065 6648 13871 11446 1958 18016 438 28101 15839 20014 18724 777 14369 488 21454 3305 24603 14845 9155 7106 870 29607 16876 12300 20716 1297 15440 1378 12470 23078 13995 15150 9172 27925 6531 10588 22620 10339 14789 29922 11533 21752 11443 12427 23891 15926 20033 3067 23097 18723 25752 2112 23759 14761 15560 22372 14803 16516 23691 23125 13769 2442 16931 451 15980 8358 29491 8094 22118 11530 12479 23666 7159 26720 24379 2573 9824 7413 2929 23742 17968 9969 1491 71 28180 10909 7148 19105 4091 21737 17567 10575 14682 7351 1354 1168 16128 9307 21294 5256 16545 2606 14295 6749 29353 191 22578 11071 22708 24252 24298 21321 22572 29481 29078 17742 26093 26332 28584 24706 14945 28167 28856 1623 27958 2011 11730 20524 22934 20236 24236 13286 6348 6378 7788 24865 16407 12109 2809 18570 3916 14399 20235 18540 14070 26333 10998 9583 23577 12681 22604 5765 11757 16060 6549 5387 23317 3901 1684 27424 24796 15178 13963 18977 17427 11550 11912 18489 29995 15803 3007 16819 19001 25201 23576 27292 24780 5931 29583 4430 12761 14980 15106 18910 10329 20601 25853 7677 13150 20403 28885 27420 27848 26489 27470 14264 16648 29423 3332 3411 6814 7439 23943 23791 17724 25917 18014 29470 16477 6011 752 1963 24555 18444 19573 24827 12251 28335 2715 25576 26767 5377 29899 1666 16669 6565 28500 17700 3664 14168 17583 24855 12720 28896 15701 25589 8157 25055 5325 23658 3405 8243 17821 21307 16980 28426 29462 3491 20121 4291 21262 29426 5454 19004 27408 18375 9097 10597 21449 1865 29333 17461 14237 10345 22019 3982 8688 23881 5196 3838 15340 7391 27700 2841 13089 26752 14364 23214 13017 14633 2624 23260 18203 3040 336 16988 3369 19650 10661 11029 12454 29719 473 13809 3952 5265 14022 11041 4373 23558 15979 9531 23685 23241 6139 9725 8609 26326 26574 2830 7278 13740 16873 11801 18590 19678 25664 13430 10011 26306 6912 1460 18957 28183 5534 11714 28079 8530 19389 12416 21946 14118 26327 1421 14848 27465 29193 19284 6129 27950 8187 2908 8256 11923 21148 12031 14659 25787 25008 3938 439 3599 26899 15655 19579 5287 7856 18645 22601 4866 19625 26059 25906 2017 6176 3503 3399 4661 13498 20688 23987 13532 29857 2905 28986 1471 4999 9719 25375 29654 25035 20262 17783 13418 464 27571 24819 13315 513 10637 21963 18289 16594 13426 23246 882 25273 16402 3904 29167 13675 1985 24304 21881 8548 1237 25473 23710 25170 25506 1911 16364 4752 11334 4248 8471 1772 8017 29675 20140 5146 17356 9299 19493 8519 25380 18136 3722 18747 8260 25922 26130 24083 16694 7195 17683 19465 5910 20234 15469 17067 5363 28980 8943 5375 14968 11703 28978 20089 15265 24864 15874 7840 1222 17671 29300 15008 7281 15713 16887 9293 24643 15020 29554 17779 27237 12324 9412 6103 27785 18165 7730 187 3686 18517 21763 10356 27789 20518 8654 17396 17560 22697 19919 15584 26804 920 5958 27690 22946 28053 23953 5938 13845 22857 28884 19314 11485 11114 14228 849 29844 13479 4778 29092 19426 23105 18199 10304 27613 18871 29232 9429 4668 25146 15682 900 4270 18740 16923 9478 19861 16059 6350 28751 26916 1872 3025 21789 25549 26772 23731 4004 13207 21594 22365 27117 10806 13255 1939 21421 26845 19973 21784 20246 6259 9083 22627 27641 17853 3159 16295 24354 14085 5686 12017 6884 16537 15043 21585 221 11603 26790 2654 11126 3777 6140 13699 12461 25498 11686 18529 1999 8266 25127 22209 21383 1604 25388 23430 9664 28127 25772 4151 4314 10074 24956 2769 12219 26181 29178 29768 26179 160 10669 14347 9676 1043 29268 5214 25475 23416 27062 19630 11232 131 16357 8649 26426 15072 22003 15867 27790 28645 11028 10544 794 10724 7927 3121 8765 24660 5856 1536 23148 7508 10647 29385 8923 25293 28447 21601 19778 3951 22224 15669 18549 3051 28987 2201 20212 4542 11655 10453 9894 2277 23224 14027 10557 29212 9117 26456 26112 8761 23216 9270 28659 6047 7602 22800 14616 25460 27818 26901 9544 27383 6391 21626 4709 3046 22959 10976 1167 24480 5977 23101 2543 15175 6308 603 12257 22108 12183 19754 3767 5919 86 10278 1806 2888 9340 3582 11251 26625 15912 7468 2627 7807 4983 8944 16069 25373 16292 8839 4412 26582 5621 16288 19928 15845 22130 28473 22267 3670 11950 2532 13679 4664 27173 16210 5853 840 14434 5622 14518 9706 2422 10215 9681 9755 23713 18206 14929 9977 27697 24843 2960 460 23366 6763 1789 15662 3482 19591 1093 24938 20570 9587 3880 22148 29727 25995 16027 28392 20272 11817 18463 19100 27624 12331 6264 19837 8712 16613 12713 10370 7693 4038 27502 10769 4514 13886 21428 5745 6233 18823 10939 26930 10810 23814 19915 24219 21868 18734 15986 18608 19134 13691 7768 11402 11037 15529 28082 29019 15401 25763 21683 16039 9120 25349 26175 29742 12062 3519 16836 27701 25157 29131 7780 22782 3864 10487 10591 478 2891 29006 18826 10708 3321 6493 9735 15463 22912 21790 21751 10512 10269 11200 4325 15549 26387 9765 11885 25759 9573 21431 15113 1763 10707 27087 25515 18355 5753 28083 6098 2179 591 13313 25178 2948 4106 8966 7826 16839 21089 15531 10800 29262 21554 24743 21493 5920 2043 21552 1268 4329 11206 7446 27461 14460 15454 14915 8231 13829 22343 16961 19277 3472 2388 22034 12002 8038 28210 3502 11700 17019 1688 12592 688 20239 29136 2980 28844 288 8247 26660 24462 15639 23867 163 13816 23846 2349 21604 16152 26577 8958 19978 10566 13552 9471 5383 23304 1335 10318 10161 21974 2155 26346 22018 12287 11734 795 20729 27397 3223 846 12979 5570 739 25932 13302 19432 24257 8132 5044 20751 12910 7443 22121 3939 7367 9551 18485 15239 21015 15942 22219 14604 17966 21736 4957 8146 17462 29513 12267 20000 20645 21037 24513 11948 22858 29281 23213 17930 3328 7394 2113 4120 10038 725 29692 4803 24905 16154 10675 2228 18257 2028 1148 7128 7362 19811 1900 2903 12248 19475 406 2132 9173 23724 7213 20547 3559 9290 8217 5062 685 26201 24549 2885 28138 19311 4001 19839 24266 8551 22707 11132 18848 28746 396 15258 3917 27854 8878 2447 23394 19667 8349 21867 7032 19478 6675 21016 9368 2180 11163 21546 10474 22816 20934 1063 9139 7094 9616 19774 11133 10 14993 23 7850 23739 19719 16351 29780 23563 23546 29492 28637 19994 28275 8660 26823 19069 12047 17329 11846 19450 17417 9196 25907 19903 26911 23196 14551 27983 7264 1069 17761 5122 24887 2515 17507 20859 29073 5145 24762 11407 7871 19159 4162 6576 5936 16556 4304 13067 21742 28188 13814 26653 14830 17177 10355 17544 26049 25976 5348 2047 15565 11916 6892 26291 5581 23810 17658 9788 27334 8625 7263 5800 27054 4401 24110 8714 24563 21024 28014 25294 16540 3925 15257 24262 20497 5213 16683 24376 4689 18802 1205 13060 27041 13135 6563 13143 28287 5524 7770 25090 9675 27066 12594 22986 4823 1699 17502 20713 7390 29535 5575 26735 19982 15545 2498 22654 1824 8819 18059 12930 15212 29617 15909 25745 21345 20179 27773 10852 7616 15253 6003 25927 28819 4554 18672 13346 4674 28032 29532 12990 27060 13638 28679 4592 14818 3640 18967 20494 28165 23556 25239 8096 10950 16851 21341 24684 12464 27468 26948 7745 6271 11135 24800 5764 1700 23139 6852 21368 25461 22884 15328 14768 3849 17137 16691 29245 1364 21029 6342 21747 16621 28503 24170 4546 14272 16531 482 14190 12859 21633 10365 18704 29807 4827 27389 26684 27883 14421 21440 9713 21999 21610 2621 27981 12845 1949 10024 22663 5198 2065 14333 16354 17468 10901 3583 4888 10028 4614 15793 414 20434 21535 9208 24089 1640 10317 24842 14087 8058 19782 1041 2886 11175 933 8444 16414 4553 13615 8750 5473 22321 29010 10656 18966 10807 19377 17681 29014 9479 7700 23344 18286 23338 8419 9361 23850 28305 23890 219 3679 5241 3919 14882 1469 5080 19322 25751 26727 9868 25557 2773 3418 12581 12194 17767 8312 20849 13970 29299 19931 26606 1667 15144 12352 17442 29945 4581 14162 12067 10117 1415 5579 12128 8227 12800 9685 4185 9129 28622 19864 5453 4560 5557 15411 12282 23491 24436 21743 8436 22733 21018 1269 17619 18797 4984 26367 15977 14176 10272 26020 2437 26788 3530 10156 25117 20788 23403 27167 19497 14987 18390 18578 7137 29346 5828 13062 17271 8699 18616 20615 26819 27543 17854 8693 9489 28143 29851 27209 28303 21254 12495 9341 15973 3955 5739 14086 22127 23155 19799 3481 2 24401 15456 1757 27828 11001 26400 18520 9188 12530 4693 22529 29249 24154 9644 1295 24264 28011 8499 20028 27398 1535 21990 2704 23789 16713 24279 22891 6218 29988 24576 19456 25492 10668 20438 14702 20843 19753 5833 1138 28477 28565 1126 10540 16714 7870 16863 13700 8290 10840 1247 26704 2585 8420 29949 5594 26365 5861 6145 7260 11955 23300 16049 25639 28234 4362 18979 1121 9708 21902 27378 1503 734 13820 7338 13219 8671 16586 12855 10252 20919 5603 12577 14390 10822 13896 11681 18901 1286 17738 17289 5022 11506 20022 17315 11076 9985 23511 19171 7784 14762 11474 18150 2276 12053 23482 26111 12429 12565 27479 6438 26758 4779 9995 5142 12356 24506 15583 14757 27100 13815 9109 6944 2436 8381 12887 11921 9405 5627 11790 14684 21679 18814 754 5100 28369 25718 17800 2642 9315 15458 2617 26779 23527 20888 24823 19635 19339 24567 10416 11842 354 29998 7813 6622 27042 26170 27016 9004 3478 9110 23606 1037 5700 10409 6314 890 11263 22442 22711 25438 7051 3882 24641 17385 395 4869 25439 8812 17082 25939 12989 4507 28485 23983 20922 26786 23418 9770 12951 6034 27341 4740 10265 12435 23994 8631 27155 13494 18056 18108 5209 9585 7611 20519 21952 10888 4682 21719 5691 842 20265 17148 18333 1204 1831 5027 28388 27238 14537 4488 8650 6958 1030 14170 23150 6904 529 12862 82 24663 24531 29795 22111 21579 11172 15339 29960 21783 14356 29374 6586 24302 24616 29908 3719 16136 14977 25940 14411 1736 8727 17497 13731 27010 22932 23673 8116 23587 1072 4079 15915 20857 17201 28791 4066 21641 13454 23918 6561 29946 26075 13818 27737 5472 5639 24225 13786 13685 9501 5075 18580 11094 23580 8326 24502 14121 11606 20401 12385 10087 24123 6661 1724 9070 9423 16856 9632 7162 7744 20474 5786 7164 23223 18926 26155 20816 16179 29858 10486 15349 12691 14775 23857 9160 28945 12239 10090 26529 19474 13004 22616 18839 27767 8023 24582 26114 19829 16965 950 21714 14778 29907 25116 28422 11236 19076 8632 28382 23535 12971 15913 3899 29637 7486 3022 22002 13553 7064 19749 26087 4086 3816 15372 3426 14127 3276 21826 2502 28013 22647 21745 15957 10399 13807 4524 20658 5935 17024 20723 19473 22747 28371 10144 27721 25816 23014 26353 8534 4857 25050 25041 12853 9085 14959 18174 16258 29651 4493 17322 14989 23247 14521 430 5930 16572 14794 6827 29466 5584 8827 23975 5346 1442 26021 9122 12378 28902 25064 3635 12361 9916 9892 16495 23966 4031 20306 27942 21806 26259 14367 20690 18268 9638 23539 16435 828 28926 17455 7149 14875 22689 26026 17231 4570 22804 8272 13291 21523 16145 11366 6210 15435 28296 6893 15816 3627 16899 8590 12600 19390 25021 15302 9212 24205 26588 11204 3680 27659 20381 17688 29011 14801 13880 18170 18373 79 21671 22893 17915 8564 20431 22238 26630 8263 6846 6979 7511 24303 1961 27644 8723 15122 5890 9769 24095 27762 4913 23315 26578 11575 13394 12292 8569 4920 21207 19342 10348 2465 20646 14827 15840 19443 12543 8606 26228 20127 3517 5942 29974 24175 25634 6082 2213 29708 4562 17210 24316 7271 17994 22239 11404 19403 3752 26138 1786 23523 627 15744 19114 13855 28608 13600 1555 26575 24243 25903 15240 16102 28660 4556 17879 8365 29231 8710 20281 28890 28228 28997 22331 5750 2202 7182 3245 28641 20190 3594 407 4068 21258 8323 25026 28478 25708 9365 28541 15138 4182 19850 28389 14310 3885 12492 15063 29125 21220 611 17102 20428 11118 1075 2855 21570 20617 19559 5293 16064 25815 5152 1019 19378 3088 16131 19986 10203 10863 11448 13930 7456 7435 12442 10057 19789 29288 13831 20224 9523 21245 14610 16023 3009 27002 16311 24324 22000 14654 10690 13796 1742 10556 8579 16485 18612 1339 25924 9024 20105 14297 27443 20232 2805 26883 13739 5048 26092 16299 12949 7633 2747 14745 24705 25569 24235 14402 8574 25601 17089 2844 2351 10490 6116 23548 8735 23475 683 26780 28098 27936 14037 2811 26104 2029 25462 27891 21627 11033 1066 10524 22952 11680 15077 16771 24405 1980 21912 28474 12482 29753 12956 12240 14681 28333 7657 12614 27878 11338 12590 4572 26814 6481 25779 27598 25573 21739 15858 3457 21932 2583 8916 20775 506 27827 10374 26177 14706 364 20444 28903 8969 1771 6467 18408 8627 24926 29106 24221 965 1608 22254 4386 22721 3141 14120 12952 6088 27934 19858 3271 22179 9314 12911 27753 19414 18954 24141 10460 11003 26716 22364 7886 3946 19685 28759 14476 15991 9217 21654 4523 6250 14309 19058 27260 22133 13371 20781 20534 22780 20459 29873 16473 701 18140 19849 17474 2986 14059 978 13868 22936 13104 9333 26128 22308 19883 17224 4282 15250 2833 26881 4625 8267 8027 18090 20478 27191 27967 12260 3929 10649 3550 18343 9646 5947 7189 11294 23376 17405 18932 29431 25419 3024 19466 24355 12079 20214 8199 8086 7660 20932 7463 7072 27766 2320 20283 24307 23062 20892 25998 5948 18919 28400 6106 26896 15852 1662 28580 16492 6362 19490 12360 12430 6839 910 5231 29071 5728 15763 5565 1095 28698 24078 20575 15806 12144 3808 22571 1964 10781 13449 13368 13455 2184 20228 10263 28398 847 12767 10616 9306 28704 23599 18173 24916 22166 4129 6065 13121 28948 8554 29227 18689 848 2014 380 22378 13663 17036 14493 5039 11260 27226 619 19470 16590 3790 8512 14534 11557 24723 9960 17006 20852 16510 9867 18292 1665 24594 1645 11169 23038 18270 14691 22943 4016 17062 29265 7034 8642 21248 14437 17300 26968 2539 2133 18623 10079 15124 14941 3254 24305 28436 19320 15767 27656 15478 8295 27879 15288 2946 11152 6516 15068 8815 26357 14446 16283 14893 28023 26842 29846 1438 5607 13832 22577 4887 19539 3488 24035 25149 3741 7848 21791 10185 28766 18793 891 23743 29624 29182 16789 16422 8315 26914 736 28339 29801 3826 6536 29575 7255 19674 6829 1734 8809 15606 16271 9296 23864 23697 23154 1318 26041 1708 29225 16958 14621 105 29289 11317 531 9604 12851 29764 5571 1096 16636 18132 14753 23388 9087 29805 7410 10257 20725 7551 21382 14971 28152 26448 13664 14372 25820 27771 14619 11941 8455 28776 16167 2363 3750 5391 20503 14246 13610 10955 19298 26107 17438 20437 4227 2167 4126 878 19356 22485 167 27892 12561 188 26609 9057 20980 11744 20100 16075 7293 14304 25963 28603 19862 28417 6907 9490 9238 4382 24483 4054 3143 23168 28610 6127 4954 28976 9752 17566 3346 13102 581 19518 24952 550 7049 24288 6412 2282 18441 22535 7649 9928 7301 11958 7105 15418 12222 29459 5662 22173 6121 12146 24097 10123 11976 7759 17012 12696 11844 2719 6040 29761 26050 10214 29194 17609 24201 25695 1002 23936 25908 7272 3958 13465 15031 28095 26329 4527 2950 781 8747 2390 6315 4406 12804 29048 27576 6287 1122 15848 20769 29196 26871 5237 16164 24455 9895 10645 632 29985 11617 3106 27873 28227 6072 23995 8599 25427 6482 25390 11938 19 15306 8052 22703 1494 17923 10279 22284 12960 15373 1033 23756 1173 424 21953 24277 3126 18625 15053 2853 8330 28793 11240 21194 19483 27632 26658 29335 20485 29645 28887 29047 13114 12049 10372 20954 16387 28057 22746 28601 13443 6542 4596 26280 14575 27073 5908 17331 7976 10714 8608 12644 12215 647 5060 1691 29368 12925 21295 15784 13599 22246 4360 315 18494 16610 19299 21487 8537 24946 2386 16479 20717 18686 4445 8979 18023 11924 22012 23992 5567 15982 26469 964 15421 12921 6706 5630 417 19263 25805 21019 4841 28787 2604 20959 2454 4434 29430 11867 938 15920 15526 11242 9950 23750 14351 23354 2842 28254 19005 18825 25670 7014 2173 27559 3356 8085 23617 16 7454 23644 17073 18450 29700 1683 22385 14019 9377 20598 22348 18947 11165 9925 16534 6299 27466 14053 19765 10862 24322 10521 16893 26734 28003 12836 10176 3928 11994 15118 12742 21120 2762 4049 7372 7980 2616 27435 19102 22524 25033 9941 8677 2507 1686 22989 10180 1749 13287 17302 5642 12723 7400 8914 24280 15520 25649 19195 21330 11514 3008 27335 3788 10237 5218 11462 29533 999 23667 20069 4697 20404 4070 24148 15363 7555 12165 15823 20687 5583 1744 23030 22915 27326 5326 20692 4353 22368 4101 29944 29083 2882 2154 10449 17011 28415 21993 10514 1347 29338 4003 14429 15344 5380 13976 9197 25183 7065 20701 18425 26074 4881 13213 14383 15073 9138 15021 12166 7743 7670 20613 11123 16451 23278 6070 22099 29817 28614 12001 15658 491 15284 11333 20466 6631 4701 8886 5321 29360 17983 1000 1697 20705 6735 15341 1777 6792 2131 16882 12406 29097 12950 10537 8697 1689 11362 9310 27452 26499 4795 10397 9614 5297 16985 16627 4230 3157 1513 4944 24024 1698 15312 15128 14244 22298 25236 21406 16021 168 19370 2248 9474 16874 12641 17618 19521 15588 16663 18538 24426 23433 20972 21605 16242 26182 26560 29943 8874 25941 28171 28264 2034 28861 11384 28833 5884 6108 29697 19998 23043 5303 14640 21955 25242 225 15708 6955 5924 1142 23349 18187 9154 27908 2683 17880 207 18069 13106 3748 15563 3110 7576 12136 3109 3493 16259 21066 15220 3853 14456 11496 1701 17269 24121 28136 22318 5847 9772 8169 385 16816 1001 11484 1113 13846 22603 10053 11772 22938 29000 21958 7716 21124 13495 29514 22827 13181 708 2441 15914 10151 4214 24177 25354 16955 6193 5951 13332 1840 26204 18685 22801 24027 6017 15255 1752 5858 28538 16471 2430 4791 14393 4982 21351 27413 3806 9588 1190 2270 9847 23058 21080 3507 6219 12048 5978 3309 23790 8482 7449 17254 7887 15698 23614 5072 12648 16119 682 1208 22974 17701 9678 20264 2149 8356 29068 8351 14377 24104 7393 1449 24102 4835 16616 19132 20901 19050 29666 1979 1476 28588 14487 3274 5436 20122 28409 1639 15843 7970 7708 18710 12196 8935 21678 8896 15692 3852 26254 16404 2869 25096 8460 2052 19174 29897 699 24701 22110 10786 12785 6618 5969 26066 20188 15266 15847 24345 7627 22263 15397 2000 15342 22990 9734 18045 15352 25531 7796 8897 8317 6504 26631 26435 20356 4481 23746 13968 11321 11326 15011 24906 25160 2396 10829 16653 23940 14463 18073 11331 19128 9357 2171 24315 19081 11187 1264 186 18201 19902 28512 8791 2379 29055 24297 9260 21705 23712 7773 15067 19958 15993 785 19045 23669 21887 8474 14687 25097 17393 24592 2161 14858 25796 8708 9642 341 26234 4029 11740 2212 28575 13564 5871 19464 902 25051 10562 9956 11937 18209 16196 15041 22773 10256 1730 19345 1478 4651 20415 21043 28936 26938 10553 6182 29534 2476 11898 239 9863 13560 5530 15190 12101 20248 13285 20298 7397 13080 12151 6074 5882 7398 26761 26252 14829 17267 9135 17614 9661 25029 22211 28475 3662 15731 11507 5748 25724 29705 6401 19455 4261 3388 3754 5295 1957 612 27182 4794 24138 15304 2306 18120 19567 29033 13259 1835 202 29721 28316 20139 14857 11627 18769 25000 16677 7809 15540 3474 16746 15214 8636 25885 5960 27944 25618 1077 5814 13279 17886 20962 24668 11413 16335 11458 259 20384 3059 18693 9611 18420 2868 9467 8124 14076 15275 18115 25791 18669 16212 24292 14039 16739 23703 1904 3964 27929 27107 1726 2500 1856 28837 20462 17382 3432 26017 14225 12660 27343 12246 13911 27445 6657 25285 7704 5208 15483 11876 16412 19846 6933 21114 29280 15878 4713 18718 8394 27411 6051 7173 18379 27097 17753 16099 16366 20410 24271 12607 7142 27640 6289 26876 19736 14817 12256 20495 9075 218 29550 10023 17689 29388 26504 6874 17660 13405 12074 18880 12763 13763 16619 23445 22726 27027 2079 12018 16587 1848 14695 18032 7574 12520 10467 29830 9257 20792 2050 28528 10764 21802 7067 20158 17642 25817 25240 10299 4336 19208 21532 8434 22661 23837 20964 23452 11914 26190 11815 3974 12665 3696 16193 28879 12640 29369 6869 3744 18598 11587 19318 28269 10141 21870 2538 28406 11002 8617 9098 9078 11722 20145 15337 9008 22174 14853 10730 23251 29723 17309 9142 8207 8965 28576 713 9354 27074 21526 9855 24050 25268 8021 23680 4549 29604 4931 11638 24945 913 17499 20394 18784 6066 22041 15601 20280 386 14282 22038 1992 28737 8287 21837 17610 25185 7344 19175 10258 11766 18410 4810 18218 9027 15361 15772 5907 2481 5645 25587 9463 1924 925 20189 26255 16654 16847 2865 9747 5854 19605 7771 22983 3577 8902 18478 19757 20928 19260 8113 21782 18091 24573 12231 15480 12983 467 10207 4246 16264 10916 9996 8074 4308 10271 29215 412 20507 702 3616 15192 28488 15754 13082 286 23923 9898 22879 9084 1180 22029 13324 21064 4837 8479 21424 23499 11501 28911 20050 17985 19012 12131 257 20469 12325 19151 24639 12755 22369 883 28839 24532 28874 14284 5500 10213 28900 10937 16994 27070 24876 5316 26549 28703 17060 12965 26532 5405 23706 12393 7890 26158 19133 14362 15786 12181 10785 367 17573 15635 5412 9944 3510 8065 23039 1554 17454 5150 2884 20920 26986 21469 1945 8048 13434 6151 1802 11612 11837 23016 12918 4966 666 24320 7822 19381 18163 25643 18889 26822 27823 14591 16797 24186 7703 14697 17211 27448 4491 13646 21780 22229 11302 11679 15282 21560 1976 15059 16138 3455 1879 15375 15712 12776 4170 27821 4489 3858 22877 15885 17494 428 528 18468 26235 18030 153 4691 5993 10878 3568 15685 18804 14812 12422 14265 13334 24192 26187 6484 20666 29515 14672 25808 27850 23348 11977 23960 17650 15196 12884 16574 21646 11120 19603 28735 13997 22745 22963 1330 3270 6577 23549 27375 29337 18921 22665 28558 29029 2085 20947 4321 15040 14577 6910 14816 16696 15998 14363 5762 29615 16832 24777 27680 9093 21232 1526 7997 1186 24226 19937 7894 1316 1915 2940 10565 2234 7157 21197 6006 3407 14860 19951 1893 5536 24980 2366 6191 15764 12424 29191 388 13881 12133 9556 17310 27930 7005 27704 9244 10118 7012 15085 21982 16013 17262 21850 28470 18732 6647 7680 8523 17227 25089 9214 9352 15868 10517 26713 9948 22979 2615 19697 11841 11405 28194 2168 28451 18097 26546 12366 17927 18462 15013 14519 29698 22595 13575 26667 12898 18122 4594 8144 8218 1842 238 21674 24386 4190 2153 15805 1590 27794 10396 14122 19295 21277 23356 19834 16922 20332 25699 523 24586 15609 29399 6155 5450 7332 4213 25024 13898 155 28384 7205 22615 23333 29961 22679 11963 26813 25455 12262 11276 29579 15194 799 7725 27350 29790 28498 5912 26474 863 3661 24607 10283 28999 11308 18062 13551 28982 11661 19662 22387 20765 28898 15996 25322 3842 25871 8555 24062 9783 9373 21729 11166 27554 17523 21352 28627 23198 2491 411 26672 26150 13538 4421 23820 8294 22849 20975 15570 9575 15299 23784 22460 18053 24070 6936 20406 23342 28515 12099 2860 28450 28866 7610 12866 14561 5657 542 24053 21889 11574 4534 17714 2260 4657 5839 21643 16026 9016 24282 12303 27622 9888 3005 2108 22870 10899 19335 18714 27991 17415 7199 26863 21566 24369 29755 19959 4446 17307 5418 11882 26834 23988 10159 23171 7572 12792 5509 7912 940 15794 5956 11800 4760 28940 22994 544 22135 17069 11470 23182 326 6236 3918 15394 12746 24528 16686 19692 17833 17725 19386 27072 20592 16932 26003 7251 25965 15717 9317 9344 27373 22429 9362 27870 28444 3028 13234 15277 15405 11522 11013 9491 23044 21950 1152 14452 22684 24047 943 15294 11153 14767 5874 24276 25880 22742 18895 10311 25889 26088 28836 27798 27051 26122 9171 16003 7347 2037 24857 24377 23760 14828 5148 3114 6165 10093 778 23245 26263 16409 28438 24605 8884 5035 12876 183 12091 7866 24644 12313 4801 22026 872 28824 24782 24967 28446 27633 12533 26978 24710 9198 13163 5746 14573 17563 8933 15780 17937 24179 11623 17919 13350 4510 4146 4015 24391 9451 13173 18299 3277 13034 1527 17810 9398 5323 2027 11640 10431 29244 17557 21614 13713 20405 17562 5568 8779 17827 23476 17654 36 14050 16644 20523 18084 3058 16303 23362 29415 14060 9821 2368 9818 16486 15120 10386 17815 14894 22330 17286 10502 4057 6720 15470 23232 25366 15451 14809 27591 23965 23189 24533 2541 7289 10803 21520 12976 772 13300 29734 214 4050 28492 2800 22184 8020 21981 28832 9527 10222 16243 14635 4777 27593 1289 14209 23319 8106 23723 18382 27877 12773 9176 23258 21711 12732 565 2994 4731 17339 13081 16129 8887 5164 6602 1558 12365 19055 17196 20162 28366 20075 13243 27723 28768 2081 4802 9401 28282 29549 4312 10287 24037 2669 19251 20211 18573 22917 28250 29209 27118 27536 21400 15436 5017 16522 28889 3999 23853 29347 2662 26998 18619 24107 1761 24233 27142 3208 28039 24992 16462 15006 21256 16467 27501 25620 135 13240 18648 16413 6359 27666 12706 2600 1349 23631 3874 5004 3907 6860 18572 16024 28169 14078 17942 14175 20821 18087 28557 17418 23861 23816 20510 28905 25010 18800 19880 11457 4259 7740 16723 21650 15226 3490 1804 10463 3497 5559 14214 8109 15168 9234 25714 24804 15689 17301 13087 13609 5335 10006 1532 17740 14656 13059 28549 28700 20995 17187 18803 4583 1207 23690 8189 3232 9313 21216 27481 3233 14489 9438 4478 5479 12550 14545 25230 5448 16225 28012 15756 18960 27069 17656 6896 14581 23472 12518 23034 8128 9756 24862 18384 7326 1829 20443 26148 17612 9289 22666 12159 10040 6142 28075 24048 21781 19528 9017 15233 10202 20874 15865 29548 14647 28006 18907 18047 4686 20221 1245 13485 13808 18860 23664 21847 11434 26079 6617 10112 19695 27551 7724 10497 198 12682 8258 13787 14861 23484 10793 2292 28834 7396 15543 7331 8993 23280 19232 21723 25876 9759 20197 12443 2304 29757 20491 27441 29377 28235 20548 14598 29201 3231 11543 11630 26853 1754 17101 3092 6543 15532 23660 29643 10658 2486 25209 6229 25151 290 2695 15380 14631 18320 17500 12111 29045 14256 21155 4706 11203 6434 23675 29891 2250 6437 15331 4444 15891 22574 16870 21619 17297 8894 9303 16194 16959 17677 3612 14730 1154 20889 7306 5699 13488 13317 12487 9576 8100 4611 9063 10315 23633 11342 19041 29963 17842 3081 25730 6519 29393 14376 28424 11237 7433 17345 6921 25177 27480 23082 19581 29152 26662 28465 9456 29354 27980 16971 19070 19595 16156 4775 22521 5067 7532 18788 13122 5822 6759 26673 27113 29334 28899 24927 4626 28368 13347 1845 11340 3428 8488 21820 12029 13703 18753 20745 16140 27184 809 16105 653 27986 23836 10713 3414 12014 27978 21621 11102 8147 23298 7472 11644 13988 23716 2387 13973 22476 26987 16786 28741 2694 27158 9249 12813 20243 2722 28317 20742 19313 547 22825 28453 22735 16385 20691 11235 22163 6678 3972 16377 5774 2068 23088 1960 21728 9066 9263 18255 21398 8296 12515 17326 11739 25084 8613 2318 23494 15981 21021 25668 26702 26278 29542 19285 1897 16612 10610 22635 14947 11035 24760 2982 28258 23124 4551 11357 1324 6052 7985 19675 22036 28822 17706 3942 8789 28968 28482 24720 22218 20463 27192 10963 14713 26962 21109 19007 11 11418 9796 9503 22482 24998 9926 25099 5399 2660 27393 18068 17814 27921 29820 1577 8254 16790 27679 282 6967 21346 12542 11449 12794 9107 15000 2560 14404 6163 29222 13520 9301 26115 12511 11699 18536 3973 14872 29732 18330 14538 7721 6733 18751 27127 27897 6824 25118 3977 25544 23500 7567 29828 16655 13522 10472 4281 21091 27492 17144 20467 22787 16483 4660 735 6156 22212 2685 18310 860 6296 5519 5888 13674 15888 21988 5553 4946 27475 24657 5763 21239 1218 1729 12172 24769 23186 29672 18195 25732 2972 18019 20206 4194 4846 28625 342 1439 22021 5527 20142 28268 10181 22396 8308 20388 19018 4871 14807 2286 2861 18748 7965 164 12974 2577 20587 10653 19392 27189 20933 9834 20829 4051 22119 19288 12699 4903 2555 24339 29996 25297 16692 20397 3351 16484 5482 18603 14056 19647 11578 15595 21995 7327 6726 14457 20910 24113 26397 20039 26433 18357 17400 3732 28464 17649 20562 28374 16805 16246 26994 4032 1510 12396 26718 12127 10742 23761 22882 16386 19188 25397 14024 11015 11010 27579 110 12909 17829 20761 14905 25092 17989 24717 2639 7381 1462 18659 18109 29973 28005 272 15075 6260 8380 10016 13773 20832 4891 23019 18768 4595 28156 6945 12662 25857 26047 23562 26438 26644 29053 2118 4898 24057 21244 21322 12437 5084 15070 3746 22167 7632 21056 11020 21118 16793 22860 2693 16284 28310 27935 23021 20036 23695 5685 5049 28364 27702 14805 3352 23763 20110 6286 12597 8903 19847 16629 14942 6029 14012 26328 1559 9823 6680 21911 15610 15812 17212 11103 22789 16830 9727 3734 12583 3016 6092 27302 28561 22543 9106 29835 11139 11127 13331 4044 2333 3359 29211 23211 361 15566 16773 21796 19936 2278 10224 6674 14543 13544 9624 17147 21968 28965 13380 7369 12731 9465 8862 21685 25019 13666 26245 5193 16861 27276 6360 22534 19759 21186 19152 9804 26222 2229 18995 17555 2472 14337 23769 26027 10201 18246 11872 13728 25641 22712 2330 23276 19536 26824 12322 17890 7042 7908 14721 5247 9010 22853 2749 22580 21668 1369 7518 23187 26889 3146 29229 4083 22359 10052 26223 20744 13725 19652 28232 27625 19309 6731 16177 21717 14123 28935 24238 13444 10504 8614 10666 29007 23602 16656 6364 23092 9137 11456 23571 15547 28412 16502 3133 25477 19468 26923 2142 10107 3930 3738 27764 26807 28372 25484 166 2019 3855 23456 23231 625 12668 770 14293 20722 24468 10314 20085 7490 29557 11309 2082 24181 22908 18872 6489 5132 29782 15083 15495 14689 11649 15382 20591 5460 20169 2525 22389 13870 2770 29086 7585 18566 23650 19593 12003 28959 15153 22172 9127 18252 6640 177 20682 17873 3981 369 12704 4418 18808 8511 2847 21467 19427 11784 22480 5744 20054 20916 865 18856 3311 4211 22845 18121 10157 29101 29331 13303 19246 22502 28205 24007 4440 14739 21835 8316 19393 5819 10034 5111 22049 23386 11088 19217 22222 20942 2460 12400 8473 3957 15023 22886 5995 10354 27370 15311 17357 16892 8071 14976 7656 26783 24094 16582 24985 8806 25524 1518 527 13842 7135 6510 3447 5974 20499 1056 24849 436 14525 19574 8251 14900 25398 23059 13229 3320 17252 2912 17408 23794 17739 18999 24802 12054 13926 16600 12232 17766 4552 29123 2382 4299 25451 18308 28585 13948 1864 1511 18679 11005 18935 1215 6692 20614 8427 9285 492 27605 15270 4137 11847 2752 7371 496 19436 10608 24222 27577 19831 10533 12076 18571 11566 8954 15514 21391 21453 4787 12488 2534 16176 22840 5149 28015 23425 29155 15755 2613 4607 13598 6804 9353 29142 8200 19139 23329 26279 504 23715 7478 3244 1010 17228 53 24577 5024 28347 6671 25012 18241 10367 2964 15493 12686 11361 20402 11518 18698 26555 15834 13755 9464 1481 8389 28897 26763 23581 1942 11011 4683 13689 14944 19991 10543 17540 22930 13729 14979 23095 25112 10545 24628 1627 5354 9774 19710 19891 7674 6038 6873 15046 24551 27851 1815 6747 22611 2758 742 13810 7625 9984 5632 29127 18929 6641 26054 4026 17026 25166 2781 4628 11814 27561 982 16944 18890 26762 28739 25756 23941 588 29710 17733 18684 20373 2376 8612 24456 17139 12233 24309 5512 3160 28954 26665 24564 15950 14226 1370 18249 26218 23361 24863 4375 8615 26731 11573 16009 12903 17590 13092 13027 26618 8928 23780 5759 24526 13058 1231 28007 253 26756 26832 26723 26535 14918 5338 29188 24620 1373 18232 14035 19498 2273 16695 8115 24721 20847 15576 15276 22157 2249 26678 8802 16886 1105 8830 8930 26096 5542 12904 6909 22023 9699 13978 11755 15143 20752 18870 20357 15170 5498 29412 1716 25001 23094 7941 23972 7604 6863 5428 20378 16106 7515 569 4010 15228 29816 14102 4134 14725 22048 27280 10246 12065 23156 26777 28932 1847 8168 23762 10058 10982 14666 28996 15490 8560 4046 23646 5097 5356 21786 8431 10452 2730 11106 23597 470 17486 29088 18636 25190 25265 21828 3776 3373 9927 6871 18904 8155 23010 22913 29879 16476 25600 18982 10300 526 9371 8633 11000 28187 29153 21274 6143 9375 4773 6633 16733 21616 22285 26445 1610 19653 4262 3132 673 7485 23470 13760 25415 21036 29164 1216 7834 5350 24750 24196 23830 27120 8423 11984 21219 7586 4993 12534 13517 23913 13137 13128 949 14386 19144 23176 19268 2362 17776 17444 21779 22011 787 2881 21402 379 10251 2406 13979 1579 271 1692 837 10411 29647 21429 4952 15778 23569 1294 9813 17633 21243 18909 26815 18990 21229 19457 15835 8621 26634 8139 280 8177 18694 10778 20979 21271 14193 7881 27806 21836 24818 3323 13915 16372 16338 25307 6930 2596 10671 6141 715 22626 21694 28938 1029 1277 3844 10113 2561 29896 9606 5851 15384 29703 24699 10498 28924 21249 22650 22022 7942 15792 4221 26570 24240 17896 26308 3061 568 22715 12842 26694 16298 24711 9037 285 26515 25210 19201 22692 363 6776 25384 4040 3308 24871 7466 10677 8751 22815 2315 2831 25356 24012 10912 8605 551 26140 11831 17292 20217 19530 12071 26080 8557 17285 6257 13593 4199 14361 29668 19172 24076 2935 5422 10617 14005 18323 29219 3252 2952 1229 20302 21380 7736 23574 9411 4144 10231 25312 24015 1519 20650 12199 22807 8716 19713 11414 10520 17355 7284 22030 10814 29322 21507 4102 27034 8046 9570 11642 25583 23368 679 7915 14082 9255 27843 5272 7842 24375 18105 3651 21702 14600 7476 803 17295 18836 8386 29493 25007 5269 22639 19088 13351 18421 4354 13221 26833 18665 26428 6821 24850 10068 18992 22486 2548 10484 7196 8905 13506 6237 24976 27025 19768 25954 12893 4474 26246 26303 23559 1336 11491 29026 24891 21920 24854 5329 26368 27154 27287 5859 1125 21598 29351 19053 6551 20685 3810 23575 29145 13844 5637 6306 6687 4974 12214 12871 26425 19544 4168 9508 15247 22293 29324 8849 9993 7539 27322 22243 22664 25957 21075 21038 26166 9887 4220 3280 9458 19624 16989 6681 15437 27045 11450 18383 28762 22028 13849 9159 27340 6797 8010 10797 16500 12390 10147 11335 5718 19866 19353 29976 4164 9532 17443 4741 24805 3341 29520 28410 28955 17816 15831 26352 24505 6468 21607 21050 5351 16603 7235 24904 7742 5624 11347 15683 8604 7852 26189 7613 15963 12139 9366 26378 789 18858 21603 24234 11061 14740 16111 18627 1908 14916 11191 29808 744 24771 20642 19227 25343 28633 1753 16329 20457 7853 11295 28967 16726 5179 7879 26939 22730 13634 13199 4317 954 29572 28920 21318 11227 975 9459 15905 26297 18339 3424 26567 23431 22750 14148 13777 4413 22122 4723 10360 22847 21157 13047 9726 28966 24208 12698 25387 22422 14804 25137 6228 29676 28462 574 18703 4177 12741 14646 16583 24712 21712 10102 15876 25308 5180 9454 22131 12955 5281 21840 20180 23589 14675 25615 4479 22987 28634 21030 26142 5730 17726 24417 3182 21913 24428 23851 6358 25552 13338 639 2140 21866 16969 11654 6204 4547 22820 29806 16321 16339 4721 2723 20487 27296 12782 25621 5688 22189 19893 6130 3316 6283 20208 20537 19317 19815 16557 23825 1652 8559 19680 13873 10849 20483 20623 12009 24059 29103 29499 717 29328 14837 1987 21897 28443 6573 13139 24336 12655 28688 20059 22727 9311 9251 18958 14772 6929 11759 29707 23996 24809 13584 7916 15880 24272 20331 4296 9202 22216 23656 24941 1482 27007 24437 25261 5102 19656 8860 7502 8250 24897 3532 6084 12041 3745 19704 11892 8291 24515 26141 22680 3987 24851 13224 10694 8333 27582 8012 16151 8598 24764 19967 24935 26526 12298 10188 8695 17981 17198 17891 173 27077 25904 26849 19413 7416 28479 22704 17433 29386 7810 20568 6638 25173 29049 19700 19495 10513 25984 8795 22557 19300 17675 21833 28200 9267 98 3453 27164 17122 19272 7695 4781 7448 6728 13862 1857 6268 6779 22872 7566 6215 8544 29093 22097 907 3846 20107 19439 23320 20409 9349 28624 23874 8585 21468 11272 28816 8226 17387 18400 19297 22412 29821 19323 23785 13612 23229 28346 8582 19428 12022 11424 6606 27278 6339 16623 8309 636 26386 23481 20062 8799 1480 22452 29343 1078 8883 17226 9694 4305 24807 14962 25290 11762 4799 10984 13529 18154 18820 3630 12519 5294 1189 5771 8836 8000 27957 480 29561 17510 22487 22695 6013 6476 2907 3629 22719 27955 6809 12155 9343 16672 16933 17056 22342 29551 9319 14926 2902 20097 14694 660 24210 19410 21138 17813 11513 6717 14204 14255 20641 15657 14490 20602 19157 3077 14520 24467 22638 15149 1467 6223 8705 20779 27915 28108 23798 4035 9771 15281 19641 8313 20163 25216 17158 11052 22470 92 24687 11455 15579 12349 13085 21878 28586 20175 5612 1871 28607 19093 26298 11098 27273 23152 26232 25003 23635 26990 12818 6688 15336 6594 21354 9980 13680 11893 19388 11537 19236 10456 21701 4978 17180 14139 9407 8964 26679 19844 8842 15225 24997 7258 17794 1947 11604 18658 27233 21360 14388 15186 22303 17401 6969 3884 26429 10884 13210 6501 18643 2587 26077 20027 11345 10391 9487 25675 21141 20842 24816 21492 1682 21901 4558 11854 29977 9696 6027 18470 8179 8844 6725 20081 22415 12483 20204 27784 23256 28527 9220 14384 13366 24521 836 4545 18300 1016 17888 4684 28872 25222 2418 2120 17169 24755 13772 26156 17552 19721 9800 15051 7569 19351 13876 5809 9447 21966 29770 12527 13305 28440 3909 16072 455 13020 21007 16925 17316 3445 13233 6899 24049 4940 28201 1565 24124 29509 10735 26249 24472 13223 7117 28454 11285 18046 29866 12451 2235 13504 24261 12339 18516 6716 25628 5366 13996 22353 1089 9805 27119 1994 20084 21190 27183 7254 22054 27503 10230 27293 12115 16951 7644 3870 1866 196 19669 5900 9042 14178 11477 14592 21308 4132 8001 29108 2737 12840 20956 1653 16584 3759 7370 22286 28754 18071 24359 25104 28162 18756 11607 12237 3421 1538 26495 6552 3387 29378 14966 7898 26016 7595 2562 23843 318 27776 3446 12897 27548 10440 8571 6637 6765 6208 13202 21755 13416 18722 223 871 29094 26157 23200 24075 24700 9191 23461 12793 29379 26269 7957 9210 24128 1288 9288 29686 22608 20982 26931 28344 13608 18398 7257 19622 20296 17933 58 5832 20177 25585 27522 10727 27298 24232 21031 4380 11633 20055 9416 17839 20665 8771 28775 7216 201 29717 4964 16611 22837 9225 18393 7673 16850 5298 9517 17516 29391 26927 24461 7150 14570 8212 11596 3829 9239 26062 18507 27194 13866 6441 11691 27603 19665 9879 16687 9240 27318 16941 15826 14676 19064 5291 10309 25482 28060 5898 11786 26671 25249 29154 27306 26932 13547 20572 9195 10235 5973 11919 5599 14341 21310 25114 24781 19976 22335 18779 13914 2915 11666 24953 23432 8399 8341 9481 14528 5980 4062 4206 22050 28192 17849 8687 27623 6917 8005 14678 13848 706 13616 21656 15291 4498 2851 873 17809 9999 14935 15475 8395 27013 18077 28441 11571 27349 18917 13158 23542 7531 3367 28623 3021 28476 10552 12622 9900 21564 19163 4932 7694 562 5435 4579 1816 7994 10877 9020 28468 638 22347 29098 10507 2690 7559 23625 16957 4727 22796 4301 19189 9233 16571 25832 10262 15916 26803 12005 17088 12568 2985 13460 17613 22005 29629 4786 29359 26258 11148 21849 18845 15130 29366 26219 27693 9720 24925 4793 25851 3122 18423 4392 8289 21070 27907 27282 11965 2892 21156 27460 2360 29890 14443 20117 9347 22881 2709 17490 6626 6796 14779 15640 182 14771 25331 17591 3492 9167 15089 6898 26642 22814 19108 12638 17020 2473 21985 15774 15434 16637 11835 22762 26979 3154 5438 20698 24493 10688 18219 11447 19249 11967 4318 17125 10977 14484 7136 27547 3971 8508 14478 13157 7666 9079 13578 4097 9397 4759 5445 19361 6761 18190 3691 356 27098 16633 14068 23489 13448 21456 25623 5205 22590 7460 10736 8197 18394 20391 8715 18228 103 2296 26967 7441 6696 17369 16716 27049 10098 13109 13856 18642 8567 26897 3287 2026 26677 5447 26613 26500 13131 22479 4678 4019 28292 13475 68 29814 19892 13917 7706 22468 23340 14826 29140 1641 3934 26344 8829 26661 9262 20386 27174 15202 9059 9339 4352 24913 29519 12759 20450 18262 26418 5939 28329 21293 29410 11508 15038 1977 6157 13470 5397 27580 21716 7723 9241 21366 16348 9988 22349 29576 12602 16798 9559 5220 9067 12369 14485 17030 26587 21392 25136 22508 24552 11677 12276 1315 17798 24482 19821 2097 15660 29571 14254 390 6402 13260 29872 11480 28399 5992 1461 13577 6862 9530 6487 18086 1161 24269 17039 9181 3443 20164 27147 3379 9562 7560 27338 1741 20877 16494 23732 25542 6708 3303 8941 18502 4388 21170 6200 11811 27959 21896 13986 1385 3302 29113 22475 28459 18427 26197 7918 18878 21731 10142 28781 4985 11415 20143 10239 18371 28361 29716 1368 2124 17032 22323 9860 25472 16180 756 24434 18207 12305 26597 8067 2936 20453 17324 29859 11247 28309 27953 11805 16020 1800 15010 18144 2487 17253 9705 19877 3125 9931 28699 5110 16463 14783 13708 5501 19809 4811 5165 15600 18637 17079 8133 25298 25332 26875 19795 28457 26508 19681 29833 4077 20671 7071 20030 16742 29285 4808 26106 8936 21057 11936 16390 7483 28927 17546 13919 16320 27079 13227 23815 29024 17790 22341 8685 14216 1515 20138 25284 7155 6714 29765 6492 15781 24475 17745 7607 7752 18657 18971 22051 16227 19397 11601 3337 4844 23262 3860 3947 2676 23451 21727 28574 25926 17698 10738 29030 11439 25868 27901 21713 14198 22783 15404 6183 20364 16367 26 16319 12661 6080 16043 13958 11465 18972 17947 22541 7008 20819 5752 15024 28761 22914 14625 3546 25148 9991 2488 9669 12291 2468 17243 5415 5538 7640 19303 19760 19682 27937 5124 24535 17687 16837 338 10349 19767 20455 12363 25182 5190 20341 23143 15842 9376 11049 27274 26766 29684 8089 20960 26094 25407 19360 25122 10777 658 23423 19023 3820 8043 26554 12535 8663 181 26855 6386 17134 13384 2544 4635 26966 12089 18443 7766 3619 24497 11569 25533 14046 3260 20631 25448 4702 14338 18167 3704 5723 16150 7129 6644 2703 24400 17754 11794 22292 19590 18483 24556 28391 26655 24507 27670 7642 24585 4247 3865 27103 23806 175 5604 11689 26700 4346 7227 387 28299 453 1863 14914 2720 1272 9232 27911 6420 5638 25334 16875 23372 613 19190 23709 29051 25108 4749 104 12498 18865 16248 6908 21876 15502 9151 6018 21597 23884 29171 4087 3980 3673 25806 19526 22279 11869 25247 27802 6768 7880 15535 21561 10216 20803 2581 23948 17283 11667 28062 2372 2590 21076 26078 16071 661 23872 19691 16509 12685 1867 14536 13480 18052 1644 27768 23844 8275 13297 1552 1213 12964 4237 19938 12596 7748 17215 427 10915 17693 24787 10818 21017 24040 29406 20756 51 15625 25692 6965 1239 13353 21660 8848 20425 13184 17257 21377 20446 1902 23396 3660 10282 22096 2134 8337 10139 29929 12225 21947 25785 18274 7811 9433 25457 20711 23676 3509 475 27216 29774 4904 6203 20432 5010 9973 12943 28821 12881 17574 26910 23296 17145 16395 1312 827 13576 1127 12078 16757 15044 21886 12218 20925 12034 13478 11214 15935 3127 5840 21907 7124 27952 20686 23708 535 3458 13749 11085 15693 21045 8583 17617 17359 27740 17023 8610 8178 24698 6008 14553 28846 1943 18918 27596 17962 9370 13162 7354 25456 23110 3013 18755 9425 8719 15934 27080 25272 19027 14847 17480 14831 27694 24063 10936 16181 7712 16665 2712 23813 20743 21208 3633 14021 20943 21326 16902 20111 24776 9440 7510 26452 4992 28439 5588 24421 2370 26354 27651 20768 13706 11371 11391 24393 3084 25061 18588 25632 8945 13867 20660 24584 16618 21832 20176 3396 24442 12223 399 29223 26691 3778 13281 5011 3364 4637 14793 19803 16421 1858 18715 22178 22599 19489 13585 17281 25054 19358 15206 25328 10881 5263 29121 822 25032 16173 15173 1040 25102 26371 19110 28031 18519 7033 1986 15629 24828 23130 18012 24407 19242 26726 12969 19153 99 20533 18473 13456 4559 25106 1598 17049 14749 3181 15347 18085 26894 991 28685 2938 10525 9835 8483 2395 10324 18149 6110 10451 8028 2148 10135 7959 1194 24839 10495 14093 7734 7208 5189 22836 11960 2959 15322 24164 27345 8264 1159 9282 1013 12643 25978 24137 4548 9921 28225 14343 8318 18815 18493 19553 15762 23570 5138 8204 21301 27639 20683 16007 7453 16871 23448 17906 26069 12304 20060 13827 27573 28598 29054 28124 5673 15327 11328 9655 2303 3663 6628 20053 1593 5374 5034 12740 10025 22160 20950 15501 25006 12544 2455 5782 23195 5372 8706 22137 14790 25722 28196 15976 25123 20407 22868 12364 26045 29597 10417 19974 24875 6578 13196 16565 12563 22367 10382 4809 21010 10648 25386 20549 23662 18725 27059 26487 24503 13993 26126 20848 25971 3437 13239 20309 1414 12085 3188 992 24979 26628 17603 10761 24206 5282 10824 16576 22618 11812 22678 2135 13325 27657 21577 15466 24888 7824 7986 25129 19897 19319 28442 29641 5676 20128 27888 6095 27645 11389 18558 5967 14199 14630 11647 15125 23397 20257 5922 12015 8641 19586 22313 24501 22309 13438 29635 5273 28729 22923 8797 2328 917 401 11777 17399 16249 12040 20936 24080 13946 23578 24228 10115 18188 6976 9389 7543 297 1755 324 27490 18717 25863 172 14090 29241 26797 12521 6815 18942 21101 25586 3284 8384 3403 2080 24910 8630 12473 26992 23162 24495 19926 19006 2251 8008 17977 18135 1214 25801 26861 25789 19065 2471 8728 623 7113 12522 4784 7521 29937 13879 3786 25171 12509 21817 12270 1809 6847 14928 21357 24889 279 88 8730 26490 12189 2006 21586 19628 1884 14036 1400 23839 26243 8031 13266 7630 11857 5698 11982 4880 3961 26536 7683 7262 19364 12868 2105 922 27809 29169 17542 9320 20328 11525 27003 14062 13195 7598 12491 21956 5076 7545 8098 5562 26877 12806 25683 13044 9843 24064 9026 8566 24119 695 21618 16857 10744 17586 15734 19997 29740 19136 18134 19585 28004 22138 2076 6325 9295 16428 16324 6461 10380 27300 7684 5925 17876 20220 4687 5300 16999 26502 27727 10838 21071 14149 5328 1199 24254 13858 29521 17321 1424 9707 23279 24065 25893 4183 5796 9763 20287 21640 15400 12689 22531 26940 1899 7455 17041 17071 12164 21159 23295 25458 2931 17209 16794 13652 26288 23385 26905 16651 19987 17308 18271 645 23875 27832 15412 3144 823 1807 20637 21623 242 27932 12801 6160 21476 16084 3609 7000 5376 12321 17419 7145 25630 1473 29544 7541 11901 2420 27457 23593 2357 11999 12021 9905 13625 4662 12160 13396 27351 13134 12873 26376 29279 19769 27153 8975 1882 14069 2640 642 27493 28581 24848 15371 10670 21818 6832 13499 669 28807 10353 6650 5785 22404 3044 29132 5654 23741 7671 17757 11628 8963 10832 17233 27294 13427 2568 20460 16416 7634 1715 27677 13022 22861 22995 2325 14115 4011 5505 20668 3200 23734 28223 18066 24963 16126 20937 25818 8568 9971 29693 17597 3986 14750 20627 5070 7783 2734 6596 7285 28873 898 20300 28300 1046 23719 15279 27717 24894 16148 29724 19888 20630 2745 17575 26869 12147 25269 29771 4150 17406 5606 14811 26127 23000 26302 26692 7467 9963 9710 26846 28273 5491 29577 4821 11687 15080 28103 17789 21992 5174 7688 2570 6840 5641 20652 8083 7132 26068 24536 29074 6538 25867 3850 15997 1310 7312 6199 4742 20441 22175 9318 27371 28419 21846 19194 27418 17979 17847 15293 7516 12707 18445 10759 23234 17920 2681 3463 20604 27219 13073 7046 2295 20146 3166 2726 5577 11034 2955 8620 20012 25517 28578 8011 2953 16588 25489 10082 287 25011 14718 24162 7854 21466 14406 12056 5155 8457 5795 3847 14965 12811 4745 19042 22008 10390 5779 28664 26009 22199 10702 20368 25709 1334 7099 6131 28789 6104 27634 4188 512 21188 29503 268 4081 18994 17676 18211 16497 6835 12837 8781 2332 19621 26200 2225 18791 2957 17777 21954 4467 29318 18158 11032 24041 7597 1200 28975 11592 9884 14746 15787 29199 6445 28745 19057 17741 10954 1060 14294 23190 14423 26284 8901 11202 11727 16415 27537 10503 17059 22771 14733 29904 5892 1830 11329 20399 28429 519 3856 28758 9541 10002 21236 27148 5554 813 27520 12934 2375 27629 7050 5340 13110 19587 19600 4893 13701 7177 18546 2446 6245 15732 16228 798 11063 11431 25794 27090 17414 27563 23024 23389 23841 9600 25640 12268 1959 25666 16854 12627 19594 25452 28233 9815 17781 27708 25929 29373 29002 21921 25422 28690 8352 27918 23161 25034 18335 16426 19008 10762 1971 3727 24088 27538 12253 972 7690 8376 23654 21273 17043 5663 22696 15353 23029 14177 3294 18582 10190 4536 1941 2533 25023 8981 2934 7364 6184 6883 9466 1514 11213 3376 15298 14066 1973 454 10106 6425 29278 7220 12982 4780 21994 13001 13096 19784 17889 27401 15505 13452 11387 11643 6171 10952 13308 18749 17914 20419 14952 14113 4900 23309 15251 3138 18523 17936 18812 12138 1440 26463 21292 3027 14997 24299 12382 6470 4370 29099 1133 24880 9740 22169 12505 26261 7001 6240 1950 9448 18364 4667 28331 23982 6091 6841 6932 25673 26740 12235 24718 22830 15656 27749 29733 21624 20430 28100 27630 3857 27422 4922 28917 4792 22141 6902 27096 18033 11116 11807 4896 1502 17469 28330 16631 22080 24318 1886 13464 27999 25925 15060 3211 19344 29618 7808 29266 3905 22409 4617 13289 23127 21041 17509 25040 7010 26184 2526 6417 21970 6472 21544 22425 8150 21824 3811 5677 4323 25679 21115 434 9816 26566 20724 14696 9403 26076 23392 4519 24406 8997 9230 16748 26137 21122 16558 10753 1616 15274 9150 25078 2252 27092 15467 4122 2643 24683 14314 17536 4458 25043 14522 24229 17751 10864 17448 1395 19371 29541 18155 21336 16529 18912 12142 27295 28071 16260 23840 21838 28121 24419 20564 26476 23802 5582 8286 7713 10646 15071 28579 14403 14763 25189 17909 24108 4490 28009 15953 22208 12748 23172 13840 14055 29038 25445 15853 703 5434 17543 2483 13048 29970 22314 27288 23443 13409 23426 28363 8439 22822 7617 3112 6085 26594 27826 5332 27777 7641 13316 16423 18759 17527 28159 2766 9275 20583 11464 6453 26389 17015 29162 4608 16206 4415 17132 19983 14332 13530 15542 26768 260 8492 11022 6263 29128 7295 19375 9500 10644 21098 4088 17877 8340 452 16235 27649 22736 26401 24896 24182 15036 3050 12206 23906 13422 1243 16041 14180 22866 7130 20011 3093 11289 4200 24396 4052 11634 13715 13009 29189 28185 16113 25782 9880 1497 28511 11863 19111 7418 27660 10134 23871 6220 15564 17349 8466 4228 13054 19723 26264 4335 7691 19099 28458 9410 1137 19014 22794 23159 19458 14029 18141 13757 12265 23963 16912 20461 13191 21821 6677 5829 23332 19408 9808 15004 18830 12864 22156 12633 25060 2854 16553 16668 4034 5270 23363 19091 21162 11143 20083 118 20448 20776 9201 25325 7536 10701 11307 14241 22191 11224 28596 7379 16388 7438 21934 15381 1465 3100 4907 62 12623 5979 11351 8510 10659 25418 28678 6303 21161 13982 11505 2346 7133 4356 570 29416 22057 11521 21255 14515 1574 9810 22016 14902 11747 24360 11972 21471 4193 21058 6293 8371 23969 2597 15855 13030 8736 11194 14949 14025 27796 6225 16910 12395 28318 20367 649 27138 11735 15491 25486 2392 9449 15252 23268 12433 20915 22933 2205 4502 9205 19787 10855 24384 22259 3756 9776 29254 15346 16891 6590 3886 8078 19416 1158 2706 16025 19200 18389 29260 23134 17737 27786 7085 15484 7930 20358 13294 20253 27432 7313 7269 14441 1120 24915 15358 6000 28933 25862 2467 10856 919 8103 25948 25202 15681 18896 7791 20369 17917 8265 20987 8767 6446 25852 6195 16353 29090 6307 14474 7218 26980 24901 3212 3073 12169 12466 16710 2297 13569 8786 8879 23878 21972 12907 18316 7547 14360 8811 22450 26484 6173 2253 20586 5714 29620 7024 28284 29587 27067 12932 24068 23053 18035 1197 21062 2511 27516 2164 2965 13298 16445 8156 1065 11370 2192 28261 26390 19082 25565 16758 10712 8324 25847 13374 864 12637 537 3430 25228 15946 5367 6352 24366 23566 3690 25125 4970 20825 4148 5373 9484 21246 14919 3256 2804 5592 10196 13572 7154 26839 13441 24203 20610 21165 24731 28056 12384 2485 27394 19560 25754 13673 29284 23770 7491 1171 19772 23365 26240 932 28747 26482 22739 11007 10465 2100 1751 18844 3350 8188 12467 6373 12611 20968 9872 18974 25738 9092 23909 7125 28788 6432 248 22245 15222 10913 12536 23551 19446 29070 23638 758 2190 24831 7273 2751 2092 9378 7795 28962 7384 24667 8718 21042 2322 763 9441 19487 495 2089 20492 29838 22688 3295 10229 7563 28166 77 8175 12915 3425 21086 4157 27909 28763 29057 9922 10245 22581 23015 20258 27386 3840 1061 8153 13042 27747 20528 18200 13490 27291 16328 10072 10466 28572 3054 2635 7588 13573 19836 13528 24730 23055 5522 20099 25953 8361 5784 3150 12630 6345 12751 7861 28087 12126 3289 267 15569 10092 16046 533 6398 8500 4963 28452 20371 558 10427 29886 18742 8742 8018 11124 11381 9132 28385 1450 4429 11386 20244 5864 16632 5020 15661 28533 18532 18579 16058 17805 17186 1630 26563 21309 26944 26379 3743 22490 6265 10718 18303 2707 29494 818 22628 25890 21403 16601 4073 3590 13208 4588 534 22903 17713 20908 16188 25734 29694 25364 4093 22766 1965 25987 29402 29610 12175 4005 27676 12236 14160 1435 4092 1134 5133 14401 28259 3693 2705 21350 1685 24230 25130 15296 903 25693 27056 23460 15263 12093 21335 23931 21575 20634 19079 23072 18171 28242 15100 11843 21423 26477 129 27546 16544 170 16218 19425 42 17965 26356 8881 18774 30000 9055 11423 22094 15739 28850 25286 3749 10587 1284 969 10687 2672 15741 10706 17601 2725 5296 19011 10001 1803 20636 29673 128 22957 14679 3227 28680 7817 14546 20757 24962 10961 8472 21511 23464 4056 21444 11832 6022 13292 12280 9595 20886 22283 29085 24395 2220 20168 12705 7605 13799 9114 27733 28102 65 19435 15856 10834 18799 21964 16118 23306 18564 4161 20638 3623 6990 29959 9634 4852 22929 15959 26311 19690 13854 6961 29372 28489 18285 15796 27597 21962 4338 19771 22902 23427 26754 4788 21602 11476 2063 11900 831 21856 11556 22869 29060 2536 19000 23434 27179 27948 25431 5430 1890 22481 2748 20044 5306 23235 2361 9050 22459 28780 21191 29449 18492 15608 26564 17050 28038 17109 25612 23824 16778 10110 20003 23393 28989 24654 2258 28532 22497 4212 2215 15496 26937 19610 12373 11026 18044 8334 12995 15450 22421 8855 18372 17266 9558 9021 13916 1837 4394 9936 2162 7629 22530 15653 14412 22899 17982 17993 12714 6037 20923 5600 4274 16707 22281 25107 13626 14661 7672 6235 3130 18319 7170 20702 5792 8135 25884 25748 119 8222 1819 15441 12226 29483 23933 16096 132 21754 10424 13230 1270 25020 25429 6288 20945 2198 24968 17935 25140 17255 12458 2217 19243 2409 251 9245 20625 13330 16523 7190 27919 2784 10322 21353 8562 20558 21171 27752 18915 19049 12445 13908 22454 2321 18728 21184 9908 9820 19245 13389 22808 3551 12631 28348 2352 24069 26048 5384 19619 2018 16541 9786 13992 4348 16358 6780 26812 29524 17232 21931 26443 15369 11895 28668 15750 23921 17811 25365 17749 16032 5315 12193 2411 29644 23399 13539 13145 27028 2007 16698 7193 10550 5658 12471 4639 23557 25028 1969 23236 12570 3313 12926 26629 13036 27565 1850 19460 23526 17997 14179 5943 19563 24558 22890 27231 13356 9095 21919 2968 22220 19405 14323 21342 10568 792 6775 26373 13411 13940 24779 1262 1570 24308 17835 3533 7790 25530 18482 14354 18560 18142 15709 15870 14624 2353 17673 19423 10583 28983 29917 17312 10673 20161 29538 17623 7165 9845 21418 2735 29581 6503 13378 8831 9148 9074 4364 29220 566 27235 1319 29720 13902 6588 5626 12370 5927 4328 22978 27797 26162 6919 18959 2899 13566 13335 14440 15058 13766 4030 13276 16818 7320 22767 4848 8867 995 5813 10594 26494 10879 6419 27388 26800 8248 24634 10615 9001 18067 5495 1846 24766 311 9640 21682 4371 25031 10335 1392 16159 27954 6179 27711 12875 28505 2767 18761 2739 2603 6421 24633 23316 19572 25899 28964 27903 17123 10457 15086 16662 14501 13304 14797 4286 24429 13364 18719 23605 22756 23509 21938 17437 23446 17010 27431 14353 9372 19941 6560 10012 11083 1390 4763 26835 13543 11256 4432 22576 3695 22106 9842 10851 5176 3725 10576 11189 4053 29953 27652 2247 6058 2837 6202 11468 16342 23178 18606 18828 29200 3473 29424 1877 17640 14663 29657 13906 7931 23140 16704 14348 23863 28001 5093 511 8970 19933 5018 6043 23688 23116 16294 4855 4943 6312 11539 9594 6950 7735 28096 11736 5342 26921 474 27507 14650 4013 25804 12501 3203 8635 2713 24580 17398 26810 13621 767 7368 16626 9360 7875 25450 6338 618 13957 9243 651 16375 18186 14092 21169 9089 11208 1357 16452 21857 15069 9717 9761 12012 6394 19529 3047 16952 5292 23307 6272 29261 29649 20512 20389 26891 23331 14595 10007 3440 22699 3688 13969 14550 24028 22446 26949 23835 11725 14738 13628 3715 28540 28521 26296 13965 20662 8494 10070 2584 880 23040 9036 19482 5253 9639 7643 2802 20416 16371 3518 2834 18381 4973 10643 22405 23920 9827 9965 22449 26647 4754 419 29158 10731 16168 12539 21533 21374 7020 26000 26600 17631 8009 9100 27698 17304 19878 28033 26046 5735 18897 4604 27647 3151 11024 24703 4258 1834 8014 17436 20664 21474 4569 2531 17559 24382 9663 9043 14413 4436 9044 2779 786 18569 21044 12281 3087 16896 10689 1278 24281 26342 11974 21151 25421 11429 5994 19879 13406 11025 16675 10570 24003 9861 6002 20914 9819 8117 24727 12636 3571 12297 8141 6395 5990 26058 10433 12944 10403 7907 3805 5827 10569 25658 563 6189 10635 13656 29161 22492 18405 8755 16061 4271 22832 13183 6858 22176 237 4988 10719 27230 15846 12421 12744 14251 23729 11420 25595 17655 28547 14410 6876 26039 20904 2373 4 7741 27719 6722 22904 28851 23210 24317 24599 15994 26360 18422 19744 12562 21880 27819 22622 665 27009 3701 205 3342 13190 24709 9189 12835 12872 2046 1625 21761 9470 29528 9590 21900 7851 2524 4640 13420 13306 6232 7857 3764 17971 22848 10289 19856 21587 13650 2665 8773 26275 24402 19222 24671 22558 4508 22495 27566 1242 12795 25510 18559 7204 17305 11886 28814 28114 28665 25574 23490 29531 3304 2909 6159 12672 25071 23272 3668 20390 413 21459 15055 7535 20680 16251 2415 18418 6298 29344 13619 14283 21123 137 5151 26836 5712 27285 14660 3697 17002 5945 16508 3990 12332 17692 2281 19857 20740 23819 20834 17519 6867 12351 18884 3489 24454 1722 14196 8262 27354 24099 9599 27757 23698 839 19253 74 3015 11354 14129 27523 12258 8658 21528 11306 17112 27795 21918 23591 24747 16491 12615 21166 26733 10813 10126 6328 17441 29080 20147 29905 5713 12653 22328 29711 25659 19448 5037 3068 21703 28434 23175 13511 16083 5386 24691 10611 25947 17420 7765 3464 19730 21630 582 2864 9259 26912 21480 22472 29628 7291 1118 2025 27875 20252 21515 22146 26205 10650 710 17219 18706 26010 1883 6282 12895 17151 24511 8776 150 23552 21144 16055 9300 8235 14287 9671 22549 14117 17901 21766 19418 12044 21777 6655 16086 18477 15548 24231 5788 17921 18831 17242 6905 26167 25 252 20870 15677 19205 5772 24183 26419 22185 4958 16165 3389 13727 9147 29144 18021 25109 6087 29823 7080 1381 22062 2439 6620 12007 8127 426 986 409 25497 1157 9840 26277 13107 6010 10414 26283 13730 21909 18210 17390 17685 27524 25566 8314 13694 27526 22288 14693 14611 14080 8672 8692 11399 28209 17318 12358 13369 23919 2898 25838 8269 8303 26164 5667 6630 29622 18486 9007 1626 16229 26388 11997 29100 16281 22795 24763 29573 26952 26323 15305 20223 7366 6953 178 23284 27352 9453 29750 26231 15844 12312 8766 2195 8104 7865 18676 14535 18765 14081 29971 10475 3135 20791 23838 14838 20480 28480 4110 358 14498 27822 26171 7831 25570 18133 24872 15999 7905 2344 18050 25797 27137 16901 1416 1521 12342 21724 10383 14815 2020 1758 11265 20273 27323 24614 20008 29104 26816 10131 6548 26492 19407 17963 25826 7092 1484 11859 21653 10642 17867 85 935 17622 2244 1499 21241 16079 7236 4899 24933 1174 16592 23170 27900 16535 26056 4665 28930 20277 23367 15195 2317 12460 29441 14240 1409 13415 12922 29679 8284 16314 28615 15838 6572 18646 26212 11548 27540 4736 17017 2016 21316 7415 28186 24330 29836 9909 23833 4590 3475 8030 19357 19871 594 20539 5114 27600 11995 23151 28499 29731 27914 25604 11973 109 121 9521 18911 11115 9525 17697 9164 8535 19886 12278 18193 14427 26787 24859 11695 996 7107 17669 8822 16158 23185 27876 24746 7175 20135 7290 11798 24544 9011 27254 16642 1305 8041 6764 13660 17929 7421 8359 4828 9192 9619 15049 18721 8504 29652 28024 9970 25066 24898 4962 7914 17667 2530 18849 7477 3298 21827 28681 15457 18057 19642 16384 16221 18118 18426 22559 16301 4433 21298 22523 4152 29979 9103 14324 23561 8310 10088 8120 27485 11883 25988 23637 22377 16570 15620 11657 16255 14472 18633 12784 9722 24612 17744 28651 11466 2880 13624 3945 17172 8754 18083 22776 5794 10212 13861 24364 25680 29274 28072 3854 12663 10626 1005 15218 6355 2431 6491 15917 25726 14397 732 29815 27758 17131 23892 19738 15647 27210 24115 6527 151 17630 5051 2203 25535 726 18348 5398 6703 24677 20898 14221 6361 27515 15688 1711 5103 517 1920 24538 152 25905 9870 21563 14453 13655 5838 2942 8072 22085 17820 7207 18941 425 19036 11639 7845 15241 15290 11682 5653 13343 21014 1025 11212 13541 25747 28229 17796 3052 14692 21240 22491 11765 11220 16306 13236 24411 16380 10527 3240 21505 19663 2932 26857 7334 18758 7737 17961 10869 20475 22784 11760 8095 29793 5983 12180 1539 21497 23989 22757 11293 20939 27614 6 23336 3584 14547 12513 22181 8888 10964 22375 7592 21927 18511 14157 3070 21147 15921 22273 17453 24675 5879 2746 23117 7928 3299 3543 10350 13344 23254 16749 6597 20780 19954 20400 6463 19989 28396 26909 19745 29660 9053 9666 14814 76 28907 23795 9003 637 14322 5310 28644 17025 6205 6864 18280 11344 3249 18276 26091 20835 9424 18943 12700 1372 12531 28168 2947 26192 3239 28407 22168 33 11486 24598 305 8790 24156 27048 6023 19649 29947 23083 18962 15645 26887 11778 20067 26999 8237 4586 14991 2790 10065 6713 25793 28604 15102 24263 24991 23486 4178 11471 26543 12656 28016 19396 21388 23595 9621 13635 597 8143 9972 15374 13752 2117 17113 14161 27595 10019 12084 24932 29348 27724 15224 22690 5439 12301 16438 18853 18667 1374 21237 29880 8892 22645 26682 3592 28456 28848 16091 28619 18244 7475 16639 11053 25156 6833 20811 6724 12375 3703 13736 19067 25783 19689 12316 20897 19894 24895 25288 23163 26668 13323 20799 5834 15014 12216 13738 976 5580 10091 12554 25314 3785 17327 8090 21512 22304 6375 29179 26423 14145 22810 1201 16191 22991 11906 25186 9780 10248 15828 21046 14984 5868 24351 5199 1885 1094 11311 13274 13466 29488 29984 27931 3315 12413 25400 17291 10967 25463 2429 11763 3726 8538 28231 174 23467 25836 15166 23357 13026 14018 23137 17881 14336 200 21706 8061 19028 20261 4744 24126 19338 2501 10944 18051 2261 23672 4463 711 9184 19062 16890 20555 11492 11861 10861 22631 20633 19661 2021 21 21531 293 350 28654 7249 14392 21221 824 20644 12555 9959 2609 27122 4685 13354 29362 28423 10930 22346 13319 29784 5629 27552 11266 8183 5560 18605 10609 15377 15972 13761 12552 25877 10026 4042 27268 25233 27646 1970 15554 13179 10101 5904 431 21090 22996 2893 24054 20749 7474 13277 17803 5731 17606 29598 8976 29395 25848 7479 2873 2358 1249 9030 17848 23727 15596 11027 27609 20851 24707 27488 22198 1388 15664 8228 1296 13981 21378 16109 27078 3095 27245 9545 8737 17346 22081 5894 15396 13375 18243 7323 28702 24246 18250 28253 5976 23017 18843 4201 11410 24466 5661 7022 5783 14475 15866 16302 26001 3484 28301 28449 28689 18439 14481 20739 23466 22512 13038 3556 25849 14567 24581 27156 24920 20484 10499 24085 24112 17629 24969 20550 19459 24590 15126 5532 19096 24079 26486 5236 4708 10415 29017 1175 22258 20458 13012 27428 23752 10301 26035 5388 6888 21834 16461 27975 11789 18287 15775 21862 4283 28109 6132 14901 28904 17104 18139 6670 25449 28358 14516 28661 7256 10302 3038 15506 6354 26318 1855 24344 24885 11720 8299 9272 27225 12769 4638 19155 10280 3409 13086 27218 20315 22591 11694 3975 4914 10776 26643 24631 19555 17282 11286 8514 28088 12123 1617 6605 4048 15945 28137 14301 15827 18346 11288 1053 21270 20577 1328 23834 22765 117 5756 8350 13671 19515 15464 11877 16347 6817 2444 16239 5249 16650 16649 12032 19516 4567 13176 7424 19972 20218 17259 15332 29696 586 6903 25205 21521 21596 47 11332 26118 2319 7797 15715 6918 2588 29569 6318 16396 6408 20376 8181 17217 22424 12069 25213 6571 6330 5709 3358 26715 3694 3771 14067 4343 11069 2355 10186 3041 2114 13851 7461 7134 892 12639 4154 9566 15872 15095 7876 26746 18925 59 19929 16634 23572 10480 26801 18567 22953 27689 25478 190 21439 8667 7565 12692 25788 28820 3347 15761 11787 23817 20 16638 22247 21303 18005 10660 8798 3877 5352 6972 8390 26906 17882 15985 17659 27778 15054 23678 2801 9134 27497 17558 22596 9592 26514 22755 10831 10501 27772 20758 25504 12830 8016 11270 23765 6834 29560 10320 21894 16803 22161 8305 7785 29138 7305 23001 26011 26310 11262 21299 29380 3576 11375 617 23882 20088 9968 13299 5679 8956 28311 4919 21297 8059 12557 9957 21571 19075 5125 11688 9131 21215 23714 6447 24496 9961 17245 6329 10398 26347 24601 11174 26083 29320 8861 12309 3467 19038 24002 25558 14368 23165 18817 6144 8440 610 1423 8084 11490 6407 4716 291 11312 15415 14723 25769 2733 22473 7276 4055 21813 8858 7087 4505 23582 14370 9018 5407 20154 24441 29042 22999 8004 6090 11499 28066 29957 179 11425 23550 1104 1968 8854 643 8501 11162 3201 10695 17843 20543 21639 27857 16410 19890 1810 8989 10528 21127 20993 2364 26029 23007 16222 3238 2550 2031 27279 5690 25509 12879 19599 15877 3001 5468 16916 19953 10121 26557 6457 57 24275 28730 26097 25414 15879 24350 12828 7561 6301 17941 12849 18191 27474 10951 7681 11058 27557 26430 8899 13562 2708 31 19273 27494 29839 1988 10721 14953 11559 20173 4451 23520 15889 1779 15849 21178 1659 15179 8540 4067 17720 22091 13214 125 25098 6915 12529 21401 26791 27922 23799 13185 29160 22439 29242 26227 23768 23726 15807 27486 4195 17334 7470 13885 29314 12108 6850 18401 29738 1487 23622 25417 27187 9512 1139 21741 11156 10421 1366 5525 6758 9235 29991 27453 13537 6522 7978 7818 12264 13010 24537 9041 5163 11568 9802 27664 20118 15424 7621 4714 6523 13407 2347 6772 12179 12727 5394 29812 21009 17193 2924 4311 1015 11990 18978 17526 8105 16499 22880 18356 23286 12650 4128 19255 14862 14150 7121 13201 27181 16518 15928 21872 3709 20941 21562 12275 19770 15001 26922 27807 16671 22149 17128 25955 18563 20774 7504 22883 2508 11511 25402 19420 4295 13924 2760 22584 4251 620 23377 20983 16727 2768 8393 14311 9943 1115 6227 18720 29216 2871 27367 8952 6042 21582 27093 23693 21592 24685 18827 9261 26321 15851 10627 11036 10640 1172 29303 15599 21756 26411 2812 15092 7359 16406 13662 19173 13349 25234 6773 9513 13669 13843 28721 11818 13483 20070 5252 20363 24867 5548 18819 5648 2520 16641 16884 28380 23238 4917 28506 18638 14001 20274 20247 17370 26711 6601 22092 27112 5442 28921 28486 16466 24132 5238 13980 11673 16530 6440 10046 28025 16226 23946 3105 6405 29928 28835 1226 5896 25513 19596 7593 6390 8421 25608 3937 14007 22819 19748 8732 28427 17365 10420 18900 2145 6451 141 22203 10381 3477 9077 9223 8232 4234 5965 18464 3194 4395 26866 14899 5875 27687 7806 22329 15810 18920 10211 23842 26168 23412 13720 23598 11852 8336 14041 4593 10069 27172 10099 3215 3374 1285 9782 4681 13884 10988 729 21557 592 26818 23962 15530 23252 22350 14714 2612 9680 9457 27290 18095 17686 12116 22434 3675 18664 13108 8832 652 18251 15473 22101 6795 19180 23787 21860 10221 28855 3755 1225 23146 4991 3175 28490 5222 11978 24018 5551 26459 15757 22462 5157 10995 5462 10845 18385 22317 28175 5842 17736 743 15249 19355 2239 24321 13913 23177 2489 20858 3761 23378 10130 18602 10268 14782 21574 23939 10146 17703 13571 11584 2822 14628 15668 19391 4191 9031 7380 14315 24892 1156 2697 15494 14334 3943 22918 14428 857 5358 9724 18969 24443 5863 10782 28144 10194 18533 26038 14559 12058 250 23573 1179 8711 11802 19071 6207 14994 5416 7977 18307 2272 3124 15235 25370 13119 28094 9550 3224 29427 8496 5727 21539 8877 8967 12252 8057 13592 27438 5455 29847 9494 19398 17804 2815 8918 13217 4127 3848 2981 6077 17801 18997 11909 13784 9998 24509 16076 8607 3487 27419 10928 7469 7090 15965 22958 8962 1951 14788 3824 20511 10927 22573 7832 309 1549 9046 29518 26409 27396 22775 14677 8818 7533 24151 19956 7234 12981 19162 28752 4977 26802 20878 8986 11225 8342 2756 28695 10241 27834 12107 11398 10948 11147 7197 20569 11014 22237 3614 29001 20896 16503 24745 3348 1922 263 10243 6889 24258 24390 21634 22818 28571 13322 3193 21088 16878 19882 23054 6654 9312 17153 6707 16312 90 20226 14235 9949 21084 10191 25259 23629 4563 8438 26440 17666 27739 18110 20841 28539 23444 22683 25159 3613 19292 19706 8302 27765 13192 19670 18621 28328 12575 16498 11701 1990 13144 6643 14288 15318 17362 11932 19913 24719 1383 5668 27476 545 4099 26870 5057 18988 12546 29552 27525 12758 8953 27592 14182 22225 1500 3572 14276 10795 6718 6584 27654 13340 676 22505 24739 23773 7943 24725 20678 11925 4000 22791 12848 13702 22327 22231 17802 19494 24988 28778 9913 23149 14308 18223 25235 8840 22109 15904 25704 8452 8513 3890 23751 21645 1109 19731 331 5108 15527 25705 29021 3912 5469 3449 10336 22855 23478 16730 5937 19752 19509 9528 8659 14340 18766 264 5402 7645 404 25803 16685 19945 24994 6248 3357 14455 997 9997 20125 12357 4813 3902 1537 22940 3603 17397 2188 4241 21200 26144 1938 27310 2866 9609 4231 6984 11117 26206 13393 14259 18266 1097 7123 28548 5441 11998 29151 146 6679 7004 13711 18757 20301 21458 15152 24140 14195 24090 16524 6246 7314 17004 20579 3922 7440 22993 21473 1068 4007 4186 29267 561 1766 10064 16214 10406 19925 13617 9817 29810 9334 24328 27713 3887 23087 10854 8516 4209 21438 17120 23782 21226 1670 27139 29187 23586 5038 15760 572 3074 1 5844 26719 21230 14870 16918 19329 16317 27410 29126 4020 22083 26313 6212 13960 14877 5623 9324 11558 22513 3527 26771 1183 9757 9635 27333 2452 1707 10680 16740 4017 12721 26458 28050 2887 24198 12098 2687 13381 17293 28991 11018 7120 28984 8118 6292 1356 2084 3775 19164 7812 133 25330 26086 7910 1649 4783 5738 16482 28908 13597 20310 21032 7524 7184 4735 13154 20056 26444 25227 1444 7360 18238 10722 28602 13654 20839 14988 7792 19901 19966 25018 12712 21642 4819 17670 14459 14589 1517 19169 21698 15841 24249 17330 7577 4324 2408 29543 22465 26829 21198 23998 20616 6385 21218 10848 14236 20844 9603 10789 28000 12306 8651 2647 5092 12354 14669 25564 27458 6783 7038 27638 23129 16908 28322 19688 23733 19374 9903 1719 4410 18670 10264 1281 2552 2696 25335 10699 13558 28795 8951 7726 22428 29785 10551 9535 29141 13962 10067 3381 18341 2594 802 7932 12024 18526 17457 5025 522 27244 27459 14132 11487 19302 10426 20970 21746 28618 2421 13271 20824 9914 2799 10586 29691 27511 10788 23485 15765 11454 22033 1036 23623 23977 28755 23308 852 4243 15753 17246 6081 15064 1926 5895 27759 25196 21568 21092 4934 25980 2818 27979 22153 20353 29478 15162 16909 3963 7442 9899 26983 17902 14662 6660 16240 15362 12933 5706 12220 16014 17838 6387 16859 1489 26031 7696 7266 16427 24973 28777 5305 7844 4165 9061 8388 27064 4825 3665 477 27052 26590 24512 10990 18763 13446 11173 16394 8137 17522 9952 4475 3800 20316 21651 9256 27433 18655 4849 17528 14808 10292 12608 14530 19747 23070 8151 6738 28792 13333 21885 3363 12834 29479 733 10892 8938 1044 2257 5766 8259 26437 29325 27858 27223 19576 20380 25423 29226 18894 23720 1646 17108 18650 8374 1669 20156 6914 28387 14711 24902 14172 4339 15151 10059 21257 11411 7141 9082 12753 14106 7294 16779 5353 15671 15134 4425 6762 11246 6313 9668 26217 10030 15632 24606 9165 5078 5030 7230 25985 3927 11717 21676 23197 10199 19522 16282 1230 15938 25631 5260 5650 9442 28467 29396 25647 17674 24363 18363 7464 4341 19192 14 22587 20525 2761 23060 12694 23565 25056 12403 21700 16843 29950 6357 23547 7578 29269 26391 5870 17634 11896 7238 29729 26071 3413 26064 10022 24742 10518 15960 17421 3714 15033 22717 7794 8565 9581 17167 6404 1185 9746 23924 19580 8505 21893 22960 14876 15115 12245 22010 25374 5182 13591 4223 14974 12576 19383 28970 11323 13641 11040 12652 3596 29250 1135 24716 19424 8192 29841 26085 14729 1621 20840 7423 17684 4169 29473 20344 12157 15503 18020 21484 26374 10143 1956 15297 16237 9686 15817 28993 3113 26547 10510 21291 13852 18153 7668 2337 22388 25749 28089 19258 10154 15652 20120 7109 3101 11209 25556 17759 6895 25633 20266 22962 24593 14500 17178 21323 12174 8985 6843 5758 24686 6460 29117 2523 3671 15900 12381 8977 9579 22968 10890 10062 7648 8363 18525 9758 18891 11988 1100 24965 22371 28487 27866 16806 25025 16443 12823 21446 9732 10760 20090 7345 4884 19505 22380 5825 22770 1308 28141 29175 8445 13172 393 28493 4971 22630 6998 17823 19830 8784 957 1728 12945 6234 13751 5593 10530 11482 22076 7820 850 20048 28283 29207 15974 19920 29536 783 15188 29584 19806 27965 10253 23964 1132 19980 19270 7339 22772 2049 22777 10192 8415 1793 2810 22402 1541 15345 22068 19462 27050 2992 25168 11502 20087 235 29877 9983 19330 23483 14622 6750 26584 26669 549 7382 28220 29290 18783 23457 23381 19990 18247 2397 16078 29920 934 24866 10332 23999 10526 17718 29539 15205 19816 13549 1635 20927 16374 20251 7417 11751 6691 6506 25447 17388 12075 12787 4303 19409 4189 19975 18713 21130 13431 45 5820 17845 13903 11879 3368 27423 29394 28142 25467 14834 22888 7279 8140 16551 28956 6583 3650 26583 4414 8622 16359 17830 4858 27860 24157 8283 27899 29769 20946 7973 3558 4365 6778 21991 14194 8503 2385 6036 19141 11182 4075 5954 29497 16441 29510 19266 26214 15025 22025 14365 28779 6540 20582 8955 23314 17539 3480 28353 11609 7179 2900 1615 27374 20470 578 10351 26650 7983 6813 12019 28829 22598 9064 16595 10364 22653 1358 8053 8257 245 16506 14667 6406 14408 27175 19712 19422 29555 1054 21545 576 20126 10858 28774 16112 11582 2451 26531 22282 15508 21816 14325 12407 23908 24815 646 6334 21814 2510 23257 6925 4905 1111 14038 1560 3225 9226 629 28946 5968 22060 23089 12425 15546 12902 20335 26739 29913 23585 21861 10792 5446 16232 26090 4285 9113 10555 7303 29230 18500 18692 24433 21550 10132 4790 17194 27115 15003 27229 5897 310 2598 20276 2797 18413 3412 3450 17208 6526 3598 3645 1955 14978 7385 16820 10991 25519 3903 27833 12380 5284 704 29589 6194 14030 3979 3674 6942 17018 5355 3422 5227 26295 26965 28895 23167 1668 15736 5232 6244 15663 14045 14108 10366 18852 24087 13645 14982 6693 14626 18591 11100 12210 445 17632 26697 24803 12418 7342 15649 11145 5970 21721 10179 5950 19198 23663 22436 20114 23738 9798 18376 27255 23218 15705 17646 11180 993 9951 15326 19434 19716 18778 2920 16822 26257 25950 15910 13468 3689 7425 25777 14010 27943 11546 27267 3966 1246 15081 5299 16417 7895 2307 22537 29658 4989 16717 20864 25353 21461 16182 5929 14800 24117 23335 8974 17440 29517 15052 11383 24670 28960 3210 11935 15367 17727 24372 9400 19234 19125 21858 21096 20675 5656 15136 16166 7026 21253 10044 26880 13601 11043 25275 3452 7998 18314 18103 19306 25744 21795 13507 28293 13458 17795 6639 820 15402 19193 16487 3462 26919 23012 12768 11664 26747 21457 25319 27705 1466 8437 22214 27032 2494 4480 24562 17495 8740 11483 17263 28662 19213 19985 27200 20351 4772 17534 3876 12097 12870 10633 20532 3579 19948 17404 12178 18331 7292 9025 12346 16135 10218 9511 14752 2859 11445 1787 952 29982 10084 23126 2607 23636 29900 15930 27104 27284 26573 19779 20112 6736 6346 12598 2060 4885 29619 18726 6174 11322 8873 7990 7954 16080 6591 8080 27799 26407 7310 22088 17445 20103 23132 15800 28047 27329 29192 19841 21348 19589 595 19280 16659 4895 25757 1673 27020 26063 8597 1760 17998 3867 13268 16564 3762 7126 17639 28199 6381 17578 22251 10000 1932 7224 13949 20077 26712 15413 19395 753 11611 213 22270 11516 23267 13052 1080 29387 24084 21173 14645 11356 3654 14913 21192 21462 11185 14300 20435 9688 21287 25516 17525 27328 27440 14379 20721 21000 11957 16202 10596 1605 20509 11239 16103 25443 2022 16074 14331 21376 13746 8653 23458 27271 19486 5816 26882 15788 14777 11472 9695 28877 10606 29773 4453 9994 11168 20590 4600 17799 16872 6473 25163 14526 10081 100 24023 20360 29832 15922 4306 229 16192 17065 25715 7878 5123 9605 10662 20893 14239 18877 22344 5240 6719 28639 28796 24638 2445 9764 20809 22441 553 28271 10428 26545 21853 21083 20639 21314 8138 13931 19218 6665 22737 24000 23745 10379 3031 7040 12025 14995 6828 25306 8558 28445 27168 26481 13079 12028 22464 13834 26984 3423 16051 17538 13474 22154 4892 13000 12112 20203 2059 22386 12569 8398 3470 20392 14318 5955 26581 17484 9643 28249 6367 24014 18576 24427 20565 25860 757 29887 19863 7715 29992 12526 10728 1026 25165 7386 25382 8760 15718 15901 14665 1331 21495 21369 22017 27332 5576 3257 26542 21393 17826 29361 20155 11077 14878 21435 8783 12728 15884 15423 16681 1485 22533 362 6262 24806 5841 15141 5815 19501 5444 22673 28130 25121 17410 184 12658 23079 9958 18587 18842 15619 4176 13428 3261 12412 3567 22087 1910 17250 8110 228 29159 15254 2699 760 12279 441 10295 21131 21979 17589 15591 14932 27250 27555 26002 14208 21844 27055 13459 5400 11291 23006 20227 11111 28401 22227 22565 9733 240 12173 11669 6485 19607 21224 6785 6710 2492 7777 2150 23285 14909 26599 7552 20041 20930 18041 27816 24388 3075 24389 20159 11890 29500 4008 6668 21792 10665 29829 4748 984 3996 10394 11547 20635 17711 13410 4574 15204 24749 4521 22205 29407 27040 14011 10560 9475 9833 11129 13607 15127 23610 5379 27988 11956 1522 20260 29608 19828 23463 2066 21319 12377 11045 1595 27926 27152 6800 24588 2241 6802 29875 23417 26666 18328 12708 27662 12234 4350 7833 27385 25262 12749 10342 23821 21205 13895 807 20278 19735 11188 26858 19917 11519 6444 14505 3338 16559 29747 6613 26652 23395 15135 7053 26792 20516 1918 25425 16411 9386 26207 18130 7647 20267 26053 5767 25081 2391 21665 23119 11378 13900 2482 29948 7226 10993 16037 27763 24917 9169 11873 9547 13392 2054 1769 11981 8759 11856 12135 3866 17840 4424 3628 22312 19679 19366 8885 8679 7663 13872 3495 1889 15292 8385 23786 24909 21304 20656 3672 10733 24333 24058 1086 1812 555 7732 10334 18767 27222 8912 18530 1017 18317 13386 1614 6107 28393 13051 12186 27464 5015 17364 8332 16664 13874 13581 9348 3317 2208 11591 6073 5175 26764 17159 9795 16869 18388 29168 20340 20086 22235 17504 6575 21503 17119 28949 10434 12134 2623 4911 18208 28120 8561 24714 317 27889 13160 7484 25616 1841 1572 19532 29089 2023 2356 21168 4968 29931 16010 14715 26537 24011 21567 17680 7174 20994 7837 7112 5197 14344 22828 8241 622 2196 26450 19853 15537 5696 23847 8763 3836 26714 19561 27395 25038 1529 3002 21363 29376 8149 1520 1074 1564 28110 9889 11534 14248 21033 25132 5941 9105 15822 18197 14937 17626 22641 22066 19150 18306 140 24797 28224 21491 9374 17222 21798 4439 19233 6855 29800 21228 25678 2110 11834 24540 29081 4743 21164 14499 11526 15184 13714 6900 23993 21365 2291 20294 15724 25822 18162 22417 29616 28246 15460 2255 27626 29315 64 19336 14277 21892 23822 17637 9561 8205 5166 1672 13759 28750 25846 27976 20290 14922 29358 20066 18561 27852 5872 10489 20514 13527 25139 25318 17199 144 26925 5276 15492 27151 13283 22186 18284 16015 6698 16230 6574 14260 19751 21975 2231 97 3248 9477 10167 6255 15109 23579 11737 3314 1452 19063 20285 7336 11920 15002 21819 28365 11427 22592 26178 20095 3699 29311 28081 9768 27782 24518 28655 21490 10109 9444 25087 4770 26451 29822 13853 13021 12973 7594 2569 26281 7587 14785 6035 29319 9207 6729 8092 16097 1196 18604 19203 18613 7750 16519 6399 25128 27026 12311 12890 28390 21774 7045 10734 2991 27992 18528 11605 16398 13159 8808 7554 13732 26688 23868 27550 5457 27404 339 26620 18039 14298 14032 1382 29371 29341 28129 23518 29326 20468 6322 27841 4307 28463 9323 22778 24211 27938 1808 8690 6751 27130 9298 6449 1117 25267 23387 4472 13382 16615 20619 14566 7210 1445 21600 29365 21823 18360 29787 19512 10276 17894 14533 18568 20796 2743 4624 9264 9124 13951 11280 1114 18395 13383 6050 12514 4805 26558 24504 3267 2428 15056 22942 18866 3641 21669 13780 21506 28520 17031 23952 16635 28289 11598 25258 11536 8230 17663 27046 28892 11075 5389 5032 3191 3724 17588 27512 29935 2187 4284 12269 10847 29849 28613 9246 20034 14904 8446 12110 21910 18754 779 7537 1792 1678 18964 17431 19832 9854 6513 14098 5258 25058 17265 1219 5680 14253 8198 11613 15665 26864 15042 3521 28992 29726 23823 28744 23440 27121 10442 1946 28010 7568 9086 10542 13103 18322 20603 7131 17157 23568 27114 17771 3605 20673 24207 25554 16005 14754 14186 1937 12355 8484 7608 16684 15145 22215 856 26363 29884 11610 13090 17094 303 21426 5477 1261 5504 21370 20183 26337 26748 667 28922 9883 26485 28599 909 435 4408 8076 6344 24362 4820 8828 2448 26663 28367 15941 24096 26561 29978 13934 10886 5381 25915 18325 26624 4948 28906 2825 465 19348 18762 21666 15515 8749 29327 12446 13991 29923 13945 13630 1981 5336 19788 814 26099 26593 12788 283 8682 8738 17174 3949 20931 5461 3171 22271 24770 27962 19179 2169 26036 11946 17130 8998 8022 27357 13709 6975 10346 23455 17496 29003 24009 3329 26019 9807 9938 25770 6806 10485 10561 12472 9569 8926 14233 16753 7863 9953 11142 7778 27608 17521 25828 2103 7581 17465 20971 24646 13791 19543 14948 21831 26216 19104 25702 24959 1581 25207 28802 16162 22956 5085 25750 26057 22851 18102 1211 18003 6291 26208 8400 13775 16085 22040 28798 5094 3881 7481 8070 29330 15016 21606 22646 28437 4263 7488 2463 15992 17366 17107 1675 6689 13112 8517 19817 15830 7582 27038 18175 5096 25977 27893 3549 3301 9163 13497 28725 19401 6956 1128 23689 18771 3220 20657 17229 20651 457 27902 28351 27617 21759 22095 21419 23774 2048 1457 11110 1431 8961 27808 3479 12517 18213 25703 21094 10867 14846 9856 20422 13337 1750 29490 719 17970 20482 18750 28529 13974 1146 11808 801 10319 18984 9482 7365 23907 6938 14617 10014 243 9062 18542 27665 11314 26676 7682 3602 28723 17750 19549 4289 5478 12799 8591 14091 11494 24034 18678 7013 19750 5235 21925 24399 6247 15696 8581 15598 21278 6615 14770 14719 3343 9679 5724 23793 3189 20421 7127 8111 13904 7705 18081 17928 29987 15325 1776 24331 1298 4520 7800 4275 7373 24561 4889 15735 12831 3170 2127 18696 9930 7882 3206 9274 20366 26402 10835 10743 3275 1227 3325 20998 14163 8698 3545 25281 18553 28294 18552 25918 18981 16345 7651 16690 8233 10911 20797 11894 20185 3334 16699 29843 13719 9193 17115 374 6662 6521 28413 28198 7058 24301 21538 7722 8957 29332 3378 2967 11089 6790 13487 3797 21158 22763 18682 13491 6810 11615 20865 1071 23800 1345 4729 13188 28020 21053 10577 6922 6326 18148 20245 24193 3642 23373 17665 26929 19412 19415 24783 10974 12209 29206 11962 12664 4131 304 1322 4924 26981 17875 8196 19419 2741 21877 25613 13935 3910 7501 19247 21936 10408 25212 19904 13899 11190 973 1854 18265 18177 26519 8542 20500 17191 18386 27572 23379 10956 8539 13555 3535 24189 24325 9144 29766 6086 25430 9392 18835 8271 4145 29130 24200 5217 19431 18906 6854 11374 5369 4273 10071 6859 4938 5344 8857 10129 3400 28139 22617 9584 17258 6636 13437 1238 14943 16273 5991 22700 26199 15137 7901 19613 23249 13015 8529 16343 9507 29911 24856 11305 13878 21543 28919 19637 1009 4426 28629 15389 27775 11836 15742 26724 18501 12786 4108 6539 18145 18916 20826 26683 4361 12680 19960 7232 220 7426 25943 20427 9402 509 12249 6784 8889 4503 28513 24653 937 18599 10233 7178 27246 11408 15725 10277 14996 583 8372 4121 23530 7465 12779 18850 5216 14722 20412 16515 3994 25052 5484 5769 10158 29749 13273 13215 13933 19658 16178 15893 20136 13237 7514 20098 23283 101 14119 24761 22606 20476 9483 12725 26154 3104 18600 26879 14454 1011 4473 11980 52 8003 23900 19223 21591 13989 25528 15065 19077 29631 6545 6781 28632 4865 11529 21708 24191 12250 12261 2652 14668 11016 5877 8502 23694 10395 28099 11810 26841 12942 6060 14636 8595 15335 8370 11721 5423 20201 25625 20338 25799 27243 19095 19068 10444 3656 16567 4422 19671 6079 26522 6974 4926 8268 18847 11826 6152 13417 2121 11969 12156 22457 22159 18832 2828 11219 12038 12045 328 19274 7775 524 18465 11282 28312 29008 24702 12745 13352 6118 17949 4951 28858 27227 5077 18985 5330 17492 28068 635 5408 18475 10817 19615 4449 3286 24516 1944 180 24832 7505 8984 26541 11195 9684 26568 11820 24451 27792 8601 14638 24216 14206 16184 17717 24285 18745 7897 23441 4906 10255 17657 25814 7991 28359 3742 23447 6651 17182 25309 10443 12538 22226 25886 23181 17149 14491 7802 17038 1550 26055 24361 8700 11092 19149 15782 10929 2236 25039 19039 28556 17189 13865 28221 27558 1914 4496 3431 8662 1827 18415 13116 26657 3366 15245 5770 22826 6954 8194 15048 416 28939 835 10631 27178 19618 21187 24835 14588 12453 1562 20999 3720 7646 11390 7995 5170 14599 60 16094 8665 22761 9653 20170 28562 5695 29282 27990 650 11438 2462 10481 20540 20326 8852 10461 9924 16525 27083 1453 15602 9331 5703 11181 21965 27359 1869 27195 10894 11803 8225 27917 18114 5652 22514 2721 3080 15590 8489 15286 14888 18061 25368 23253 7259 22447 25300 28076 11426 27859 14955 12616 5033 2988 25238 26633 3498 9648 19693 19776 18882 489 10846 10054 15623 14643 19773 13153 26917 27518 28518 16866 8990 7751 16373 655 21822 16936 29932 15159 25655 593 600 165 21882 22058 18707 27128 18260 28799 19296 10784 23428 3554 224 26301 14278 23469 2499 22545 10574 10193 19241 24928 14637 14819 25329 16834 22811 8379 28002 18787 10290 3965 10078 21709 18242 8648 28049 8107 18575 18700 15009 1648 17096 19492 13169 22047 24329 27637 9814 20009 4153 6906 17110 23045 10446 20505 17173 29058 20199 29938 12959 14743 21313 24984 14212 20148 23807 19333 25237 28857 19677 1361 27242 26462 3219 7606 6978 4257 7989 1637 16575 25991 16291 27319 26290 10273 17577 21452 12273 18541 26133 8368 16266 24357 7355 21883 1780 12118 3010 1628 22275 25244 5463 87 26498 357 14841 26287 5257 7007 12504 20734 9013 26025 2129 26194 9394 28868 22812 20753 26431 10401 14187 21879 7308 25648 18522 7944 11845 21465 26191 9563 18230 21510 1663 4098 3039 4699 14224 793 10298 3894 17862 722 25934 13124 10100 17644 19040 20594 29028 571 6598 12295 23531 11745 27939 23945 11563 7947 20911 10529 24006 11249 587 24648 8331 26506 9209 28785 14394 3174 28058 1254 4172 14751 2176 22967 23692 8532 28276 19278 27091 11144 25813 29574 29994 13238 20772 1355 6842 28104 20194 27619 9387 16171 27574 20160 17138 15648 22392 3406 18414 3349 26988 19872 10306 16823 3371 4910 10969 714 21572 5944 11196 6125 19623 19602 24343 14159 8068 16737 15906 11742 9698 24955 25044 25979 3823 3552 21358 25972 28484 8042 7450 12052 17163 13514 13248 1607 28270 1021 17734 9677 27583 27011 13938 3515 28336 9565 7579 12908 3700 25464 5817 19447 24122 2174 22609 13457 1496 28913 4619 15864 10210 28106 10450 15799 13142 28650 24694 4250 16602 11510 20559 15191 4603 3385 10739 8801 13975 11741 6316 15651 2546 7883 22602 26270 17662 8097 9650 27616 5701 9657 23976 9409 3995 4831 25830 11565 18116 26728 29016 16389 3427 2813 24133 9851 16751 24293 23240 25753 3589 22444 14213 17520 1434 21924 17485 881 12802 11349 5535 21785 8240 17529 3988 12402 22448 29609 27601 7904 7622 11159 6382 9329 27400 3531 22844 25839 1905 9629 12161 16125 8785 22754 3442 21829 11051 6331 8725 28362 8165 1966 29020 28928 20091 26974 24873 23439 7084 16879 1458 4513 12008 29713 8403 13636 17908 5889 25111 17311 20895 20289 4300 26032 10458 924 9940 5414 5023 3639 29892 2564 23883 18736 7349 15933 13094 16811 7073 7462 17197 20213 25701 1508 11884 27143 20413 14502 20704 18354 4219 12687 13436 7274 12452 5319 16309 18641 3622 12537 1811 9035 13602 25652 18887 24918 4715 27417 28583 10812 10602 9623 3906 6555 1170 6959 6462 24368 29056 23854 14999 11086 6553 1563 27683 16807 16137 27297 1057 22206 24886 19525 11675 16840 6587 17000 28132 20647 10448 21969 862 12462 5609 9273 13284 12928 1340 977 3523 17957 21329 7206 26052 5743 19588 12572 12891 4174 2979 1433 21917 449 27890 2214 29525 14887 25825 22610 5751 139 9631 15238 27945 14112 7650 14155 278 13123 19562 21035 476 23700 1257 27811 4886 18484 9844 25541 11337 9174 10772 29484 27996 13521 18807 400 9955 19031 24774 24724 29143 21482 29659 20325 27 17871 12213 4927 2872 18610 24270 18838 9533 17072 6530 21580 16141 27513 6164 19472 1599 21260 552 2401 16175 1995 17585 7006 8526 14350 1585 28694 19279 19845 26520 26827 3216 19916 28029 25603 14835 27405 10618 7076 2209 26383 28178 18660 22171 2519 2567 13492 12791 6089 2545 21859 24460 13295 5496 20411 23290 8378 25333 24878 29566 24118 29109 3893 6544 9211 23479 23801 5802 5333 9622 11433 27898 7025 11042 23382 12961 23912 19533 17097 25580 15525 26765 24146 29044 14205 14608 10209 1258 17013 14514 8280 19331 29759 8661 10808 12328 908 6275 21441 23515 15676 6627 3682 7940 3045 2702 5523 19362 11783 28160 22672 4333 11128 13768 4544 21025 29794 26585 16775 25437 2565 5134 18928 5846 9789 29157 13570 5087 10638 19957 227 14572 28491 5098 19885 9760 10799 9850 4320 3647 14931 780 13254 955 9281 25690 8906 12766 2216 22718 14883 24380 22287 11068 18592 18279 24072 4629 5233 27844 20329 204 15015 25910 18362 2943 5539 10865 11301 1936 23415 12571 8029 9731 26741 26709 26159 2147 10755 25645 19307 14008 10843 8134 26977 24754 6181 2042 378 12987 2961 3279 17900 11012 28077 14602 5543 27674 22164 29848 8707 22540 5831 4269 23504 6177 24546 3131 13710 4599 3128 9404 19761 28840 18681 26616 7333 19898 6658 27968 18792 10999 4117 16001 12343 3140 3273 12000 11768 21172 6877 18447 4822 4501 19376 3096 23682 24459 2945 24158 23037 1253 16905 1783 3809 26119 27146 25253 15771 29107 26067 21672 6061 19244 25501 16589 16470 8870 27535 6324 20465 5598 6238 26821 5862 27756 25823 24241 24227 14044 26420 9791 15301 28126 7015 26579 22831 9186 13225 10989 21976 13152 10882 17506 25990 9974 16921 8724 10804 16095 13545 24840 11215 14825 9662 9194 24589 29316 4238 20845 18970 2078 6592 5029 13596 353 24180 14613 241 25688 7307 24145 19541 1299 29936 12850 6875 13721 12064 29600 20304 26521 21281 12545 11792 5812 23985 7529 1571 22126 2055 6351 21873 10219 10523 1801 3585 4533 614 18416 2755 46 4582 29683 24197 854 24173 26004 17028 4746 16200 10842 25154 27928 19930 10404 25762 12314 21593 24161 17910 18442 20076 18399 17317 17373 14920 1591 3595 5702 14409 10217 3610 23237 17972 16400 6414 8900 5905 20374 22426 25768 598 9700 8846 21725 16526 27741 20890 19325 11255 16272 21638 10305 29888 20216 7762 27406 4391 10564 3968 7363 28803 11821 3262 14229 14418 4118 2136 7575 7412 16368 5747 11441 26847 1844 26523 9906 25049 16920 25175 2976 21583 14938 26005 22143 11718 17044 20883 6928 2808 23737 5304 26933 8549 28240 21195 5721 20535 25593 8744 23025 27549 17402 5640 13205 9901 24499 7108 3266 19026 27650 2682 9219 3078 19907 13241 3924 27384 4955 3705 1891 28804 23164 4615 27140 15881 15200 12815 2925 24387 25859 1671 3466 23107 8507 17160 23364 2601 7889 15573 26509 28074 5563 6113 20953 29580 21286 21573 6201 25597 10921 10148 10740 26229 12414 3685 3822 23375 21707 11674 8924 5347 28537 21658 2867 5708 10422 25251 25323 19810 19211 17587 3176 28705 16293 7180 11137 23098 4180 15112 28324 8063 11259 14742 27372 11891 10547 15237 25217 2350 28155 27166 20581 13897 6740 14065 4766 12347 25013 21935 26586 15936 25682 13690 2993 7011 20738 13258 25454 15567 24722 21534 233 5915 11970 19010 10104 21541 10042 28204 25878 20456 29955 25579 10809 1402 12145 15333 4279 11690 9912 26186 8464 18454 4437 18453 15285 20607 25834 1657 17156 27416 2556 15430 16045 885 1451 6376 11140 29414 26434 4577 28203 4252 25241 3153 19503 21305 17535 12906 8645 16735 11822 1472 7343 23704 17202 23248 11179 16098 27736 16016 5064 22768 14426 10344 25367 4218 28190 14850 29786 5417 3192 7183 2186 14105 29489 6890 11658 26997 819 24733 26238 26610 18946 15562 23051 24021 24383 18216 14579 17168 27339 18000 11459 17483 26006 27283 16149 961 834 29648 9118 2807 18205 13583 707 1188 25100 13326 24947 21501 27709 8922 13825 6652 16454 16835 21174 16383 764 25432 19921 12302 9336 23649 8273 29611 10326 26210 8219 3932 15208 16073 13905 23865 17645 10500 13802 21132 17093 8409 13040 5780 8202 5054 28636 6049 24539 9857 73 18630 5187 22973 2070 26422 7035 24541 26315 23616 24142 14574 12494 14054 29865 5042 5301 12856 24825 13546 16199 24523 20141 6167 21854 28315 19657 27208 12617 20693 23755 24517 20862 24046 22306 23671 7473 15726 6097 11918 13723 548 3835 11968 11359 10970 20286 19437 14734 21569 17916 14873 6209 25594 17797 21068 1035 6486 17978 19106 7675 13256 26852 10794 5200 19884 985 171 8456 1397 22230 22734 9345 13370 2424 19442 19996 18577 6529 25669 5602 3717 20773 17164 12102 8304 5873 27998 21485 7430 27567 22228 256 13649 21252 10975 2608 23681 26603 24397 1530 8584 5219 8853 17600 13800 24813 1106 27489 7589 10880 20899 25362 11696 18263 12710 9006 3380 26447 26043 29925 22623 26262 20237 3793 20801 26975 10516 8236 20719 4739 16220 16439 3116 20736 6558 10601 24478 11512 21514 26580 1338 4550 8545 9029 4123 21845 15857 24074 16042 3796 6102 4485 21381 6865 22702 22332 24268 8448 4690 41 262 687 12244 16562 11564 9294 24091 11940 13275 19824 4997 29781 22724 18547 7936 10051 12858 17912 18739 26867 18406 26874 17323 12182 12391 27001 3089 8131 18123 23935 1150 16599 20531 28008 4260 16760 13833 23917 12207 4529 3339 17691 5507 23827 16431 26436 23516 25338 3773 2632 14184 15966 3281 6612 3795 21661 29411 2141 29638 2518 3331 4423 25545 24332 29221 29980 27985 2663 21279 15393 27635 19463 5107 28055 20472 1085 39 1901 10120 9654 29701 12087 2997 1398 27330 13892 2230 12374 6746 17964 10138 20762 14903 7201 9625 23302 29665 25076 28036 2223 15117 24908 10874 8756 19202 1059 12819 9890 27599 24043 9268 24020 15519 3825 21659 3494 5173 15691 5224 1241 28397 27427 14432 13005 9485 5883 26799 22125 14329 22252 17046 21437 325 5866 26953 7499 1049 27132 5806 3264 2266 16290 5999 5112 11104 20477 788 12345 7571 10860 7431 22339 2157 10170 25470 14391 13909 1221 29210 5569 25311 21179 19196 27770 9964 12114 17946 15391 9896 19683 23652 26945 25143 23402 12940 27750 26654 13078 27586 15897 22065 9455 20815 14252 20576 22 18147 13125 15883 9280 7609 27331 28809 24954 22793 21136 12484 13518 21082 27253 11343 2821 1275 2104 9292 29632 16838 23068 14709 13726 25220 25053 9672 20207 6478 95 24224 11231 24370 23510 15637 17844 748 14028 2580 6812 9141 26956 13270 18152 22014 22725 29177 23564 2876 21617 4310 29605 2233 6686 18583 6469 391 12051 25855 15303 13565 16107 27135 4355 18079 10872 19715 26176 12737 6480 5971 25686 23895 15050 3340 689 8101 22139 9383 23035 20379 15541 12200 761 21060 10603 15148 7283 6112 29256 25409 8940 28248 8300 23522 24398 15321 24167 25014 20608 15497 10284 16814 11365 9283 27316 19742 13793 19301 275 20965 13942 6114 12060 18342 29981 29662 21140 15176 7522 12578 23701 29400 28461 28862 25184 20655 2716 10152 3292 26878 536 12404 18374 28337 18709 23090 14414 26749 22751 8449 15246 5431 5426 29170 5392 22414 3646 8056 1997 24265 9460 20202 17851 3355 3032 9871 26413 16418 26172 17852 10240 6807 23748 10802 3511 156 27264 487 13118 14737 5611 17887 8570 15114 18727 21937 12272 7955 6502 14823 26233 24678 11119 3053 29663 4734 5 11056 27170 27065 18282 29789 28826 9128 9876 5585 19687 29061 22129 1878 13824 3167 23620 20876 12888 7781 15729 21450 12657 22964 17200 25665 3148 4294 14839 18273 2877 3460 19140 11949 13440 14299 14015 28854 22519 5694 14465 15479 23627 24943 11715 8191 4061 29255 4179 25539 27215 10828 6310 23612 29190 10571 29965 29751 1023 21547 3581 27774 23217 8576 11105 6808 510 22741 5636 8787 16300 19946 29217 13244 27455 8675 15429 15886 26123 8425 23199 29881 3506 8743 247 5254 6379 16960 24367 18644 20031 15343 28215 25296 20382 16725 9351 25274 25453 20695 1703 14658 21081 12659 861 14744 4750 12057 28757 10037 25395 8580 21211 7763 8837 20831 21268 14587 3111 9773 6568 27514 17475 21489 18661 23454 10876 23292 4233 17948 17016 18948 13790 8208 25075 351 10476 29568 6980 17135 8122 4719 23621 19417 2922 25433 6957 7926 21395 9716 727 12796 13363 20882 8322 10908 11372 1921 14796 4633 2450 23208 1360 13758 18951 8454 25562 18914 15330 20414 8833 26135 9157 3461 2226 5811 20337 19400 25009 5058 20868 4728 25131 22113 19696 23166 4704 7422 432 7969 20580 21306 16275 5239 16967 25548 23848 19044 22244 3997 20490 7786 5324 12333 18432 28285 8417 19197 24155 29869 15259 2827 19312 22400 23287 987 1401 17054 27748 16197 3310 3229 21214 12016 22363 2795 18773 15408 28172 9794 28302 5881 13888 17572 14466 4565 5171 3827 6934 27303 8680 14071 18764 4870 19183 5091 11467 29902 19739 6162 26627 5082 26859 20626 26272 2527 14447 4677 29352 12936 12415 24172 23779 21333 13889 28017 17087 9673 6562 6279 11780 2477 23747 29853 10493 10534 16643 29565 4771 27272 24223 12130 20754 16948 4718 27399 15890 585 27743 13414 4460 7540 2896 21433 20361 20074 12143 28354 4080 20129 2906 21983 9748 23414 21768 23615 28340 10783 12852 9504 21266 9047 19801 2996 15462 14869 7753 4698 230 6949 22352 16973 7054 14436 6475 26942 21119 23005 6748 25835 25194 11318 27881 947 25844 19755 20654 20974 15445 28669 8589 21006 12941 19686 14144 20350 20940 17033 18902 18031 6400 19786 29863 16817 3265 6274 2978 16115 7160 6512 17225 6968 26161 2283 13320 12386 19612 3118 7888 7636 6604 1058 5503 21413 24557 15289 22069 16605 3985 26343 17541 3198 2875 26248 6667 15359 6886 13627 18857 26701 28277 14539 20209 10008 1140 21498 4979 18653 17731 23346 23261 25305 4125 18009 26572 26755 28667 12781 11283 28251 16774 12327 10717 28117 8686 2243 24218 5821 25930 24949 6393 17569 24038 8573 13847 4725 15101 23453 4538 16939 3120 21355 19334 3729 29451 5741 2146 12861 18101 9364 7140 9265 19289 17651 11555 8919 16062 28712 3290 6185 23184 22128 9023 24052 20885 21272 7584 14503 21764 10375 14963 5715 21949 7209 10445 16493 1346 17648 15892 27409 4167 13704 111 22134 18923 26399 6788 4700 134 7228 24134 19633 25946 9152 22652 20249 22919 23601 27304 8876 24291 24752 4136 22221 15721 27161 17624 11517 564 19294 6517 5964 13336 21753 4468 2571 6699 8891 20192 28727 4761 9945 25837 27867 8451 27019 4264 4487 27810 19346 6020 5202 9683 9101 6483 17407 20026 18867 27160 4208 23259 12826 19271 2998 27044 23925 3129 25845 1352 662 7699 18466 3139 19551 24017 10844 16813 19089 21631 575 16585 2990 20584 25900 2628 26721 2939 22165 7222 12288 15785 13595 17956 10122 14357 18311 23600 20152 8721 24999 5234 10966 1925 3770 1785 12628 22842 22939 24338 22077 10296 29035 29824 22566 9430 16433 8220 2653 15019 18259 28894 19790 6456 6295 1420 680 23950 10333 13328 11599 6621 16769 8960 12770 9626 28883 16277 17722 2910 23263 8162 19833 11729 19672 5949 22670 6712 15723 14644 3760 19545 23281 23091 17581 5669 18036 8412 24900 4717 7982 10554 4800 20747 20447 11067 19639 27812 27500 29972 19240 17579 7924 8354 6927 7885 9674 12485 12080 7774 12827 14075 26336 4722 20595 25214 18609 14089 28105 18953 10331 14473 20040 5683 28043 19654 20417 14885 23174 895 6981 15850 19015 22445 26424 22786 12625 5404 21578 17234 15737 24209 24944 27315 5267 23778 25706 27587 11281 23766 24342 15644 21447 21442 28327 25219 21231 43 13733 24772 15832 26530 8824 11171 5893 11986 1303 11754 18675 1320 3659 16640 16997 27000 17884 7992 20284 25120 14261 12059 3636 15575 2522 18821 8185 226 16788 25969 29364 11993 25614 12579 23764 1232 16456 25468 7612 11313 27940 15295 20393 21944 24378 10459 19382 13177 15630 23818 29715 29682 9920 18524 8770 17183 28893 21767 3798 18521 21121 27023 1129 29345 4692 2310 28375 10270 16759 13095 21112 4710 7187 2426 16996 13955 18065 15730 17768 13216 25446 29258 14378 27012 2650 2765 28494 17554 15419 15899 22358 27607 14781 8319 28280 12224 2823 2051 24611 18952 10823 4764 27787 24260 28817 10887 3753 4411 16624 24960 4616 25320 5063 9328 20955 337 2300 25500 25358 17154 1690 20853 295 22435 13211 6935 28111 8778 9431 15388 18893 2926 5517 19286 28635 21111 29186 18369 4765 17774 14605 24337 1795 17903 28321 13327 9739 23048 23959 18359 4342 13088 26900 19631 1546 905 13515 6857 27716 7377 24560 18980 21100 12847 23033 2788 4602 20707 10266 887 29246 25685 12618 13373 26830 4539 25413 486 19918 1341 265 2449 26274 17565 16682 11656 20817 3626 25728 9049 8593 13952 25047 22433 3278 23887 22494 9641 27467 24470 6096 3652 25342 19154 3684 25807 25371 21525 22488 4142 27377 13735 27927 27539 21986 13805 14674 19924 13257 27263 18315 8486 16792 3529 5230 24729 26351 27969 2553 21167 8834 29321 19955 15770 15927 8992 29356 21530 10359 4528 11113 2015 23411 6196 20288 20522 20741 10871 10169 13741 2793 16465 27628 21242 21222 21181 26865 19808 14292 1775 91 28805 20561 19229 13360 16569 19380 20046 26789 21565 16263 5860 26072 6045 10462 6450 12582 6836 24195 11561 29181 17423 19461 468 5643 25169 811 22921 29825 25627 27382 19074 2878 11624 11904 24194 16378 12880 7738 10172 5488 19909 677 541 29870 22103 296 8772 26601 19969 11809 21670 5689 20256 6063 7097 35 26015 8401 3383 19569 6595 599 2254 22655 15035 8422 6368 23905 25869 1710 17260 21317 14950 9885 14203 8487 11198 15593 21217 16591 25481 17424 24792 16954 19575 26468 4597 16701 5486 16855 8689 7091 14134 6187 7709 18505 24811 22105 9762 16434 22792 13149 18965 26730 12475 19763 20902 11437 10875 22970 26501 9697 15580 4566 14431 9877 15517 11121 13006 19942 6541 24056 26441 27005 738 4379 8307 22554 21026 16442 9744 12027 11731 21852 11509 4842 19608 443 9476 16702 20542 19655 4407 21677 24950 25493 23270 14766 8159 14623 27241 2197 26513 29993 27510 24957 1486 6878 24274 28267 19204 5169 24971 2512 23796 8463 12986 21688 11315 13516 9038 22089 14759 12972 24435 29818 24474 346 2679 382 17460 2817 4155 3377 16161 17241 29052 29440 6963 12711 16566 12486 5499 13502 2044 6547 25887 28797 23657 690 24314 23230 26051 26169 29022 25361 17171 8125 24412 27532 22322 19052 4222 18350 24847 7975 5140 23109 13677 23651 7623 5940 893 17832 8206 18078 6105 4762 25850 9858 26180 7252 4953 8167 6635 11709 17179 23239 5382 1913 22852 15425 14140 13246 8800 9231 16379 8079 27018 27239 13563 17220 27556 24704 498 14342 4217 5985 3226 10103 2658 7815 1003 12574 15641 26475 23142 7570 1681 26947 5556 12271 13883 4027 23209 14707 16040 28263 26496 10249 8306 7388 19086 29687 13717 12735 25755 1838 19568 8506 4589 16929 22686 8154 23215 25667 1588 9419 21414 17952 10385 10261 21667 2497 8825 20921 270 751 1028 9396 22897 22074 14319 20589 7899 9718 5707 10622 15171 19451 2634 4021 13408 17430 16474 13587 2914 28957 11350 18176 16801 26928 9022 23327 5456 3758 29912 9582 463 20045 2772 1151 10593 25626 29339 10105 10751 26848 21637 2729 15 25218 25435 21773 18387 9071 4210 10281 27031 7081 6580 17934 11421 23618 8821 5177 11417 14385 24422 22885 19949 6600 13076 7542 21738 22731 5807 7110 23180 18278 3173 11382 7321 25622 27299 1136 15902 4203 19209 2461 17063 3415 28306 8242 2218 24833 25909 13686 18391 20102 3255 11274 4512 10866 8450 26976 720 26854 16236 5290 458 18096 16889 11101 1954 17758 17752 24414 6211 20879 26316 20191 12247 9557 11267 3783 12593 8657 8913 20622 1042 8123 14083 23118 29403 1020 4645 24958 4378 21772 19896 14230 3821 796 23894 12634 10468 14245 15711 17280 2075 15894 18467 19143 20544 10340 5073 1443 2916 8647 19341 27006 28153 11134 16608 24445 12585 12541 7194 9125 14653 19449 3611 8468 15262 5026 27412 16799 19265 914 20116 7836 26493 29728 762 24413 2744 10227 11797 24812 20219 13742 6684 502 24651 16147 23937 29079 2566 2165 17604 17824 12457 10114 16047 21069 17395 4469 21915 136 20755 6897 17723 13481 27861 18666 19185 13512 27188 6794 13309 698 1528 23076 12055 6882 29854 23192 15201 12913 5105 24630 3713 24713 7202 4804 2207 15355 10405 21733 14382 12807 14358 23512 11683 18264 12211 5349 6297 22461 16169 11081 22382 9385 20778 21160 13944 16900 24814 29901 22431 28483 27205 19988 22093 14524 29041 27658 29257 1427 17 6436 23957 18214 10410 19791 15983 7962 1079 14464 19598 6992 18702 29034 16170 20241 22569 20760 4986 14223 29487 19481 23350 17786 17014 6004 10750 23722 27169 17070 22351 24899 11108 29640 26276 25790 1545 12809 5490 6294 16257 13484 6149 22210 28386 15356 25093 5255 26384 20375 10959 1203 11234 5083 1934 4023 22059 28146 16968 9828 6148 2870 22430 17118 29317 19643 15932 21408 11796 9291 14448 27631 4621 15568 15638 8298 7900 14074 7340 14618 25404 25042 13267 18104 197 23705 14648 784 13445 25403 15747 11504 8142 14871 29283 29413 28255 10997 16563 18514 29110 12362 8338 13639 4224 11136 17950 14907 5855 15395 14670 27421 4082 15553 22713 3459 18337 3944 16397 16647 13801 6608 10471 27402 18782 6786 12417 4454 28208 25301 20343 29076 22687 791 8942 3392 23424 3384 8249 3017 16943 19527 4404 20997 14874 22190 11054 27102 12042 23064 29556 19098 936 8826 20178 28815 25079 12493 6885 14281 13 26457 15555 12516 13613 7437 7678 5805 17595 2189 13606 20362 17047 49 6479 15273 24284 2673 29741 19854 28597 26920 3818 29496 28063 17518 28402 266 1432 7659 927 11933 22894 26124 5926 3707 5852 10709 23771 6564 8634 29149 13321 1326 25277 18855 1594 14135 26895 7451 12920 10393 15459 3012 54 22411 16972 28054 7624 15948 10198 16457 13084 22140 7231 20254 27149 18544 15132 16828 15232 12738 12580 22319 3604 7494 16362 11079 6126 24358 7981 11273 5055 14615 3953 9548 15720 28881 9277 23409 25110 25144 13136 29678 9091 14154 11756 20715 12254 23243 21502 7493 15433 16393 11635 13147 3915 28875 27236 4240 20068 12595 9271 11770 25611 21628 15766 25436 24327 6532 29680 7591 4767 24845 12490 12043 24215 7414 13838 18798 9987 2540 3004 11170 16679 11629 16241 294 7361 28135 10208 29463 7427 7920 169 22471 3196 11241 25560 11380 18336 15499 3508 22624 23401 16068 19718 24751 22931 18294 13250 27847 232 29582 18309 19219 4483 21809 26969 1859 21576 4543 3086 26604 11779 4623 9723 3634 29893 29150 15804 8701 3023 18224 13435 27754 12886 15667 2245 2256 14973 4707 27251 19952 29273 5228 11939 17728 7530 5932 8694 27684 12914 21135 18049 16066 16630 27301 8805 3336 20317 15727 1282 14927 16607 7639 10962 13278 19275 21105 2845 26292 12290 1759 18513 14450 5615 12722 4400 19250 694 8655 13272 28360 23205 28647 6819 21649 19932 13399 16946 5467 21077 27116 845 5506 16646 25577 28131 27108 18076 18404 5212 7495 25420 26611 15943 21842 27997 22829 19145 12095 14832 22151 3544 10432 15752 23674 26784 11868 3782 344 1181 25997 2798 12317 5526 20130 23984 29578 8739 3644 16825 19764 21113 19523 6715 22875 21213 25536 22835 3501 16945 23084 20777 19513 19120 162 4839 5047 22395 3202 26639 13314 13439 10033 16763 15443 12789 11355 12405 7686 10003 18202 24373 24242 12326 4738 22779 17470 10873 28845 20578 11223 5188 8578 25344 13398 27463 26299 3883 22420 10983 25993 23477 9439 24114 20426 11698 16157 26837 4442 17214 974 7480 28118 6799 5013 5546 4532 18151 23797 17856 13941 25487 2551 22310 23169 23291 28030 2496 15189 13055 18898 14110 1024 5432 11697 20092 3615 4331 4397 11367 6822 23852 12294 8817 13453 22356 1144 14130 18070 9540 1359 20789 12456 9701 10639 19127 23707 5797 8443 6413 1767 24689 16998 20653 28852 25105 27885 20599 4676 11319 12068 3687 16501 24964 9297 19340 5211 13471 15544 11158 5558 5289 15139 19798 15096 23370 3435 14188 12882 23954 13797 25158 879 12860 23380 4726 1597 17514 3496 20517 12805 26152 10538 20021 1321 9054 7767 15551 25546 20042 19793 712 17772 28870 17256 9040 8270 27381 2262 19051 13011 29474 21145 7867 12939 7374 12510 15439 8050 14289 14141 3164 11489 21584 18551 13362 4254 2394 13120 17477 7100 16720 11929 4517 28974 23305 10910 29118 18614 14296 13722 867 25812 12448 25784 22073 5019 25505 4840 20037 18777 3667 29420 1547 29173 122 16715 10595 27004 825 640 4879 5635 26267 23543 12777 22510 185 19126 5314 442 25257 18512 12666 4522 18527 11905 15169 13788 5362 7407 28810 7805 28237 10767 9227 20830 7874 7420 1448 13046 22232 20508 15825 782 10757 20471 7949 22277 20976 5210 25537 5722 5262 4814 22806 17967 5141 11066 12344 24 1206 29252 26370 20498 16928 5056 1084 15447 3228 11749 10932 2625 27086 27414 3137 16904 28790 911 8594 25681 25911 13171 17551 1695 29906 15616 28295 22769 24446 18156 25912 27993 10578 448 21412 22629 28497 13231 5803 700 11495 859 4043 3156 11719 2101 29185 6243 8656 26294 14868 1006 5921 13508 14865 26338 27824 18440 10150 22031 8383 24788 20321 19797 11632 14442 1770 13377 2537 27368 11728 5511 23310 26033 25152 19676 1712 12764 26109 10200 22900 2033 21149 13561 1447 6336 19906 29195 630 4100 24044 5984 745 10384 4461 3895 20860 27569 11864 16791 12389 27313 11004 14798 29271 11545 19908 14016 3408 2622 25391 26640 81 11252 16964 26890 2701 17808 1874 18217 25282 15614 4420 21470 10934 23250 5223 17114 29530 26617 7823 29951 14961 29287 21247 6321 2348 26798 28782 24829 1108 16785 21023 5799 19186 20728 1265 5008 18112 14708 24795 5086 14958 16956 29633 25636 8320 23222 22951 10746 8552 26221 28671 8703 26651 5716 29956 29664 2714 26641 19199 26220 11296 5906 12690 20684 22850 24385 22649 18185 26985 1425 17027 26993 23915 1531 23711 25037 23471 21034 23112 15758 4390 4109 5339 1962 16761 10031 13245 4833 19519 4658 21984 13318 9014 20827 25059 4105 12867 10316 832 27691 27570 10307 1413 15438 17716 22001 3632 23505 6252 2274 148 11830 11385 18545 2671 1363 4435 17095 15524 13045 797 26936 10752 9121 23282 18495 4156 18639 29989 29013 15248 19094 1259 26954 22843 12756 22056 20502 20820 25410 14275 12669 13039 24981 6645 8211 24987 360 16139 29116 10061 2970 10741 19979 11671 25346 24830 14327 8281 8909 12935 20800 13984 2138 14435 5390 6170 3291 23102 26553 28773 16676 14735 23391 24381 7758 14686 18781 29027 13762 24841 6067 8994 7933 18729 8166 24093 23951 628 16286 29213 28431 11616 20674 6374 22291 5195 17338 29065 515 7482 24912 26350 26165 20124 20863 13489 18403 1192 15209 11828 28794 18458 25610 22984 21664 25712 5090 16756 24578 195 27681 4644 25937 14146 25644 29357 6226 11216 10418 18172 17278 17625 8461 9190 23525 26862 25511 14048 447 9338 10204 8709 14243 29593 28568 19827 17807 26105 28853 16513 3607 29837 5158 20952 21590 2074 5566 17352 5697 27203 9133 13890 17986 2302 6150 20061 24487 8442 25514 21720 26817 21765 15743 23647 306 11186 4124 14480 1429 18632 4613 25833 34 5572 14124 19684 13228 25651 16216 10585 29709 20504 9542 11902 11292 5118 18510 1680 26751 19168 298 26873 24491 27729 10836 5016 5327 11579 22326 17459 23596 22082 19207 7952 26372 10796 29133 3801 6848 8213 27342 12651 11151 16917 17344 24989 6787 24972 22483 9496 25426 23027 19072 22296 22307 8321 1124 24247 8948 678 1677 16254 11358 13232 3933 23639 12946 14940 1256 22507 8600 18092 18695 17426 25327 1145 15366 18038 9445 17379 10184 485 12865 16133 26324 8843 11064 13262 24674 24101 5318 11660 16628 7739 15012 4942 22009 9593 11743 2937 16265 1191 20506 894 12338 24010 24184 26408 11150 8274 1313 29240 20151 4918 23269 14992 28543 20333 3397 19592 28334 13998 2572 23521 5516 29626 22403 29735 25811 24341 5533 26427 28433 8087 5777 26892 27141 27530 7779 10816 2610 4856 29464 24001 27527 16841 21692 20377 4530 16403 102 5614 12790 13400 4018 18506 1375 24874 15161 23100 22501 24106 26366 17411 17489 8643 13412 316 12540 13391 24488 25733 23858 10775 21269 5798 10223 29986 4655 14262 14712 7096 4452 13850 21758 11303 2045 26902 2181 10705 21427 7399 29695 1474 7913 805 2010 20573 16093 721 11581 4956 20659 23997 1907 17679 18796 11678 557 9992 5320 22007 11278 8524 7403 21556 21620 23783 21904 14458 28278 11245 8180 24481 23805 10328 1255 6838 1940 12586 9560 25735 10369 26926 29916 23050 13168 19802 4504 8493 2582 27781 23077 10288 17893 15759 24163 26518 16211 21655 5343 21390 18204 7212 415 10116 14930 16031 11752 19534 17251 853 27327 20186 3540 16334 20611 4344 19367 19940 11583 12603 24903 7658 26745 4330 24005 7711 28631 22797 25142 18662 16278 25389 25607 6767 25069 4443 2506 16728 5793 5088 12963 4255 26608 829 20802 19184 12026 10745 16543 18125 508 26534 4499 5616 19073 9399 15738 20596 12229 7655 10726 22107 10077 16979 2123 29685 27257 24245 7261 9247 21647 17913 23052 23480 22115 7523 11761 18504 24160 3875 8929 21142 12606 3991 1631 28151 14034 16885 17549 24312 212 21615 24120 9325 7146 8152 13588 24016 5655 3241 23328 25674 20149 3891 543 7596 8931 8553 20787 17570 15142 19814 16844 14477 29205 9721 23301 6593 25856 17730 19992 9356 18254 3516 14249 10473 11538 9143 28544 27541 4198 7211 16057 8184 5911 1290 12927 27176 24735 18318 13990 26805 2528 20079 14439 6995 13567 5040 25082 27076 3236 7902 2670 28691 3871 14422 15091 29926 13505 26510 1556 14359 23744 16231 15104 302 2371 18088 10021 1459 7864 23347 28573 11271 15797 8345 12605 28181 16938 10232 9874 24105 23889 29730 8234 6607 27437 6154 11330 17188 28507 6868 2626 12082 6231 1454 17105 945 8373 10655 14934 17561 10582 10454 26044 2806 19870 3354 19934 11125 6320 14867 7241 18277 12993 19944 7280 22299 14017 25778 2087 4601 234 21451 29434 127 11463 5337 1723 1436 1384 8713 11050 7059 15587 23073 8348 16063 14897 19037 14111 24066 17931 21251 21812 16913 22833 20706 1768 15018 13482 11570 25279 9321 24625 16782 28471 23099 2839 20071 9750 20015 7638 5682 22201 20909 24352 1868 11915 6120 28542 29445 20748 7669 1091 12726 1632 23266 19220 6694 14395 6429 26070 7215 23914 12765 16121 26439 14002 12743 25866 11442 14554 6122 6845 4235 10358 17176 4834 23227 14657 4851 14263 22528 21234 28977 10837 5514 12588 29958 23474 15103 14222 3456 6266 9435 18772 24629 4610 7429 23826 9586 22928 20984 28612 8859 123 20345 3807 1350 11839 211 12948 21923 24313 22489 2667 28414 22509 2178 17264 27730 332 12812 15452 11646 838 7069 20354 1718 16238 24420 4680 9837 14549 1974 21367 16146 29355 16436 22764 16019 15622 7144 13603 24326 15489 20714 11602 9797 21898 18338 4573 15334 19368 13148 12499 3950 22841 4041 5147 4516 20605 18620 12184 14496 9577 9130 25827 25512 24296 13220 17812 20795 13462 29214 17413 6891 20551 29486 18809 4405 17034 9266 9493 28212 13594 2232 5360 28934 8161 28163 17374 3873 11138 17487 10015 8602 25961 2309 1162 2794 19511 6424 22039 24748 28551 9287 11595 8278 24463 3344 14569 12984 23265 19059 17240 13056 8408 9 1329 21906 8850 3960 29775 20712 9178 13282 24970 17818 7615 24907 16308 22223 3033 15448 24621 23144 13901 5120 19961 17866 9869 20609 25187 3751 9784 7168 255 15140 20275 14716 22905 27204 61 9658 6673 24741 15837 2835 20884 20694 15154 11645 4672 17150 11154 14859 8126 5726 14147 13819 25155 6075 13068 14620 23023 26073 5043 22551 19843 18291 3676 9076 3560 26101 6078 2984 29224 9612 12177 6685 14461 10508 23862 13672 277 13390 12335 1896 17342 20875 12100 20735 14576 8129 2771 11619 20873 9766 13835 19369 4663 24278 13657 18048 9811 13771 4327 2399 23009 2554 29437 674 19701 4334 28213 1516 21732 13756 29527 9538 6028 24736 7755 7958 16658 10352 7302 26359 4104 4815 12341 5126 10085 19034 17473 3362 2648 19433 6031 10715 20838 18128 28784 9711 9589 15512 10978 11870 6820 916 4266 8462 23183 11287 15621 3683 14879 6128 4650 28154 7631 19820 808 22593 12096 9610 236 24510 4037 23990 22078 21595 6711 106 6816 4696 19550 2311 11987 26838 7553 27207 327 5830 11400 11320 963 22669 11773 3978 2305 11551 2574 8277 23677 10634 28314 16274 988 13665 22493 14126 14639 25931 1007 24061 5117 25357 13605 3251 2062 13620 29384 2754 13830 18548 13959 4774 3718 10005 16617 13767 17161 22889 29309 29508 20560 29124 28990 26850 25440 3064 7526 7078 28701 18737 18654 21841 17042 874 8369 15931 1311 1463 2469 20710 25873 11684 14925 6242 24793 12176 14568 12846 25629 1252 6198 25739 28195 29435 3984 26551 22316 28592 24438 9628 26193 12703 4166 27825 25840 9712 20383 23384 22366 29467 21315 11072 20720 20131 15309 22965 29681 1972 28878 3638 16067 25476 25442 25672 12564 6389 11360 21267 17995 22941 3451 10614 20643 4349 20231 19606 1064 663 29235 25499 15431 29760 1542 15037 12671 15280 20047 1153 13473 11560 26552 4961 22895 22071 2675 23501 19726 28290 29163 16117 4618 13693 15773 1178 1820 10946 27196 23903 9408 7830 4173 21004 5368 29941 12573 26544 12589 13372 25313 9923 27035 8586 28177 16172 2151 10902 8339 18687 16609 9911 5963 24273 8 29009 21529 672 26151 28338 27896 7654 19215 19905 12733 25921 27706 15802 27057 13692 19616 17545 9492 6754 24728 13972 24477 2503 19666 24834 16974 26382 26023 22236 2971 29796 1102 16464 17361 12525 16548 12168 15098 21499 28466 4877 26236 5266 28243 10833 14700 27655 24868 501 9846 1332 29603 7376 29336 1292 28472 16926 2774 26213 2175 15416 26446 23147 29772 9647 19103 12420 27602 5109 25696 19746 8418 28656 4862 17207 1163 10546 26809 10429 24479 23121 11149 319 29799 19981 17787 6619 28663 21957 20810 16340 16333 27314 10567 29091 29428 16234 17080 28760 13869 22280 20918 13301 18479 4863 15988 19538 3433 4959 27099 17905 11851 12388 15022 6488 3429 29802 20429 7075 26131 1380 21005 6791 29967 13041 16289 29585 6609 22182 24656 14799 17230 906 23004 27947 28298 26935 2093 3769 11748 6290 14131 5459 25465 19177 8550 7214 12070 2742 13863 7119 22260 23410 19166 25831 16012 14698 9497 17007 18235 12905 3214 258 12610 2004 7244 24572 6490 2775 26470 2158 2849 20935 26415 29522 18498 20538 5458 5101 29308 22516 24077 10980 9893 1240 13977 16310 22925 3802 15699 4074 11261 26619 26145 27553 11046 15533 15768 18378 3258 3561 13590 9806 10765 27380 13212 9918 2323 23877 17140 28084 5885 10089 1582 7855 23938 15666 3765 9615 4249 17973 12937 11827 9488 19119 4897 5370 8835 1351 1169 20334 25540 11084 3071 23544 12033 25875 11060 10926 8893 4949 4537 292 9537 19239 12307 6811 5843 17627 28555 12205 14269 20977 15030 21108 23343 16204 21475 19910 22982 24548 27734 1377 27835 29642 12023 10313 18297 8509 22315 6742 1333 1387 609 27894 9123 5061 28570 3772 11373 21134 21325 26781 17068 21417 4372 8405 28226 3794 25964 26209 14844 9002 716 2666 20567 12999 27982 15585 3283 5972 22563 9175 9910 28628 6505 21276 19935 3897 6241 3205 20057 17313 22144 26960 78 24732 23506 469 6997 112 10361 13681 22234 13167 483 4277 23775 27442 2736 20746 17976 6161 13604 26622 28673 26959 26511 1634 15300 27451 10226 10681 16207 1276 28963 3 24756 19792 18397 15967 28998 17288 14627 5168 22988 8495 2094 14594 5429 1533 23233 21699 25303 13705 18595 22998 28564 13182 1034 29667 28657 18618 22079 28686 23277 12408 14685 20887 7311 7846 5246 10958 22892 6302 19484 50 2646 21327 27162 13580 24527 12715 10168 23450 4337 20352 27977 20767 29228 19343 11771 22067 9434 19993 11542 15789 24975 7869 4419 9204 17837 1498 24217 11008 2592 24300 15007 408 22637 18370 5028 8223 21549 27449 12736 11704 21265 10206 16666 28666 18649 29495 13432 22325 15455 433 5729 21811 14494 19556 3841 8215 17350 11217 5307 27703 5185 22158 25843 1903 25145 6666 22042 22863 5552 18671 29567 27471 15409 23974 29636 11750 8525 6533 29852 29856 3307 19546 1291 15307 16504 2001 5909 14290 11479 9866 21199 2359 7237 2294 8518 27391 3326 20336 13947 17834 747 22261 2002 26239 23828 6901 15704 4060 23532 6062 6377 709 19842 1193 3803 27324 12129 3000 12820 3923 18873 27201 19869 6178 20808 4078 875 2425 22302 19732 17505 20782 18805 26776 1483 7169 22862 28028 4796 25662 3297 2038 26736 13964 10897 5587 26037 12192 7225 23113 3839 8882 23970 532 7964 6239 27692 10987 20649 19238 15940 3780 29871 10628 2700 11711 25996 22945 21011 21635 16144 14765 9019 18996 13744 27043 19327 22266 29329 7052 27836 7717 26596 17099 9032 17190 23111 27456 12822 22397 17715 27177 22916 29432 2630 27606 1267 4901 28731 4268 24826 22241 2944 2264 15615 8522 21518 20080 1081 6119 26918 6206 6026 9514 7934 18863 10389 12613 26147 19540 3003 14582 9426 19256 17932 19766 26196 6659 17705 26689 10904 17939 4090 23153 9539 18064 9878 3574 16033 16645 28675 10488 2637 2989 14680 17793 26319 4670 26325 7819 7265 18597 6261 2064 28524 23057 10657 23930 7993 10917 28430 27134 16174 20051 38 20489 21895 25725 27029 23274 13069 27529 23584 3057 461 17980 26380 2041 8536 17084 28355 14507 15631 18106 6701 29918 20986 20018 10362 14227 11594 3300 18344 15472 10820 22413 27869 29454 2417 23916 3237 10163 4816 29563 19724 26550 23108 17452 29811 8209 26195 20263 3108 24767 4580 9236 4564 16538 7158 29758 29218 19117 11733 15618 9939 27193 25684 13269 15923 16754 8485 1327 13782 29172 24837 12624 27671

n=40000, semilla=0
6708 2649 31774 14807 9513 10142 33836 39858 31354 7332 2207 5845 12479 28873 22794 5708 36771 12507 33664 17384 21728 17091 11745 30667 26568 27963 39542 33104 10652 10024 15299 14082 4245 23794 36821 8220 26416 11280 31826 25543 27595 12818 21979 5777 6993 10755 25108 22962 34008 4033 15574 23624 810 14659 25898 9928 14631 34665 14228 5866 22397 8429 21656 7266 39524 13615 9422 2287 28771 25011 25003 39512 5564 38985 23556 39374 21647 32209 37187 28183 19479 9715 29219 27457 12429 1981 20451 8601 33874 24282 12598 39545 35650 20319 17818 21546 15309 19428 13912 35062 30392 22597 123 12425 10579 22662 10314 33712 6852 4010 33615 26696 16863 30925 34582 12948 20483 5285 30034 19618 13812 7511 22333 11711 31683 18196 8425 37836 18038 36109 34305 29967 23042 37748 20860 36644 27667 11552 30816 35384 24202 23926 9783 1776 23582 35166 30214 16808 1498 19332 32892 5958 24012 14059 36379 15669 25675 12352 37653 8147 1608 10042 33985 6206 37545 32034 26594 2892 30615 15744 9369 32582 20164 28419 29492 14014 37661 34532 18224 32556 12844 38502 29071 1772 8625 7315 4250 19717 4097 27224 28348 14844 13182 17037 20738 33694 15214 26855 219 37696 30383 22920 33253 16929 29447 6371 27689 27215 30506 3293 38457 20566 2403 21010 33405 36780 39409 11669 30386 9307 9647 8167 22252 20937 1458 13345 37432 11273 14234 8856 21737 3363 17440 27673 11913 36330 10342 33969 33127 16822 24388 31848 21789 14850 29218 19683 13237 25130 27058 35141 23868 26127 8186 3611 4500 31928 5266 27213 2743 26266 14999 22222 38059 35922 4946 38558 32778 29370 32335 27196 9186 10500 13845 32596 34841 7131 16008 23991 33425 1100 6929 37622 24566 18198 21365 13264 26710 17483 6357 30419 39110 14302 27655 23533 39860 15395 29966 16078 35829 29452 11674 38021 238 34224 16299 10285 13807 21145 13492 9002 887 33619 33097 29540 26562 26023 7581 7841 3604 24297 36590 38407 3861 34345 3486 34503 35457 21701 12852 3710 27837 23064 24578 9745 36279 18365 20129 24593 4845 17852 28481 18684 12357 39987 6569 21887 12693 28669 31755 28122 15240 31623 21021 36537 8430 31239 23805 33481 4625 13927 26095 30454 9266 34636 20344 6665 18700 33265 12754 27166 6528 7666 20759 3722 18827 20674 25386 28944 1868 14415 22116 31242 25566 3831 32007 13124 21271 2014 6857 3978 26166 35621 18756 18720 26447 27239 14156 30529 25768 28015 14851 4716 22483 32801 31112 16685 22709 31599 25268 29392 38468 18799 21920 19865 21123 31771 6101 25975 602 17175 8715 21630 20740 13337 4989 30313 28192 30974 13751 3553 9725 1641 29284 14820 3537 8077 12697 27094 3081 22564 9912 25086 2423 135 23824 3643 34837 21982 5803 35012 22798 31507 25002 12904 10047 21986 13125 18764 38254 8740 39748 17638 5312 22647 21166 691 15239 8631 14109 37356 33521 31791 24819 8784 4915 1642 1489 16591 36176 8145 29713 36156 11670 5591 7372 14945 37137 14087 34606 13143 2941 28156 10452 19145 35105 35765 36380 7480 17491 32445 12104 21462 35909 30950 33685 38418 34477 34102 35300 35274 33181 27422 30908 28721 3977 31939 31503 39901 4756 5718 19103 17245 10481 10307 28508 17581 32950 28786 21712 9779 10742 414 4354 10730 283 34786 16944 13117 23520 27275 24506 16833 26866 24996 25274 26613 25391 30736 11696 3934 31382 28490 21372 33208 34115 10747 1663 9944 8505 6676 2044 12267 13728 20772 4813 16097 24519 29953 8915 18683 17278 24985 11240 25974 8673 26269 23941 9913 9260 17403 11396 38662 12595 21596 28462 16389 37417 30075 26858 20734 27608 37628 4189 134 18229 29383 38359 31254 13878 3746 2561 33914 5765 30228 14095 17958 11055 29943 15960 23738 10084 29528 23233 12896 8001 26629 17052 6386 28814 2268 27450 873 2404 24979 5950 29335 2984 30090 22245 6727 38279 4994 37284 22433 11342 12443 3511 8960 33510 23106 37803 1843 31417 19938 7685 8733 34004 5514 24071 14329 24877 5202 17470 16510 20228 34849 11758 32227 21384 3568 24153 13661 25762 26801 36577 33895 2827 11776 4710 20846 38225 35482 9376 11222 21135 15584 6454 34304 31072 457 2201 38348 1203 14634 31117 36928 30120 8089 34779 32588 37943 5571 31847 19125 63 19477 8413 18891 38107 4446 28849 20211 4623 1917 11176 18420 5566 13257 26357 18866 12817 30452 36208 938 3560 28650 36843 21023 14083 13574 11905 1314 27367 38577 28952 7176 26381 32070 16564 25802 36495 20345 24813 13596 20752 29890 17147 39692 23706 18182 8709 11786 28876 19377 35345 28826 3781 17864 39548 24549 35223 3699 14570 32091 33462 9342 21030 20991 39605 3319 12532 17550 39736 34729 23516 8946 36382 9752 16131 38951 592 16725 7800 8668 18112 7963 1034 38894 4955 20369 22274 11646 4765 26394 7110 13784 38606 6935 4024 19434 26618 34344 28330 30501 25509 24963 3226 3952 19456 23564 8050 22167 14061 36653 30572 6653 3678 31058 8021 58 30513 28809 39884 21937 19021 962 25537 10497 35258 13645 30769 29040 614 32629 18373 36445 12993 25446 14496 21585 38679 15260 23676 9956 25645 17524 35277 33976 14307 15155 10850 16123 918 14487 39745 25476 29390 35938 18312 36542 3120 9503 25751 32124 9507 21927 4940 9337 29511 25836 33291 11278 23937 16476 30020 34589 23152 12743 36587 8878 13300 8548 24606 10027 8944 20520 7662 35378 3740 14921 32952 25109 36225 4138 11781 18010 24430 10062 28859 36439 14276 39375 12241 8027 14767 24095 5463 5666 4180 26050 19039 26432 16803 12489 31022 31388 36371 25299 37310 10277 8305 20966 32253 33573 39270 7813 6400 4930 14032 31372 36223 35306 3245 7890 4796 10520 20637 11908 5393 37301 5589 2678 8834 11127 783 1345 7503 18664 31975 14684 22146 30347 39078 30381 38151 13943 21600 31672 21944 5119 13006 23119 20376 16827 14727 29584 39475 16075 31858 33534 26202 20505 9178 11375 35048 253 14210 11148 33262 11718 12447 31584 4889 22991 30822 29506 23224 1229 35293 26026 3024 33524 40000 38308 30756 28028 35974 26928 29206 28634 19268 19830 38790 5457 31000 8088 23569 8049 13072 38434 19739 8476 6107 6747 23281 11625 25400 35140 28822 10258 35276 24118 37939 2462 15711 7912 23265 30408 38445 17514 28102 39116 15098 30199 35622 2879 11774 7355 19281 16398 17465 11962 3526 28759 33334 37733 7828 6839 2095 14468 25230 3103 15815 20983 2183 23439 10789 27083 19433 12987 6576 24191 21184 29273 9611 5042 1699 15516 24313 36150 1461 7345 26582 33275 15918 29362 6271 4978 3217 12426 10534 39287 15520 7142 19788 19404 21144 7215 366 32734 29853 32662 29535 38676 31059 38339 39595 35063 31386 7410 5246 5645 30231 28001 27988 2282 5383 10262 14178 16069 9234 4186 20008 412 19319 21811 2003 4866 25798 4506 34982 5584 18429 17682 30113 11356 35783 30701 3388 17991 13538 814 14005 16939 21387 39389 37049 19921 37056 39809 23485 11772 29241 35184 24878 24925 23806 38672 37241 19283 9748 28396 28099 21137 12713 16073 39937 4273 38005 26350 36270 33330 804 13874 10826 12579 2266 26201 30332 27554 9937 35124 5506 20835 13550 36216 32869 22096 35966 27390 32010 34415 3897 14533 15256 1337 14232 15659 4621 5181 23513 31699 25188 38599 3913 24347 15720 21658 33048 19837 29715 7028 2028 29918 17265 18192 11003 1469 15805 4575 24237 24557 4522 29200 13972 15116 21587 833 30870 31561 30514 6643 11550 38427 11954 32618 35721 21670 18177 5647 37476 27903 21559 19958 1209 32995 3259 25178 37473 37030 37214 10589 35106 35061 9602 13424 25958 11447 16940 39491 7150 32133 28762 11473 7271 26407 25963 4514 19490 39477 31676 28305 36187 8564 6796 848 24457 37279 20311 15800 3513 30645 5166 23236 35244 8769 5616 2337 15713 18960 27153 2058 33463 19624 6791 39949 39272 19236 31437 16132 20764 11449 11965 14351 20982 16298 36576 26897 33714 23638 39590 39852 39677 21050 30250 2684 25901 16902 30118 12808 35402 16521 12661 26603 4063 23536 3510 11417 11715 19598 3129 1997 23098 31053 33928 5418 18129 19568 24264 1207 34865 20615 27178 16072 3645 29944 6309 33622 10743 1824 26753 22332 21505 29733 14303 14948 22577 12989 13928 17574 987 14047 18644 29293 16993 19380 12191 35489 28633 34109 4099 19651 14649 4313 34646 32306 5488 15843 245 38648 20093 35837 11964 12378 21032 16093 37915 33660 31703 4805 13285 9371 22902 39018 30069 29398 29543 13885 37412 35713 36189 27315 30757 28853 3387 10561 22427 23370 8839 21377 39559 6798 1994 32743 14648 25807 15259 19349 24976 18176 13688 18712 13542 19063 17257 25207 18332 39887 5178 21240 7015 28512 17726 34989 11294 15115 34349 8259 35377 24299 11801 19903 6323 3631 20706 11211 469 19709 20854 21460 20605 33428 31830 23557 37231 26639 2221 1148 22949 4238 24057 239 8872 5965 2908 35374 28817 9313 15533 23968 26080 14704 23346 2555 27831 13898 39711 21436 4523 21322 20774 12906 32483 19772 29155 7039 29977 35873 17230 4661 14628 5693 12214 35125 21741 22100 34721 31579 6955 39516 23977 1768 11002 16714 23910 1073 24544 19302 17158 21616 37706 25801 3410 32217 27088 14170 13554 12449 28320 25625 33811 32794 37468 34367 10559 10870 10321 33844 34154 17045 418 7182 33392 11834 37261 11601 39419 16552 24556 3665 30543 24273 33338 23063 12037 10057 36455 26543 24078 13084 11081 10333 24579 12822 4480 3685 2842 7422 15933 19854 12045 13948 38115 28135 23374 2075 20958 37441 38937 2529 7375 37033 7301 25906 168 19391 38785 31725 17854 39674 16667 33255 8291 22728 20364 26489 23027 18339 26070 29385 6270 31131 11192 39900 39417 32735 19641 12398 22887 15421 28403 23419 30398 36927 8401 19932 4800 17807 36232 33017 6186 38340 23061 30484 21951 24417 38093 32109 34833 19868 16860 13963 21101 3048 35653 33020 13075 18856 6368 11352 33444 22817 736 27037 8739 35395 38669 31792 30729 892 10770 25371 39962 6658 39169 29838 35835 20318 5533 39180 29872 37455 16457 4372 16816 15420 34201 13507 7693 20633 12205 27962 30842 26577 22223 34020 34490 13512 13311 31196 3863 7819 29934 27195 14995 4680 38572 3386 21237 20744 15743 15324 20466 13709 7755 22185 18103 31513 27832 9031 8024 2602 13919 31760 21490 34528 32837 14459 1153 39418 39775 7206 10886 23555 31480 15780 5304 2610 8066 4616 21511 37787 22627 5861 23081 27546 4903 29775 766 19678 7897 13762 26304 30710 968 26057 30598 5938 29115 29134 25455 37099 3658 11302 38533 21410 24287 5171 2133 8320 26573 33771 28006 35527 19862 362 33176 17825 14375 26477 16424 37734 35882 5574 27118 15321 8513 27955 1446 7614 19670 8982 5104 18505 20929 34618 31992 19323 30536 13602 24226 29078 7558 7128 24445 11645 13721 31631 10461 14492 23565 18216 5045 7326 35439 39997 17169 24349 19937 19419 16364 13288 3758 23828 27097 39 16504 24756 19552 29344 31110 22629 19089 5464 7476 8644 38196 27017 38607 3110 32860 14030 23476 38326 12436 6229 36747 12843 32699 31217 19885 16699 10640 24750 39680 30468 10771 26499 20148 3589 15514 24697 8460 3292 39225 19556 20215 10729 26140 39155 23550 18137 2277 21104 21856 14802 37499 28529 34134 27286 5728 3995 8854 19201 3776 28539 27128 17149 10811 17092 6719 5690 24341 14268 10766 22755 29694 25850 23388 8146 18503 22787 489 192 34553 2980 5455 30765 18387 3769 37717 16972 11756 18742 35049 1369 4207 34769 30854 10966 22910 13263 14958 33978 33579 12399 6754 6880 35847 15164 339 11478 11603 4267 20537 11467 1977 12931 1645 9514 2334 29661 30747 30147 3491 7350 12161 19908 36394 8935 1905 11514 11089 23470 34921 35297 16034 29707 16722 14407 35447 6520 13287 9091 5283 28345 22859 15887 31625 25612 33950 9341 28271 13890 352 4533 37439 17120 36092 914 15341 17246 30153 18274 21541 25712 7367 8816 14581 32797 21991 1456 5748 21078 20901 30445 16351 3152 21321 19725 18469 6887 38673 34944 13681 26927 3007 14909 7674 18131 21319 15447 15281 2816 6944 34738 1594 1829 31621 20603 30404 12442 22530 20714 32163 34731 803 26946 4857 5226 24261 9379 18863 30079 26132 29615 2206 3061 28040 4112 16042 12314 27293 6612 23617 16011 7554 13163 15597 33488 2056 26986 4044 27075 27040 11805 23082 23459 3860 785 20651 27850 641 32992 9383 10008 37445 36967 16619 28319 23687 24791 4949 13852 37521 14450 9093 26029 26198 39333 15878 5974 22344 8099 39197 5523 17317 4423 37768 29975 29403 36105 28775 27987 34328 33374 25886 2354 11282 5478 17366 6720 12624 38950 26787 31432 5789 35948 34828 19946 31796 26870 34179 38960 38166 32829 13416 33038 4905 36775 8817 4181 9738 11635 35251 25046 14006 24501 256 19132 32527 32585 17998 9291 21308 17724 17150 19587 10612 29054 26609 19 24695 9522 39618 1054 29686 5911 26818 2721 19213 39991 1396 28783 3447 34649 29086 39588 37065 3939 31380 39744 17110 16089 27119 33066 30699 23876 29870 3251 27816 15766 32590 27570 7697 19999 10137 9758 33032 39085 33539 5440 31126 26171 30339 27267 8880 32856 22464 23177 29823 11892 20210 11676 21825 8651 25728 32411 12810 33185 22293 29601 34755 1184 9172 12183 3046 17661 5587 7135 19647 33283 25271 6728 26743 8322 821 5182 21679 16826 20464 4968 17281 38714 3031 34990 1911 28665 18987 26177 19484 23039 37728 4106 17224 12925 765 32828 16814 4872 12545 3190 26620 8722 37191 28852 15083 29845 34325 38595 1162 4343 1655 37208 11248 28244 20545 39442 24730 31385 2788 10814 13462 8389 29878 11507 1881 34227 37226 18874 4220 12066 36610 19378 38858 7904 12670 23318 15257 14060 32896 30490 25893 29940 21224 18475 32062 6380 33477 30453 13144 19226 36340 10317 38448 5674 35874 1178 22043 1931 18563 14638 28532 17899 36507 3369 16848 11040 25441 27937 17461 12088 24572 3380 20037 9351 2657 2015 17368 19278 29196 2285 6036 39209 26078 16635 29770 33153 38857 33810 28592 38464 24624 17588 1109 20804 1361 2426 17703 34716 38596 225 7636 746 22531 36605 28858 3625 16650 15868 18436 36132 9920 5949 7233 33722 35396 22415 4202 1691 24745 9253 30700 26074 31555 8082 36557 38814 20988 12576 18769 5617 19870 21082 6068 13322 15987 29436 11831 9865 38591 37589 19158 19993 36683 29882 22448 14774 39089 9887 24584 24337 2839 3224 1736 34195 4248 14800 6098 34847 2656 25080 22190 6615 22594 23202 2459 16121 27255 15763 28945 10537 30737 1771 26848 33820 15767 13976 20957 30552 4016 25769 2500 38461 16706 26033 6638 25389 18939 28274 11833 32012 21629 34981 9446 34915 31300 17771 36601 25808 12094 26759 9764 16320 21678 8592 15492 1362 22385 6660 28298 6545 13069 21061 29701 32321 37200 28195 20964 13881 19166 13509 36603 12856 10513 30486 19279 25949 32316 26648 22432 31370 27783 27814 15565 16789 290 15342 16259 8396 29405 31900 16793 22871 30841 27605 32141 39738 35877 12617 32661 12024 26225 29820 14654 2958 18944 24144 20709 11408 11437 15286 26581 10840 23878 36428 37063 36933 30396 11450 2367 19041 21659 5299 4558 3996 24673 7822 3594 33277 481 16386 38375 37131 21232 22890 2213 6692 24186 32029 7788 24532 36838 38033 34021 29779 17039 13813 16608 322 35188 8448 11835 10528 1501 3114 12564 7884 12010 28804 3937 23029 21171 4350 39905 10973 2468 26314 32373 1960 16317 20342 28697 11923 18723 16649 23531 11842 19883 23273 1741 22754 30753 24470 13560 20327 22402 18713 23551 39984 14437 34885 27453 7116 9505 19511 32512 4204 8572 22068 14608 37573 27796 29562 23802 39655 21177 8071 20518 3133 4620 9785 29783 9704 37568 6182 24675 32946 9506 39228 17254 30959 34372 30855 23733 17020 21385 24292 3534 34955 9182 35617 21111 7763 14274 24029 36188 38260 27677 24541 36249 30766 28414 5935 17494 28171 15455 18358 38727 2772 2759 10060 38512 36491 28491 21536 14490 22573 17496 14372 14637 21551 37398 35292 22901 22938 33235 4854 38609 6137 31839 9097 35655 11678 22310 35091 2310 33496 60 8130 35632 9829 23211 14165 32476 17182 2818 12274 25332 2447 23778 27175 3300 28188 3588 14996 37054 25458 18976 15643 8012 34720 7864 3372 18587 16881 21535 2484 15819 35755 5498 32541 1274 34806 7555 11827 34472 23669 3308 32491 3462 7390 18041 8010 37463 13258 22137 4115 9211 21424 29110 19660 10352 4670 10105 6927 20832 15093 38315 21618 30502 1442 10756 28432 30446 39246 3646 8162 33639 11659 29662 4147 11555 12556 2731 24151 38693 22721 27695 1530 37830 11459 7183 36056 31233 20567 29590 16507 14192 22598 27400 2613 17480 28948 26438 17898 27388 15095 7307 17288 8116 37958 34250 7816 31977 34257 4304 18643 26731 34465 31387 2174 4827 14636 32870 16279 7589 32018 23546 9934 29116 16036 25504 684 38235 6230 12679 15133 10763 21300 37505 1108 7759 8726 19553 3416 11425 1551 29139 16719 1208 39435 6763 32056 39927 25922 19917 2364 38709 21574 9247 39167 643 16028 9833 5213 33800 17778 7533 30306 13189 27340 22903 15543 31687 38615 21163 37658 31626 24240 7462 11298 11041 19366 39193 10801 29799 2011 12315 23252 33139 35319 30510 26130 21239 16149 35619 39151 9807 11850 34641 1589 7054 12752 3366 36288 33217 22159 11348 6119 17842 39134 34133 28864 36885 7082 19009 26566 26730 12338 28994 25153 37342 7007 9529 1047 34986 30955 20593 10945 3003 417 25869 26186 26364 32909 11573 22649 19912 37821 9274 9434 38379 34124 5848 22616 15692 4572 20677 35148 33578 7202 2771 32967 29055 9583 8209 13095 21474 31225 37223 29266 34486 34996 28333 32294 11288 9976 25608 25832 19398 19289 7296 34417 37785 6679 420 10526 34522 15197 8682 16311 34082 32836 32312 38893 28510 7159 9562 12540 20165 22703 37688 29900 27270 1989 21194 15606 16155 27274 34171 13056 33492 38787 7470 30462 13930 1958 24719 24786 37216 22804 17164 28185 6930 6246 37075 30136 34309 24523 27550 15850 29873 38934 1056 5910 298 31525 9037 21260 23571 28139 9638 10253 216 34029 17632 6197 4407 3341 5743 6289 10841 37667 17990 22265 36743 37998 8971 38120 36050 26053 36317 15428 29754 39974 20254 30885 11653 35433 32192 29329 39237 17526 30983 8051 36252 26464 2645 29214 7109 23664 6834 38978 14125 13932 4211 35893 18444 23118 38687 27617 24987 21495 1660 36602 13027 26170 25432 28544 6038 16354 31770 9511 39777 36262 3955 18223 26950 32900 23766 33203 35336 3981 30874 2963 12001 12486 34488 24692 37288 8276 21613 2151 23696 14500 25132 2542 10949 23756 28925 7091 3307 39310 9149 25349 36064 36014 39702 24553 23178 31953 27121 17916 28760 13245 10575 9406 24671 12854 35763 29212 3037 37806 16765 13460 3286 30656 11979 36293 15719 835 39581 30648 22184 1504 30678 6441 13412 16107 31424 8341 12409 11916 258 18848 6012 24840 7468 29678 35053 14681 22401 1538 23990 25969 39220 16336 21501 10917 6044 7149 34838 9879 35667 7679 6843 29316 31544 23867 23562 8912 11039 29877 13347 31118 32889 8435 39405 12440 10265 24243 30449 28497 37730 23170 4171 31973 37268 22840 28866 7362 4747 15911 28223 37227 32151 8022 15678 17367 1371 18627 23446 29386 33600 1536 14722 1861 23242 7799 22782 12333 9623 39616 31888 32968 31959 145 13015 14905 1202 10496 685 25745 30639 24067 33198 18214 31813 9733 17221 6977 11180 17964 39067 23814 1573 15010 8059 23454 11095 17345 3021 20273 22526 5895 16004 39978 12680 32132 2969 20034 15652 12797 23588 38794 29610 28214 33391 3451 4484 21399 26174 36414 21394 2783 18757 34544 28867 39977 35533 13164 20689 33305 14462 31364 13081 27162 5916 7984 28081 30965 32972 39282 21155 24421 25632 17111 13360 28957 14380 3750 31562 39391 3078 14135 23271 16771 5701 31640 36627 4753 14142 1987 10117 1328 24386 27740 17770 11700 10572 21898 36492 3067 13260 37831 23578 7060 29463 19674 8270 27342 17614 16303 1252 18078 21152 3123 37026 552 37960 22922 20188 17360 25857 36772 29034 26307 8547 16182 35515 2872 30878 13809 38763 2311 20755 15242 27475 23796 13849 6414 19808 37537 37611 38497 14352 18143 22024 15852 8281 14337 406 31163 35344 12958 33483 34691 7373 37179 10848 6761 4028 31643 36202 37291 22727 23195 2673 433 24611 19843 31044 16693 38224 18238 14559 18158 31527 2608 20297 1543 22125 38548 1444 33271 27447 15152 32726 11852 17251 19620 21935 4777 8913 13877 34226 4089 10286 5194 10323 17592 31405 38289 11179 6291 7134 25578 9706 37882 29089 36686 7723 5510 25800 35383 14755 26505 11249 6483 8930 36275 24137 7306 27966 34569 33278 25398 19949 32673 27210 2667 4339 11714 19744 11206 17231 2090 22327 11000 28890 39963 6343 20919 26211 20842 26910 28088 15717 20353 20823 36848 13851 15848 35499 20536 646 7037 17741 7214 29957 33916 10401 18432 9899 1230 14519 16773 12269 27486 38867 18611 39799 11584 20362 5323 4876 22651 12991 19375 22999 13765 1308 6313 5419 28198 9293 22955 28021 22496 34153 1067 38155 19734 10395 37656 29635 13429 3796 20202 12060 38252 23160 10506 15401 18463 4321 8623 39093 19848 4624 32302 25523 5982 10074 16483 14973 4344 31931 31824 13735 28354 36326 2557 19815 26714 31264 16697 14230 14175 34084 7027 39381 27335 34157 30972 28046 29495 27477 6742 7335 1125 368 4729 14053 13482 8743 27781 22704 2294 29144 11151 36233 27375 1857 13388 4079 10676 23501 28467 33232 5146 14430 14942 6945 37481 22129 4297 22156 5912 36809 31557 8928 3698 26444 34429 33100 14384 39921 18688 18669 32406 3106 4071 3713 24455 24161 7365 3436 8883 14246 13988 32809 19047 34264 18455 6342 19114 107 21782 15483 22550 28043 14264 38829 32894 34253 567 37444 11508 16443 3002 27506 32839 13577 28143 3065 4853 11782 31903 22424 20409 32390 17126 5849 5822 39747 15919 3674 23194 14315 27221 26564 12673 32117 3160 32614 15040 29629 5361 31379 22335 10592 4849 18005 23296 17942 19496 34335 547 25167 31187 7444 15943 30215 28753 25983 14640 5377 7771 21517 21784 1525 33311 7739 28433 13008 12360 35596 3575 3992 21540 39433 36205 25658 39053 3362 15539 16960 1529 9487 3186 872 33631 16232 6112 24145 9456 25102 15382 5216 15527 38580 390 19877 10549 35672 21905 33951 21088 715 8952 9349 31668 39502 30361 32441 20423 1672 11586 32598 34296 21071 38768 5135 19058 36453 32707 7527 32492 7954 11441 10988 39778 37968 13131 39675 21522 5378 23625 29213 30569 11565 7337 624 3555 25883 15468 838 788 34773 27812 34272 20853 30360 8603 14539 36016 23790 13050 22509 24734 23966 24911 29489 19637 27169 9122 22578 20657 30899 29933 26850 5946 10223 16296 28820 11182 35844 1491 8060 30049 9747 15405 6573 14341 23528 31027 10023 29480 16022 20730 10805 8205 29685 8823 5501 13708 23362 34239 24074 8354 26797 38707 12020 5396 29365 24460 15900 27130 21006 33967 26676 32098 2737 4009 492 18119 16616 6801 24924 28971 25279 26534 8230 23836 8791 26764 23750 17471 29879 36067 12217 23865 17393 32803 30671 22784 23049 14600 7806 31506 22892 35648 7567 39541 37729 7181 14534 2033 36643 19736 39219 39604 13371 23456 35644 34178 36516 8607 2520 33931 33210 20487 568 36257 5078 5113 8934 16594 29072 26685 33239 1234 12177 36316 38886 22013 38668 36103 1618 18652 6194 19351 14486 24701 6053 22270 36141 8895 14868 27349 849 5289 13091 9535 5627 21428 4935 25454 21282 12885 2299 9475 6750 4449 18590 27109 34202 7744 39967 5995 28054 13451 22946 12287 22038 7067 33223 25987 25047 20997 3705 36853 1681 8951 39623 20152 787 7009 24711 11853 19534 4240 38428 4734 35197 4632 25387 10104 2356 23124 4931 10539 8701 4047 28794 23906 28108 38294 9413 16746 10749 30076 12344 15636 12538 28747 5753 6290 31199 9222 16227 32904 36003 31926 21380 28265 21888 24940 13024 33195 6499 25754 7668 10186 22260 12541 4406 21196 24212 2054 6146 38408 26929 10914 27826 38923 9296 5298 25493 15862 2083 38346 22926 23500 8764 37827 10300 8893 17351 28534 10478 34306 22357 21802 31831 21307 22092 16286 1227 29485 6334 19792 29834 37928 15980 12372 21943 37659 34601 23336 31987 19108 32724 17853 37361 13552 15398 1732 16812 19554 4585 39232 19646 1725 22312 29141 9990 16783 1764 2629 34684 17292 2237 21545 28968 27650 20002 5198 23768 6924 31951 28112 36549 14381 11858 39160 13092 1385 13882 2276 5924 33175 15783 23589 12339 29348 39999 10442 29311 22639 34047 12428 31713 31003 19896 31819 20508 942 14495 35526 27408 33213 4844 12929 32371 32064 13924 18495 27095 4593 37112 28165 38465 2486 15196 36136 28163 10734 22939 27414 28547 35723 34676 21582 24478 30425 39306 23600 37966 2798 12046 18267 11755 35083 6236 19771 29022 7996 31952 8518 30503 35836 5277 851 36831 4751 37669 11666 153 29997 24771 15023 26977 1000 26973 25575 31468 34530 522 13176 22442 17992 5353 39685 35056 32150 23411 29204 5057 20468 27981 25113 8643 9040 29792 27529 15365 157 22764 14073 26243 18636 24789 5662 14485 973 22907 10553 13739 33187 14803 11165 24972 39123 4243 4733 19167 2440 7353 6196 23020 36798 14532 38972 32353 31283 14132 24072 37538 21580 32240 5012 30297 39931 15022 583 22860 7429 12560 18088 28477 29223 27959 30638 13593 28838 906 37215 1254 36398 33156 17605 28227 23309 18397 5317 36354 5668 26452 16851 10963 7439 11994 28254 8502 1406 6738 997 12065 14299 37354 6100 24238 7686 545 12962 10120 36745 36914 18435 4041 16080 22316 30048 15146 11122 22435 14400 5002 39659 8133 2910 35087 15817 20904 3858 14154 33778 4355 17484 35772 16217 10237 33479 29729 27631 31040 11398 8818 21344 16339 35424 7673 30821 12305 38573 7265 36351 12406 35078 18162 22007 13670 32549 4048 32120 8453 16590 11094 38483 34225 9108 27659 34426 35312 3195 29725 22413 17943 21945 13174 3142 13847 32663 29304 27568 36562 13199 16003 22805 16585 23018 30066 22443 12819 2559 8232 6729 17945 35450 20486 39612 18871 29095 29309 9910 26116 10305 183 16467 33992 31950 30873 17985 33654 27929 29467 15090 21149 26153 11849 32678 20530 22005 29211 28123 13223 22740 5066 38541 4051 32429 39972 22668 28808 31172 4867 13743 32566 29603 10319 33824 3248 22017 33651 35145 37764 35894 31164 14981 26569 4182 15662 2716 24035 5371 15227 33115 18547 39384 36784 22012 1283 9721 23792 26523 4707 39088 24983 2378 26197 18215 5917 28860 11235 34858 34820 30809 22847 21254 1842 25070 18413 24956 13884 19412 28595 30613 12077 30116 21862 10450 4459 23300 12654 11147 35348 25306 38001 27006 31730 37504 18474 31874 18508 38380 6069 14035 28316 16269 29014 4326 4822 29408 20333 37232 33001 33564 22307 17884 36884 6968 1096 20915 14743 21894 17021 16147 39742 13678 4252 7871 16308 26963 7626 21566 15029 39910 37081 31726 33099 17173 34247 4950 34514 21339 36120 3232 13580 34395 6234 36606 2805 6803 37694 10043 35552 4663 36895 33453 8091 19415 17236 25242 22152 32559 17205 33545 314 17734 23601 776 30924 5007 11889 36472 34585 31325 34571 9773 30144 11662 22378 4933 3168 3327 26442 3519 26994 1631 24076 20975 7026 2534 21335 20644 27332 4979 9244 15094 24211 11806 5821 30240 23862 26220 13891 9641 2279 32366 17166 30808 17087 6254 37619 39707 230 4046 9823 17174 24895 32747 1927 7621 17125 16720 2108 16866 39027 2727 33372 24567 25024 33955 23452 16212 7137 22506 27077 37527 32667 4395 5905 29830 21381 31261 33473 30010 36411 30480 2966 21843 28061 38422 6795 10726 14077 3172 24252 39035 259 26736 3322 11076 17999 17082 25265 3056 15579 7331 15431 12853 20973 579 28525 21312 11163 13040 28067 9596 37317 6051 38390 10547 6458 12035 34547 3479 29958 39229 16198 1767 621 27108 22580 8580 18906 34661 31719 8217 28640 78 14330 13197 3501 30728 14097 9442 10678 36918 15871 7420 3352 24520 25055 36721 23694 6752 4268 35304 39365 2368 33998 16781 15782 26616 25252 31368 35219 3461 5685 3659 8409 5015 28011 8343 27378 21869 160 31459 1462 11591 16233 9317 33565 22360 14910 2497 3598 6788 36768 38099 36127 15528 6611 19260 2922 34216 38008 18485 35316 18116 39376 11880 37551 22191 9891 32264 4888 9951 5595 34960 29501 16951 39980 30540 28113 17495 6575 6537 13121 21014 6517 20869 14956 32364 15171 10909 16065 23981 12050 21820 17352 38819 38691 29184 24843 1778 28470 31316 25229 5073 4803 20284 14593 17973 22846 8323 34203 23893 17976 10112 10821 3618 27449 28242 38917 39968 31723 25845 3642 23894 8064 33729 16224 28597 31663 34070 33659 32573 39485 29675 22928 11824 34493 23900 7985 12996 20330 28057 20590 13394 38431 17192 14682 34832 14395 6563 11029 39181 33734 38246 1001 31749 8619 33879 35327 28752 4330 14629 37571 2525 31925 15329 15282 18144 32112 24039 34164 13302 19497 10542 26702 7940 5578 15119 36384 24928 4657 22705 21367 23860 14198 28035 27430 9929 21323 4873 6045 30966 1913 14147 25917 16600 17681 20123 22680 31884 36942 19909 38060 32078 2418 34809 33758 1579 38062 7570 21548 5231 35226 24180 25351 9863 30273 1477 26435 2838 31482 17974 32577 5288 35076 28961 5913 21922 14058 9987 27643 9321 11135 21646 10862 21857 28030 1996 11937 35113 13555 37109 27930 1177 7918 2586 5224 24336 29129 24967 26411 14758 31807 8422 22841 22288 22350 5948 36259 36108 35745 25258 39925 19148 11764 36038 36823 39791 25202 38990 33043 12133 5156 36672 30346 4462 30881 2697 20075 28950 26061 18153 10925 5448 26913 36690 10558 5781 37872 35801 27145 24155 4656 25742 15478 2565 346 34794 3582 10355 20940 25668 9537 32876 33054 26301 31435 2039 16825 25363 23157 4116 35786 21619 3824 19889 35842 23169 18919 25362 38171 21870 4270 35592 30438 19746 28774 29703 30844 25266 8512 8196 24108 25340 39443 6592 6187 19304 7604 11697 16988 23720 34194 37888 2111 25428 1445 24893 38884 1862 551 21834 4636 17535 29423 6166 10959 23722 20274 6726 28312 38228 9303 39168 11654 25657 29334 21291 36312 27714 27792 12684 1449 16379 38071 4521 28346 8536 12119 39274 36204 17155 12434 17413 14908 28131 18091 36025 10362 26141 12980 14563 9799 21425 35509 26479 38266 3351 25262 13893 31746 631 10798 15957 23917 9755 18316 16439 856 33796 16275 29220 2952 23254 24163 1718 11971 2139 22768 1083 39828 38880 1966 37865 13805 10329 2985 21542 7941 36714 33356 37784 29202 15658 36234 33989 32753 26498 29936 13244 25100 11914 28322 39634 22468 2652 11330 19782 26955 13249 14715 26054 23003 33107 28241 5679 9459 38077 32567 9828 6213 9497 22779 16979 24909 17972 36266 1037 24634 10372 383 18302 5502 23221 28648 3692 3606 4332 1836 32838 33880 19182 21997 23530 16538 10883 16141 23688 37233 25701 6804 4678 3819 38023 7431 7827 6413 9796 30291 34741 15034 36290 39476 17926 3116 16095 7339 25096 32648 13447 994 17949 34393 25990 10535 7796 19200 38194 11828 20647 395 37415 24423 5565 3804 22521 11610 15041 12820 18441 16917 13682 38516 34220 3147 308 19221 12702 37429 15568 3014 20163 37952 33747 36254 26839 4891 27436 25284 19858 14646 35992 1313 16219 29709 653 38184 35132 37182 3918 12105 22372 33829 25717 8986 5846 10308 32002 30156 11419 5862 10182 27907 4131 17382 38158 6925 26052 2106 9330 8551 27974 10741 28601 15328 4650 34707 20781 34672 34714 1012 9490 22943 6157 33662 6782 26467 1276 17165 7839 37302 12878 20109 9576 22279 37867 20013 26288 29911 28202 34392 11461 34009 529 2197 64 12840 4340 30646 14571 39902 22487 10153 30164 12091 24342 19057 24994 27795 16634 26576 10449 20736 28555 20167 15995 18211 12859 35442 7725 29700 25982 18089 16542 39730 21008 39943 19473 13434 13773 16580 30170 7106 23709 8 20528 28511 25354 13536 32380 3679 37994 39105 33240 10184 18159 13722 18060 72 12954 24820 18363 11571 34045 39100 34673 10000 13662 17086 33152 7399 30654 37150 28058 24623 9477 1455 16372 20111 12951 6937 16916 9917 20458 5749 12497 22557 9134 35267 28609 32960 30951 31079 19297 2556 10941 30411 1495 19930 7775 5068 37921 25685 32840 24181 10595 5936 32905 38218 6359 1783 15180 16390 4832 3627 23384 8005 10970 1585 38392 33839 7678 31658 30967 4108 23575 29660 3370 26242 14017 3812 24188 16717 6781 682 9509 34249 39755 12286 25708 38455 4653 24480 12793 33606 38856 20189 5265 944 10546 39038 8695 13636 4469 24301 26003 1317 33421 14768 21128 25788 39362 6916 26194 33418 25823 6003 11475 13810 28184 7122 33281 20881 38286 9999 9312 25222 39556 29538 14465 17532 21832 36807 27191 6200 28516 7096 13717 30037 11178 35437 14665 33764 20500 12232 36790 24944 34566 33304 16708 9818 8916 27362 29855 5811 38300 4218 5897 28295 6607 30101 29226 24832 17506 14714 1957 39065 33458 23845 25329 16044 6535 29837 38911 29067 27142 35517 35935 37014 37108 18564 38314 34635 25116 7718 4525 25084 3244 19757 9613 31314 3823 12207 37603 19632 18825 32751 20563 34108 17776 8239 15682 15632 9546 21838 33574 13503 16578 37454 36835 38953 28360 20088 32 10490 8541 23378 6099 24276 4793 20441 28726 31967 27804 32107 26661 7247 10574 34586 28712 19738 10151 1792 13227 17379 30680 2388 11287 8250 14071 7139 1386 27462 18066 12087 5527 22060 39080 21366 36734 32039 6586 33961 15592 498 3878 3964 17873 28723 27 14466 29710 2138 20266 11385 35513 20669 16138 39710 24366 24728 31893 14911 31733 17576 24597 20020 730 28615 37863 13250 8388 1009 11171 35719 20696 125 21821 26326 21193 27718 20126 2059 774 8911 10138 2091 29251 22994 37344 34376 8446 18886 17500 11016 35905 25859 6130 34596 23427 5815 24801 1459 15698 22456 9469 10791 19570 34292 33923 4232 15096 13333 12011 15679 35857 8560 2881 27082 13368 36329 25345 27726 28151 34591 34461 20496 31438 19893 18535 5545 4681 1578 16070 6275 4259 26099 1951 8519 35860 27413 25835 26063 22300 11440 33491 37173 36717 29894 8860 37842 8628 10680 36374 4276 30429 32072 4868 24222 101 23651 12293 19446 10865 35678 27495 10365 18901 36842 4928 16911 4000 22996 1632 33266 24603 24884 4487 9555 32035 30696 30975 187 13047 36300 5065 4295 5349 19962 25824 22322 17191 20395 38432 16543 1423 16678 12272 10005 27497 23943 29301 26460 29404 18369 16104 29409 5787 16164 14186 9617 34993 11980 19768 37207 11010 12502 3635 31655 14257 8539 31374 1014 28693 20516 38219 12500 5195 8546 2246 22678 36921 30218 4374 37870 21448 4380 19712 1554 37048 16711 8285 4539 8713 24648 8720 15786 14669 9084 31188 11301 7105 2674 1282 24315 32711 2366 31995 15826 9567 13501 6598 7 32538 1057 21876 8559 32912 18442 21445 4919 37367 36292 30647 12140 1154 18235 1267 19050 26673 17093 18561 24002 19188 2853 31085 15205 9728 16039 14705 13997 22956 34730 13205 22575 16331 6330 10809 7525 7966 34781 28966 19061 29271 3145 37720 2430 24792 6529 18189 30564 22224 26724 2271 13720 24798 17065 14293 3391 16764 38977 32144 4739 39950 1643 36698 6749 25848 15808 679 10544 19585 22862 28452 26217 38943 15859 6640 15563 39294 38371 3018 38479 31568 39001 28923 21484 26612 34712 33052 35351 25952 1871 37248 14478 32854 24229 38337 31004 11580 6201 6039 35126 15631 149 6356 15067 7261 28023 8224 27846 3225 31955 8471 6690 36742 573 24913 33424 1546 14878 1734 21641 7195 24830 28461 4448 24787 37757 25770 7241 26143 29450 38909 29716 37330 6111 2309 23817 11983 8796 2618 11079 31869 20917 21800 31877 5281 26230 12955 3731 1832 23050 31573 31042 23579 37853 7900 36098 24649 34062 3772 980 4846 20221 34851 29189 24659 2780 15331 37286 34856 30579 7779 8427 20406 9080 23132 10463 1059 9939 9532 1145 15860 3478 10557 39126 30869 15521 38797 16831 38559 39764 411 6739 7348 2950 7316 538 1972 17888 30216 20802 19334 3567 24852 21602 26253 36777 36260 11108 16152 20825 9332 950 3080 37251 318 16798 28034 27235 30784 14656 29549 9267 19964 19385 31365 1888 14204 13228 5006 28181 18952 11651 21813 27496 5839 20104 12310 21691 24454 26871 17287 8375 24571 8350 15295 28145 26682 26496 10682 20961 15740 23608 39756 29494 7802 7561 30920 5438 35227 13077 8440 1079 38904 32315 22914 28230 23307 19723 2509 37061 17795 25470 1316 1740 20611 7239 5798 15650 13229 34456 17695 7044 31689 1235 25198 39857 35030 31907 20007 9857 28812 8386 22234 8894 15247 4683 37990 37100 25926 3956 19892 1688 28604 24485 34166 130 17381 13070 7408 29264 37508 22313 5410 24899 16016 32499 658 15355 14183 22927 6671 16526 3760 32762 38644 21453 15912 20848 6269 35117 24842 38690 555 39878 9896 39432 2675 3706 39147 2543 2855 9180 7997 19275 29946 37987 3774 315 16828 15070 29982 16406 4783 17399 36473 21830 10665 24517 7949 39765 3909 4137 5480 35859 23304 22769 6772 37106 32823 3483 22238 18926 12941 27573 38027 21900 31413 17335 12368 38711 4287 2457 1779 20421 20711 13774 22164 35906 39824 24263 12739 35370 30364 6198 24205 26302 35626 25813 32238 7314 8987 19270 28622 36920 20660 7499 32919 3988 18595 15509 20582 10109 18567 25861 21610 2928 3339 32148 21094 35856 11699 18980 15182 23888 11188 31353 23724 35491 20620 38022 20627 11098 19090 15646 3859 19097 35544 7235 2305 11281 39199 33837 12308 13116 38127 22869 10056 28509 23423 17274 29731 6133 26356 20484 17678 199 28439 23135 37503 1452 31104 31194 27033 10201 30435 22387 2695 1723 29764 13795 22814 1288 20183 17084 34925 12186 16724 30286 39069 19068 37396 12243 39986 27245 30371 19472 17552 30705 11366 25390 1366 39101 12767 13206 397 30125 13824 21814 20053 9381 36466 9363 21349 4428 316 31606 6075 11574 22941 12174 19327 32083 15781 14491 22110 21005 15062 3267 38696 29084 17451 9947 34445 8451 32044 25381 31268 28749 514 19012 16038 22450 19517 4139 17594 24080 27059 9060 32621 26706 31836 28133 12130 14632 23285 21816 5382 29168 37405 4675 38180 31998 11899 12883 20144 3 28996 18670 2679 15657 9407 21301 8765 16853 30062 15902 729 10162 14202 21732 39599 24645 38369 12830 7386 13043 39880 21081 27747 35778 14086 15436 18231 8678 1391 20807 20014 25017 12860 24836 31215 9263 22343 3855 30884 39973 18342 13105 30957 33540 33855 24249 35273 32059 9305 12582 27105 6389 31918 8958 38190 20230 24781 27021 33489 14720 23702 36819 19052 23798 36735 20659 36637 22774 22253 1841 15655 5049 14647 22813 29744 13443 9027 16271 15454 19071 16500 30767 27878 752 11599 35615 12935 12862 1887 36166 37021 38562 7465 34937 20894 2125 12017 18610 18578 625 9501 22529 23193 7382 29717 21761 31144 35280 14484 20623 22203 2073 29968 3496 12275 21158 11317 1107 14163 23730 31667 4633 22790 11633 18279 23741 36902 1123 14765 19899 24757 2730 17760 6941 23699 26184 7938 6370 12271 30897 11648 5211 36905 13725 23697 2130 12165 37148 27370 9112 5207 36739 32636 22645 9452 4631 17946 20650 647 18462 34767 25275 27756 17599 15490 21318 7338 33077 17626 27503 13379 25945 35840 15566 4778 28187 7628 25559 4985 25488 5091 23383 6283 7965 33508 21721 13695 13873 9427 34813 14931 26480 39592 34419 28924 21146 17648 22200 37293 3385 7654 9283 4535 34808 35618 34022 15602 36616 18608 36032 18824 6466 9136 16315 26688 38526 2886 18542 24937 33207 1703 7719 31722 8931 37677 27429 9485 34988 15393 29230 7879 24876 18530 33784 23006 3535 12331 15512 35172 19681 23742 11109 37069 28763 6879 39250 6874 32873 6641 34749 1363 37151 13100 17580 20135 36100 23487 739 34252 33667 16557 21197 21402 30247 3906 11958 21872 34840 34458 20840 25919 17405 1225 3418 4244 32203 20692 17332 11797 14089 35759 22368 21488 6636 34123 24766 25515 22818 25736 31642 38984 32791 34233 17546 30628 26769 2752 20372 13564 37570 10892 34824 35995 28920 33422 37623 22113 18766 26263 23691 25847 8477 18716 20697 19501 36291 38612 39526 26525 32991 7888 1031 26001 18264 1425 23953 37222 16153 16663 29435 25013 11549 34518 6378 12877 3882 33782 14019 36559 22783 16802 30237 117 10987 38682 37794 27120 19971 35440 22970 14333 9386 15932 8990 1481 20071 28748 19569 3053 28339 13632 31291 1488 28356 7840 25384 6903 22551 2186 11421 11519 24942 16179 39862 12566 15697 15991 17790 19977 32020 21179 33113 39164 17644 13899 8068 37864 28536 33407 33904 26321 11738 2098 10293 35269 37467 33742 37665 3653 3252 4797 33445 4080 15559 35279 14470 36339 26926 4210 21902 27859 22030 25445 26163 4598 36756 31898 21310 331 11323 37337 37424 23988 7825 8044 27653 38592 11996 13000 2119 13327 615 227 7396 927 13970 22045 33167 15202 24096 16763 24247 20635 14383 13472 56 17396 32859 22150 26036 33457 9170 1942 35215 10470 32014 16893 2824 28431 37783 16057 27089 37466 8325 1216 4917 38036 33166 6544 23059 15175 33168 24768 26988 5462 8450 5228 20431 37475 35272 12198 5686 14070 13329 8226 21115 6034 35916 8316 7612 10584 3580 22986 20338 13202 10790 33822 31979 37084 31775 8809 28672 35538 33174 29928 9463 32377 8362 18187 19395 33326 30410 6027 32976 38030 16108 29300 17239 28351 35559 23984 21523 21662 12109 37249 15320 17765 20234 10013 14150 3780 1102 38206 11470 3347 19435 11655 17129 21907 8775 29786 27365 14436 13532 10397 21558 32858 6982 30522 10087 2943 13180 12201 6669 8833 20355 21941 35537 26015 12128 19457 8827 32050 11035 33359 502 3968 10256 32359 18654 23103 16018 34657 11384 33322 36571 24926 18810 6971 15886 37325 35320 12362 16077 37651 36310 19031 36532 18300 19358 294 8586 34855 8458 17531 35746 9309 16291 9018 23902 35029 32708 13284 18147 22596 38710 3071 26043 27607 12018 33552 39043 29574 19724 16703 4236 25253 34799 31897 17482 30930 26970 11018 2490 26059 13886 22451 34541 7556 34205 35923 20226 15967 9493 17688 18197 1648 23175 7518 12659 25599 5764 15899 16897 23134 32452 15947 2360 38670 39351 34223 10632 15236 14000 34711 13357 32818 20290 39607 38454 24307 29224 3723 2606 15854 23543 10 8543 17808 27417 34329 33089 20780 38471 32895 7162 11921 29815 36017 21118 3656 13439 27034 176 38129 13977 21675 371 15728 36944 30198 1720 11308 5771 6329 25812 39011 10786 30106 19685 36741 11570 13187 405 8974 18631 19783 5934 8675 5738 23428 25546 4532 16196 2900 27537 28386 12233 3305 33693 9067 22349 11458 25339 13481 12947 36810 10458 9975 26941 2876 844 28237 15471 31461 8441 16154 7160 14213 10849 13139 12869 16982 11374 30280 37343 19486 24109 26687 23320 16954 25412 17407 11590 25790 2433 22081 15078 19759 31559 3950 13630 20419 9181 15254 10654 1799 37092 21067 28306 17689 29321 7889 14376 26469 36517 18048 5069 14169 23494 5952 26216 24742 29191 39529 33091 12590 18846 5802 28874 35807 38738 4162 7976 19322 2210 28400 2912 8212 14153 20410 33242 31011 30314 24865 34406 38597 23262 17712 19330 33812 17896 11346 28381 5531 25647 15370 23074 27786 17563 38803 17657 37267 5295 2017 35674 8238 32533 10076 32279 34128 144 5652 26552 1090 36274 10438 3407 13485 3411 10623 19591 1111 30553 7640 17273 38034 9070 5433 38834 17456 15812 12537 3231 9358 550 10969 6072 6433 28416 24554 19707 9262 22948 18686 23213 29498 7979 39743 9794 25241 12518 8686 10628 3381 19807 31203 3719 17922 36226 34584 30432 1126 33390 39204 186 18073 26068 27836 20214 2782 15208 39998 10334 20035 4006 9409 29384 8688 30781 2473 14105 23495 21696 9674 10662 36046 38807 15183 35206 25738 15481 4668 39865 12111 3257 32631 13014 24446 6983 2611 27144 29193 21524 30390 31340 36899 9270 1535 23849 16270 37904 30465 13759 24442 17308 3672 19549 39284 23424 1006 33222 2144 7164 3896 33956 745 31665 19427 4627 310 9048 7743 30158 32179 978 1121 29891 29818 12718 25706 18801 36314 31183 5409 8932 1050 36090 26192 4982 26131 28109 12086 4291 7376 1695 10619 24425 34742 207 35362 18447 4199 696 35934 9429 35630 7506 2787 34965 26270 9024 33610 19196 14514 9778 20084 25334 31226 32632 15380 11361 39892 26414 2777 29244 12845 2683 10774 8724 31768 30602 9705 23911 23330 26010 23457 59 36911 24404 34525 37581 23923 10178 13328 21264 21543 35748 9190 2882 39119 3600 23840 34728 39719 29380 4404 21139 32004 17347 11138 2521 35115 6284 24001 666 1560 26883 10929 36575 8962 4573 29641 38456 22850 3608 22691 38966 37159 9606 7286 34701 36133 31418 27218 2302 7023 23143 14915 3465 12889 1611 9615 17829 26415 25264 8544 8173 31611 28314 3287 38955 15330 19680 2219 13483 6909 20681 9961 23506 17679 35866 12849 7665 20149 38114 39757 4865 6136 884 5428 15931 11587 9869 415 29041 27688 19559 36712 22353 17299 39970 21554 35343 22611 17217 39313 34899 14872 28412 24260 38938 32925 14229 17877 13361 29525 11409 14633 6188 12686 32434 32866 31423 12834 25758 18750 34549 15109 16627 14839 14893 24862 19072 37707 31400 9473 29706 4562 10541 2890 1049 28975 20754 21799 37175 8670 36107 35027 34245 34575 5732 31615 30426 4862 39518 777 15012 12336 32211 6623 18448 36578 25640 25218 3283 18663 30063 20814 28384 2424 34552 33135 14139 25064 22162 12640 22147 23665 23108 32864 21614 1923 36857 38988 2793 983 27834 24562 32917 12009 18168 29145 32520 18572 22934 11200 14887 1387 28521 39091 16175 15006 4114 16718 16506 32845 1596 19407 14001 6360 30367 30934 303 20817 2243 2800 30887 23426 10885 33528 34256 16427 13785 34956 35747 34265 36979 6881 8939 33917 11513 34535 16047 12741 15487 27468 32490 13557 9286 10377 20533 12528 11898 1042 18895 1609 8400 11263 26332 18393 37183 9693 36182 36328 17743 28564 16959 22126 36595 13788 4282 39120 22014 23989 14523 9167 26088 32216 3826 11412 13 32374 12158 27124 9168 29473 24591 13473 16768 37141 33617 25727 24026 30246 25417 34578 1567 33470 2532 17262 30019 14713 36531 28256 31256 32551 3192 3051 8168 24570 20556 31155 30439 6809 21165 13283 20739 8647 1588 11123 14728 16882 5360 29518 37470 7772 28085 24534 9285 35962 12028 14889 20331 6678 25947 30627 9102 30792 37266 3832 3940 32690 22218 12759 2778 5691 5956 2844 12016 31832 7186 32741 2851 17515 15894 37918 29712 23278 1038 19796 16955 14127 12239 15824 97 9087 37494 31710 16895 5559 17733 5671 39330 20494 36200 27975 31698 10785 6967 11706 5309 4776 32024 25407 20549 9415 36624 23436 31433 2901 33226 22130 12135 2946 39020 38361 23811 29064 15861 14405 35852 37869 13559 32325 5586 36465 38735 6408 20678 39416 10904 15127 3487 456 33373 36762 21720 9399 6736 31583 33225 8374 4285 4360 14789 28588 24586 31097 10125 4589 416 10039 23116 4058 21043 23301 28926 20587 22619 23813 5348 24879 7248 20558 9930 24279 21835 29 10434 16090 31742 12622 24922 13825 7031 9802 30722 27261 8236 7394 384 28246 31896 10899 31102 25818 25597 3117 35074 26528 7609 23155 13132 36429 15267 34353 8752 38706 1280 9062 3392 10203 19134 12455 11242 2270 15113 24799 7217 28366 17054 7188 32169 23228 17555 1277 38594 17073 17861 17337 12621 7072 36376 22409 4603 13525 23248 12363 9800 23723 23640 7833 31043 24170 28690 19487 25377 2811 14826 1762 21961 25878 16996 29987 32370 21509 10905 38520 19695 3652 9806 26902 8294 25118 24185 19875 7309 7095 156 8780 24055 11088 3564 27220 3149 30394 17662 26008 26898 19070 7486 6988 13895 23746 18995 33376 32955 4957 28589 8914 25289 32446 12726 15929 35953 8582 35093 38772 19105 39994 5053 3185 22399 2495 20888 26169 29903 22356 7211 2396 12750 21346 20018 9327 26031 21070 2978 27958 10374 14065 3523 20252 24439 565 9877 20475 16482 35808 3949 16180 3579 28831 37895 18169 19136 37397 10898 5609 33395 18829 10339 16575 29836 22173 22047 593 21080 6872 30895 22656 28114 28813 4416 1500 7268 27170 12742 29159 3333 3156 31305 5085 13760 10049 18079 23263 36101 23240 5954 16796 24013 6407 13519 6040 29515 13113 33112 2240 39527 7756 24471 33124 5553 30849 19471 31271 31153 31057 5453 25649 35104 14088 12397 16469 36888 11009 11855 11283 21044 29969 26385 5530 26683 23065 2614 26699 20159 4841 26404 30592 32657 19252 26060 24861 33506 9223 6074 28769 25936 21371 37039 6856 15971 25628 30182 15073 24524 30968 22320 37326 33999 35981 23038 19423 37186 10522 9069 18398 13700 29735 13099 23962 25249 3204 20239 13240 16204 1336 27556 13178 21581 32776 37962 32060 38765 29356 37862 22665 6602 38304 38066 33064 750 31439 37814 30608 14074 7872 31211 5096 10165 66 17139 28751 28062 4654 28824 32184 21217 34998 19872 25025 22132 429 13758 25966 20400 4543 29760 1132 36435 26542 1420 28902 8366 21463 13731 37896 7404 33436 28936 27011 3427 14291 4768 21627 27578 6907 33555 5252 16549 31679 33893 13609 13175 22453 33231 35330 32199 12349 10641 23471 30894 39877 27828 35987 233 13391 29653 15085 29923 37028 15378 10554 5109 36871 23995 1808 38123 4260 20580 24483 29186 14778 12511 28910 21062 30538 14140 16287 14479 39801 35200 10261 17040 14123 31166 7114 12729 25317 6486 39223 29180 24500 26638 14703 33544 5973 34258 39166 38617 30039 16918 13900 2733 3970 11922 37533 3470 8326 14493 18161 28958 16915 18255 16312 2607 39288 1211 17505 14445 17554 15552 8534 743 26403 2874 35419 7428 38148 21161 5907 27401 24332 24354 11751 10839 12448 29941 7911 26956 16252 10192 4705 33731 36668 14747 28619 17316 14134 19944 30545 36198 36440 17635 21132 35563 29160 8191 20913 34926 27961 38338 20724 19443 2505 19557 5799 22058 22667 31894 2891 21828 1480 957 33074 1165 28543 16347 32880 11340 31985 31333 1938 6365 14208 28630 30868 26454 19181 29459 9547 26660 11577 39165 32486 31707 31944 1404 10965 31800 4494 38 8941 27410 24434 33385 7101 13894 10185 11563 20031 33342 9938 30055 25194 9421 24535 20522 38000 16550 32053 36007 35876 39132 32957 31179 18002 3004 8691 19035 3155 20504 19004 23413 5762 25277 11033 11268 9849 600 29881 11149 30682 6410 14918 3477 39750 37270 23657 28540 38821 22440 35060 17387 24759 21055 35359 16450 8787 19280 24856 12788 26935 13053 13959 37975 6108 11048 26580 33720 32196 10683 34815 14837 8403 18400 9058 25361 24958 8017 29961 33987 16871 5636 37620 5271 12250 10006 35599 17537 24328 4222 7681 25619 29650 38446 9636 1077 9096 12625 8260 33766 25819 24989 28480 35044 35969 11239 28797 3183 18456 24206 22286 900 5682 38995 12337 24303 22819 20194 17383 4861 4607 35178 37177 10368 37172 32780 20106 26379 17114 138 15427 30987 33249 1635 38542 24216 26149 39536 4153 38116 37199 37340 36825 30715 32698 15519 3159 31224 13341 20401 8646 28738 17728 28773 28652 25699 1731 29448 38800 36854 22776 39964 14700 9889 1289 30450 1460 10408 15676 12112 30954 29867 29088 291 4592 4206 7868 2374 36987 28608 28983 8128 37413 24351 27838 20207 29521 34333 19931 29096 22812 24883 36459 7441 22386 7155 7882 2008 12394 27800 31542 33620 16435 25413 17590 28474 34038 5715 6986 26532 22069 20440 23964 28245 3502 4695 32737 1266 9392 19121 14816 25347 27545 33818 31840 8067 11364 25620 10551 18146 3131 14370 16687 17538 25335 13920 7933 22868 35920 37988 24461 35744 30926 32438 25457 33293 7070 2848 4386 25934 22734 31360 24143 1607 35080 5422 22607 33415 28083 7156 31287 26909 28266 31284 19802 26006 8819 8989 8994 28806 12029 19650 16492 23895 13846 39504 26704 21348 6700 24736 5538 28974 35561 4901 39739 23173 1952 29708 19400 32857 27177 12152 27322 8487 26076 1864 4648 36796 18804 30499 38236 18736 12514 39641 23922 35193 32633 14735 28045 28914 516 5608 26226 32740 31216 11924 1368 35888 6438 25748 12824 29766 22077 32122 20713 30036 14171 12359 5891 12170 5240 29719 22861 3408 6766 24325 5720 7081 11884 20586 28239 36442 33273 19558 18018 11316 20366 21290 33397 7844 4570 22367 2147 25091 22230 33147 8988 12567 38527 37556 893 958 4987 4565 21498 35522 34409 23390 3036 16403 8198 11624 6978 8746 6324 8317 21011 26109 20287 12463 23511 2242 18058 13780 6861 8903 5169 31548 13763 25183 21893 33715 35294 19180 3788 39000 7014 34188 20909 18822 19481 27692 29114 15532 21987 39636 36102 6372 1422 9608 8799 19509 23848 30259 9563 19017 24838 27572 22002 37670 19347 24995 31455 27358 24084 30746 6998 2558 5631 6260 26405 26662 20246 14312 5900 36654 12356 18460 34689 30275 2113 7226 35910 6169 25165 38713 7729 4175 6577 38323 28962 29324 24539 33493 35591 34648 39109 10984 29275 14903 10690 24359 20480 27285 4382 10257 5926 31384 27629 17427 38271 37176 33973 26739 18336 34603 694 31556 16539 19961 23277 24618 35346 13975 32255 19169 35107 36971 5385 9979 5203 15550 25465 30085 6084 9885 7224 4134 11061 17237 24183 2110 28069 20726 70 23433 31151 36022 24982 865 39316 22634 31313 18115 11783 33684 32910 26475 2488 4530 5944 32517 39609 28972 32824 23057 25518 39468 28106 10816 32942 35167 33227 27025 7869 29188 18658 165 33298 22968 6152 931 1562 9767 38845 3498 38477 14355 9123 7284 31139 26958 34941 3924 31277 34686 430 33408 2633 33632 575 28208 32202 35451 33417 25951 36074 19240 12508 6426 17208 39506 95 30770 29482 39614 39247 17055 22976 28515 9533 19492 37460 13974 7049 9915 35978 21774 14589 14770 23634 28324 275 14212 22052 22097 18352 18973 38373 33106 11990 17530 32781 3375 10532 9727 35477 26729 32759 1268 23907 5518 37258 18406 37122 38004 20667 36060 25953 27984 29153 31395 12393 35404 10332 1265 35788 14801 23807 8717 21405 31238 25673 3576 15288 19340 8456 38216 30921 6448 20278 35464 22878 15072 34703 10448 859 9988 2262 27432 10752 27357 36034 19924 1978 15798 16770 26020 1072 34196 31585 15729 14184 9118 15613 35194 4956 38850 4942 34620 37000 31033 24123 21699 31716 14591 36388 20090 38892 25686 34991 10912 22781 5079 29828 18440 24126 28585 11349 39240 13194 6947 8255 37174 1168 10387 8192 9714 6299 15465 6779 3775 36860 38491 11474 4366 21989 7074 14231 13679 24997 9289 6210 13971 34574 2077 1206 12939 7993 22987 10430 27994 15273 38070 21090 39577 30168 15255 10132 34654 23969 32630 32933 37532 30853 11199 32696 12127 38409 33460 34883 37554 8725 28742 16729 35787 10847 25434 3702 7494 17467 30880 24339 24599 1290 13310 27008 2604 18752 7356 13966 13418 38213 33647 20882 28938 17732 29376 39012 37528 16873 37832 35296 37225 20347 5970 12041 13016 16177 15384 16657 31936 7019 38370 5992 1509 7407 18353 34030 24073 30141 29871 29567 6632 4105 38299 6542 26274 7489 37635 28179 29026 20414 3221 19048 20897 34105 13193 30637 37811 35196 22900 8336 392 2502 15475 24408 6609 7047 17586 38453 23882 23206 27186 13033 9135 30021 33143 9169 8101 4126 14545 37212 5031 18306 6635 22119 13839 16493 30814 19500 16247 10769 12682 30820 15087 25133 34494 19320 25513 35154 574 843 37792 39832 24518 6648 29892 29510 10962 8910 30915 25767 12052 4144 6506 13549 21877 4947 2519 6070 24991 17738 25246 37995 31412 39152 27276 33623 7264 38499 8798 23626 5704 24284 21125 19597 6551 36545 23844 18555 198 30832 10405 35694 5776 33806 20531 10800 18674 22695 14615 166 1891 857 18604 8463 25590 17593 13793 39776 38712 6274 36424 15493 36242 13605 17226 23561 34289 37977 37539 32749 16621 22672 13457 15687 38395 50 39664 1091 39842 9144 4039 34892 38058 30773 32531 10113 7078 33246 25009 10610 35156 30625 31214 14706 14657 32645 7568 18882 31161 27046 17690 13942 32300 18110 14126 11230 24473 18705 1350 16865 31497 23567 32048 37630 24209 6124 3480 18970 37822 32340 18603 33728 26323 25562 14075 29045 30008 30343 14024 22500 14511 11759 1483 5379 4730 15076 10129 6346 28475 14361 15788 29821 28352 32442 7048 32320 3884 18318 12107 11620 29688 36814 18208 34936 6683 15721 5923 14707 17176 14871 33630 3661 39528 4799 5793 25484 7784 18734 38770 8455 32463 28881 24602 25492 31299 32691 2814 17828 31128 30942 28218 32333 23985 18225 37976 26809 19571 3174 33649 36713 8407 28678 12916 4191 23650 6253 35009 11261 34777 27610 27730 4839 11934 33329 2896 23799 13875 33031 8604 12195 20077 1785 4018 27866 29207 18347 15811 5473 37892 1896 25803 18971 22148 11730 1795 2224 24951 30430 18651 33069 16528 32398 10517 11821 7212 24897 1669 14382 13954 38883 1661 17085 11262 14841 1825 22011 11575 25852 32684 16716 2382 8467 9989 3247 37790 33974 23648 34495 37925 35921 7952 12202 8738 16169 36142 14818 26328 24977 38019 21818 29228 23642 35568 10189 26137 18935 6484 19881 35887 38352 39268 34081 13312 20267 19705 14987 15749 6613 19430 36240 21209 32121 3630 28377 34243 27473 2591 4069 12998 14817 19160 21899 30932 35512 11062 32820 38241 12887 27237 39631 18206 17891 38716 20849 37385 32106 4983 38177 32948 4757 18234 31592 11871 24712 39003 8161 6667 31735 34695 5082 39965 21261 23347 7352 18928 31636 16847 9155 20656 31157 34785 2710 2051 20222 31879 39821 37052 27758 9268 30326 27291 21452 94 5552 9051 19952 35532 5656 377 32272 22272 14042 31520 32943 38962 19055 21934 24827 7360 32336 36341 22613 31495 21140 35918 8654 18164 29679 34167 6221 26557 37675 23596 32729 38295 15123 24030 32543 6011 27336 23367 32239 14808 26173 5556 27805 4541 30358 28064 10406 16862 2560 4325 4660 22757 16584 36682 4256 9366 32640 25792 33177 25846 26124 14072 21884 10819 286 31651 9368 3752 11917 33012 16145 13901 21738 10894 32978 36876 670 7633 10240 15311 24302 18099 18457 30166 15981 22088 5381 15037 28283 21539 14091 14805 24022 37902 32075 36609 33320 762 30282 25392 3271 24600 15818 26770 25507 19749 8223 15122 27540 17596 21739 25063 23179 14549 1130 25319 27320 13198 28658 133 23260 10086 1909 38784 38322 29169 22040 23068 20893 8381 6495 8023 13426 31266 30211 39917 1181 3045 10287 761 33429 17950 37105 14607 14136 26005 8151 15149 28565 31107 16014 22489 33707 1612 15607 17431 37744 8194 4755 27428 38437 37078 39176 34215 20394 36480 13313 38969 1572 13013 24917 10827 26051 7068 17365 30960 23613 20670 5276 7482 8438 1355 3085 7123 22759 35792 11193 22403 36400 6664 4941 4795 2927 16701 19608 2453 26126 26503 954 15849 16272 6278 19258 6674 23323 1069 680 28253 36461 39342 4477 9304 27601 5757 38641 25911 10866 21429 17664 15379 17433 5354 39361 20187 16880 38824 26282 37062 1076 12131 36147 33723 38506 37681 7200 17243 21414 3171 14788 33297 16230 2435 30605 34052 5908 10141 29015 23 28074 18519 3789 23420 33439 17562 26517 32153 35706 32688 22864 36415 14791 35901 29194 15806 2343 34629 30735 38044 34984 25615 35789 20398 26979 28212 15538 24547 21478 33130 9206 9568 22681 6093 18407 34698 38560 5125 17466 24355 19198 26235 36662 3862 31081 39161 7198 21865 17878 5055 32687 37305 28992 28590 34218 8794 39071 37515 4605 20855 27280 17030 14421 34914 29471 35764 29179 29037 17591 37485 22175 14280 23663 5257 18830 7728 13848 25157 1727 7934 19584 28937 26144 5860 21113 9279 5733 36219 4145 15351 11802 17797 30982 30819 35255 18494 20272 30213 30270 497 33111 11836 5710 12408 17303 20803 36227 9121 31968 38649 4819 24776 21592 24669 10691 29588 33243 3137 12776 1032 23164 2180 5075 2265 2786 11619 18007 25459 17989 10004 15165 10274 11030 18111 28430 33767 15666 27055 17633 27000 24621 27071 30493 12970 11702 12273 27510 3834 35410 1410 29704 1932 19237 39640 39543 9656 32466 20547 11093 15452 24350 28639 7773 17966 3677 28758 22382 3870 18692 7526 16908 11693 11073 16767 25704 5987 18204 15920 29721 23684 8206 5150 17729 6057 5412 19816 34863 36490 2163 28846 1647 17392 2593 435 15065 18322 14512 16029 24683 39215 24885 38089 19960 28949 25135 15986 23772 36213 35417 33190 11911 32115 21461 3495 9618 35738 31197 16728 37358 2897 9916 24187 12115 25452 16622 3917 27085 11368 5311 25929 18586 28674 26905 14580 35400 784 28777 27364 28273 16740 38048 8576 17280 25650 13958 31715 18149 18575 449 6079 32274 38083 16417 14562 32639 36037 13646 14362 16060 7989 8473 20381 32945 21836 34957 26105 14540 25890 9468 36600 24232 31962 9685 20456 27311 6618 29106 5914 3637 29005 18881 16137 12420 15409 39510 27623 30992 33146 32248 34632 35843 36273 4253 11932 9457 38639 30298 32319 38717 19550 34734 28359 25849 18909 26254 15179 37930 30761 20223 15834 13235 7117 38484 21621 29782 37997 13729 30834 30244 35531 16656 705 2036 17910 9969 20100 13005 28036 36703 6123 15685 4262 7513 23363 15821 13390 33589 37576 18298 17696 19082 25054 25714 34787 18642 37989 14766 2850 35364 5356 23646 13404 34131 14057 20081 16442 38789 27811 19954 27705 12923 27333 34715 7569 28559 36820 780 16051 11056 14452 1961 35432 29842 6682 31069 38752 24357 28236 20941 35903 1231 29762 36906 31721 21892 26513 17705 19382 33832 10079 3494 7736 29298 39346 35204 27969 12870 26636 25569 23633 9117 13035 4546 15605 2487 22189 5239 8033 1533 3617 24172 38818 31695 20457 28127 37934 21714 23635 27256 18516 25043 2547 9113 11867 16327 27807 26899 17340 30319 10290 16919 1919 18334 8909 37418 23846 32897 27739 13150 10264 15425 10219 24880 17822 532 3101 25897 31648 5867 21370 9691 3736 4155 19290 15132 23614 6733 14526 24394 32292 29417 29767 3839 6050 17029 24436 33912 24735 22650 38568 35187 37407 13826 37771 15160 36276 33279 34006 4774 6020 386 33381 25594 35762 31852 27707 25227 28696 14010 26933 23717 11826 8923 20092 35897 11791 35550 26776 30169 32584 29632 26136 289 23012 36909 5670 29656 1335 6999 13506 3528 1074 15940 31320 37366 29167 30791 29551 29310 37767 8782 25705 38739 33276 15129 38554 4113 4269 28402 16225 19730 12832 2660 16792 16031 36387 24804 9004 7071 28626 7021 4455 23672 11219 26018 5870 4442 34140 35813 27068 4825 39136 23310 30078 15683 28877 32888 27091 16238 3001 8330 35379 38629 36815 11800 26932 965 22654 18309 12735 27654 30752 9536 22632 31476 27858 9199 4863 21886 29125 1683 22141 15399 16285 27265 33648 4214 12821 33236 20653 35854 30372 34554 3866 15461 13923 9657 23759 18936 5248 36912 23815 32058 30620 17247 23949 20028 18221 34037 36263 39537 30151 16991 9759 23749 34588 20305 38661 31773 2094 29090 30720 35282 2687 17271 33537 15581 29654 28049 32118 24713 30197 16024 6497 32884 32154 20255 22732 13533 1232 31145 30810 31776 4190 12069 29103 30547 3285 39966 21457 14063 39715 10661 12655 39519 12857 28248 37723 31294 25920 13529 3316 15634 22738 8942 27664 35101 2999 29287 278 18534 39221 2387 7939 25606 28471 18609 26247 11157 25722 17870 15234 1898 5454 5279 23464 35565 33703 28834 8735 36582 30758 29763 14111 15013 5290 31906 34232 21993 30566 16640 9412 1376 14618 30402 16950 1924 36822 4059 20281 21736 29069 36986 5808 8176 29092 15482 35865 879 29723 34678 10015 10107 14272 31491 30303 5760 22893 27065 35743 16163 15306 25129 37257 22355 13821 12282 25826 22346 10231 16102 4669 9120 11804 23939 38405 8748 18411 39368 22019 36917 15272 31580 35347 2131 36889 22572 1261 16856 23249 21806 9524 39497 31741 20749 34602 38013 32715 29109 22085 901 33554 2293 1088 28792 24545 25112 4626 7485 2976 31851 37289 28977 4412 24 10194 16548 39845 24568 24248 2184 39774 24721 13513 6143 29061 32395 33848 3064 13097 18697 26115 21955 18207 17361 6391 21766 24574 7298 38288 333 22891 36191 18844 15785 364 30796 9072 3506 39923 21317 35472 27402 23317 15097 29876 17789 2211 8753 13270 8864 25344 15099 28119 1983 35147 686 37585 2153 11675 13979 2775 5237 14325 18703 8253 36307 10624 17925 19631 10160 11529 7288 36592 2349 21063 25923 26591 38900 10348 10802 861 10679 39141 39836 27724 6696 2961 35817 8530 25404 27967 30415 29497 4409 21130 34487 31099 18677 16021 2545 20160 15024 14457 7166 12036 9559 24739 2316 2214 34823 5853 28573 19254 25294 23958 30734 37846 19956 32535 657 23607 13925 10386 16026 1624 3753 1854 33299 1801 2774 17994 16419 38546 6647 2255 33711 25023 21995 25786 32970 21052 8368 39234 21589 23851 9494 28528 7293 18977 18967 33126 21294 38722 22262 7055 14667 30092 7981 32742 12013 11616 31753 35949 9735 31406 21931 7146 39054 38400 23586 15686 20279 2009 38399 35088 14674 16741 25463 1128 19312 27138 20449 27633 39619 2249 13446 13838 19891 1237 30342 34628 19099 17210 14906 24821 24087 213 36978 7709 15582 32799 2383 476 13049 2763 20588 5831 32842 13405 23674 12942 7923 15845 34213 22142 37155 1659 2512 21358 36478 61 20939 4230 13004 21304 4300 18885 17642 11951 5583 11373 29426 24360 11868 19574 17694 23488 14776 8866 14977 1550 19194 11752 4421 33523 31249 12221 21709 20519 37440 38868 24784 10222 3846 8158 14304 10054 1870 38156 32601 15323 37434 25749 20097 11627 34165 33828 21326 4491 14185 35064 5355 27316 3121 1384 2038 7566 10487 33843 17603 29112 22446 191 3213 30160 2819 3202 19840 39188 21599 29526 24032 27112 15737 7896 5118 38683 24660 36057 24424 16098 36402 28290 27167 4759 19455 33163 29999 13400 24720 39538 5947 4091 36180 3557 38851 7676 39746 1865 24889 4924 3614 28076 7369 30058 4806 9787 29175 38939 37598 31913 35930 23032 12638 11051 14865 2093 20928 25184 13477 37357 33549 33442 30422 24679 10388 47 16344 37793 12403 19362 21353 16886 9255 37747 3485 32882 27559 38350 6808 34650 11825 18227 32283 23855 32923 31456 12779 35081 5651 8761 20847 5828 18077 37524 8751 4369 14223 32834 30173 15667 17874 18102 15367 16932 22235 424 23212 3028 12667 18558 6467 38756 16195 3507 10011 38703 9311 22942 32423 34323 37164 26659 22961 18793 29925 38186 34172 25564 9560 25948 15813 12459 4486 19298 22620 12927 39798 14004 5513 4611 1583 33932 18833 33288 26920 37383 2865 37698 11438 35727 8452 19675 2596 28614 21844 18842 2304 11369 23714 19294 22114 33802 20424 27076 1311 10118 27474 1991 20763 10371 39058 9336 15117 31737 10018 27678 30437 26885 14286 5664 33979 31680 35209 21259 2781 7246 306 14454 2741 7036 17321 15112 5365 29302 26817 33638 30879 5539 26386 4738 12898 32770 6180 4538 35259 22049 10536 2685 17860 5032 17061 35970 16556 12222 32597 6743 11236 33721 30865 32602 28575 30595 3206 22749 23899 30762 21926 1250 22677 9665 18538 26021 22582 11267 27612 32119 7310 28115 6456 36505 38012 33946 3468 753 23182 18702 7395 25015 27469 28768 23812 38628 16094 25730 17608 5469 31717 10370 35256 38698 29580 21328 30794 23827 30907 24859 33705 10148 19202 28379 22539 37448 10951 33618 9658 39370 24795 14399 29711 28973 34798 18907 13711 38699 14711 28970 39434 20192 28677 5898 19741 23773 7073 18896 14612 27839 29053 23573 30938 32247 16509 33337 3358 18135 10757 11065 28501 27531 34717 6522 20699 16199 12550 35692 36322 28232 13973 26725 5786 37932 37828 3091 36296 31546 2860 31190 22324 10508 10271 7277 39185 32798 30995 29852 30148 11537 27764 15715 38081 35283 20571 28641 38601 8342 37281 26148 13712 8231 38101 20863 29082 17768 2821 22248 22165 34212 33863 13548 26483 30154 19133 25868 18864 24705 5479 35023 4595 39690 16368 36231 19606 30335 9886 37531 25179 10586 30220 15708 12765 34114 3446 37493 29120 874 30617 15707 18095 10014 3178 35963 11593 39319 18673 33926 27346 10155 32385 34453 15586 6492 6954 15793 16088 2086 33986 27872 27770 6498 30143 27106 29559 4402 29996 15965 28659 7459 36946 7937 16101 32714 21151 29857 37584 26827 10312 23921 15075 24870 28888 28066 14730 10367 2835 13463 35908 14096 24641 14222 3194 11197 25491 26292 8606 18443 18290 3890 13832 35137 30551 24941 30300 12524 22579 6730 7194 36475 8567 7908 24021 28421 26283 21097 26634 36178 321 26473 30159 3165 35214 31338 30916 38766 20438 11225 17064 35361 23176 37718 27306 15315 18034 6793 33542 12805 24062 9156 10604 23883 17710 20373 22172 35248 24635 29341 36062 19224 29283 11945 841 11734 6029 39044 3671 13714 26064 15822 13268 39620 29924 34789 18263 10638 31206 1322 37561 10919 31827 30945 29602 37169 28980 3959 19165 23492 20354 34671 36677 29183 36193 11036 23232 30046 1845 17893 1953 38436 37766 1710 26355 25051 33270 6825 11927 28821 3301 24266 20374 1556 14578 26380 33500 14458 37459 26092 23339 4367 24747 1990 16143 7758 8925 20368 22398 13363 30963 11936 34507 5482 11295 668 30515 33165 30384 36543 37844 5059 11331 6337 15056 23361 32469 171 36010 38518 15445 4534 5019 21126 4007 32447 11074 10161 2466 24658 26013 16473 14334 819 13983 39198 7141 29422 39338 9882 3828 1629 14124 5476 22160 10150 11238 30241 1244 23216 32604 3297 35075 27833 20313 15517 4296 11557 14277 30679 3090 32764 30210 17475 14176 9694 12411 20206 26316 33633 30562 27911 18959 2693 10227 33446 8423 7445 13118 9841 6951 21633 2065 29666 21791 21265 1770 1906 17693 23113 842 18 25099 30260 34548 28594 2554 6716 32903 15768 22429 197 2566 18350 31910 31612 12930 19907 32730 1437 38203 26749 28286 3675 25655 25214 18035 19968 15153 11713 398 8327 34063 4198 35858 6436 17377 9866 29829 7577 9943 3490 33503 29439 31602 11987 10259 32503 33602 2836 36817 12480 11551 33321 34997 32855 10657 34397 4679 9788 30692 22227 20039 37907 36052 1634 16192 4118 9974 12324 9878 19469 19256 14773 18136 7276 21777 6153 31414 34273 18237 32611 195 22127 1052 39781 1600 32096 29268 26509 31558 25325 28848 36113 27532 30774 16644 13561 5857 16830 7594 16845 27823 28743 21706 3184 25174 18699 12607 17886 2817 27444 22 31524 544 18617 27624 9014 19406 15081 38705 7274 1163 789 37035 17036 16906 35687 4553 12379 3357 3783 31200 16596 2919 11320 37931 19760 34348 9664 38002 33624 12367 35271 353 19207 10806 10010 37680 14377 32682 26734 17944 38926 14046 23932 28162 35554 22285 14301 6059 7580 31080 32422 15105 31222 2546 14702 25933 21740 35638 4870 6261 23491 577 2465 16569 445 8857 4869 4577 34466 3790 22569 1431 26322 7234 12043 25088 32245 29676 1542 9142 29897 31376 11407 12396 31335 83 16692 3481 4306 31246 15268 13985 35220 29863 13129 7815 25648 17297 37586 802 15011 24864 38122 34961 4430 30057 4601 20041 4693 9176 20050 2115 6117 29951 2601 12108 27198 14250 26599 29504 12949 22832 35222 1988 12730 26751 2470 10207 36073 32485 14885 24175 9604 13020 13381 9034 12747 29236 34431 27762 25589 15618 6485 15889 18626 14386 14664 30140 38020 33768 4154 17481 9614 524 4643 20268 25549 36894 27200 31911 24486 18258 6165 27399 13467 31843 21263 36486 18998 34708 2347 24340 2397 26488 37369 10486 15495 22791 31132 224 11698 32681 26792 9402 27069 36088 15188 34579 26073 35025 10608 7798 9350 12635 27704 26195 12727 4908 7419 39212 8065 7144 35716 21992 9871 22354 17238 38556 4068 29185 25107 34176 22493 25115 8676 6942 8511 17269 39400 26757 35085 35 4613 26959 14121 15588 20974 34370 31315 23825 28393 30626 11251 3853 33431 7922 28027 28455 30094 9017 30657 15642 16671 9859 35529 31638 34637 14305 12909 16705 6813 36157 15270 17154 16976 24502 37093 12025 20813 30521 36171 20990 4023 27331 34826 6524 6758 26273 13067 18621 26531 29920 13140 28746 29865 19403 37818 13170 2390 3258 26622 13961 21971 38646 31168 21897 36976 34189 1940 38452 34590 33049 21404 29851 8144 37857 8579 35936 1852 15198 546 31113 17415 29278 39386 4196 24395 19813 472 39326 14443 1967 26222 25843 20562 17918 26847 22843 14894 38318 31302 34482 26667 24646 18666 20610 32932 31509 35463 32530 15695 6863 26083 37163 33596 27895 39424 22393 749 19625 35164 5778 38017 221 38963 6493 26943 25976 31332 31709 23856 7753 11732 36878 35800 27908 3806 12247 15285 19418 15633 39643 12783 20645 9924 9491 35524 20057 12173 10275 28638 39658 34303 38291 39131 37858 5161 11004 21538 12439 11233 11128 2103 27628 3167 38132 6366 10278 14777 34267 9822 330 36481 9945 7077 11336 27063 13995 4505 3023 19033 6138 23245 35504 18924 24492 15433 12851 616 7578 20861 37986 28483 35135 8626 12276 15486 27916 35449 15019 38547 4094 35308 6241 19150 35210 25985 37897 33526 16458 13169 32041 4913 2027 24869 15873 22041 39606 10934 15453 17568 28955 32920 39698 18532 3963 5017 5071 3348 15158 33671 38688 19616 15992 35232 35853 12634 25939 14393 35302 30072 16498 5716 3712 38435 14644 23425 11894 7383 5204 4791 11779 16648 14810 8242 5297 2480 39576 28847 31817 19721 7058 19664 6626 627 30530 7341 12546 32244 15235 14592 23710 31534 24091 9554 29190 35152 36749 17011 2696 16505 21257 15747 7731 13571 35448 24667 18364 34536 28013 28136 29368 18515 2393 8747 31912 17144 6167 21258 23294 33562 8293 26695 5143 2425 29057 26693 29420 2257 15383 35019 10095 19950 29232 30030 21632 24114 27995 29451 6430 5567 8924 14494 15292 899 19140 7627 6109 30393 22202 33476 36799 11145 11070 24764 31121 37332 15964 16784 18453 21464 16937 27043 22778 10873 15674 19686 31789 8229 14144 6568 29425 33875 6452 26276 8542 30742 14120 39271 14296 29519 34422 34875 11809 1790 38854 7656 16683 38160 15907 30845 4726 20181 5844 15577 29151 3503 25533 215 14809 7289 12614 36676 20467 10228 36024 32594 20947 33346 1464 14197 17401 13017 1327 38822 26679 30911 12117 6534 24945 16840 15419 28234 3326 3368 22622 32384 14265 8978 10318 21487 27938 38073 4840 23874 30693 23734 32401 19630 19044 36656 16537 7852 21642 27062 14576 37754 28671 28031 16490 25378 24165 23040 26621 27965 17752 36164 7999 21871 11300 21256 4031 29886 29634 7585 38948 34985 16365 14913 39314 11607 15761 36151 39156 7257 116 830 25937 39137 15000 11737 33264 33652 4266 37162 37498 3542 38935 3107 35676 20439 9675 28284 31404 2936 20607 5633 10429 10392 8792 7173 25977 24167 29980 37732 30005 31148 28735 26384 9749 10890 22838 30011 35095 19793 14477 30603 5321 2769 35518 8918 31147 2024 25671 31068 38358 18904 26615 18027 27925 7649 37364 15511 11558 34605 17252 1155 5167 23955 36972 30365 1679 5335 14900 3597 23963 19809 36961 36237 1602 37518 38614 25042 14564 9631 13151 18662 3346 9515 14164 7836 6900 32301 31972 33160 3616 5009 5347 4580 30071 10394 3421 39805 3493 23682 30475 18179 21024 8114 1752 25415 14100 9005 22896 33216 4550 9660 25436 12383 31704 10028 25556 39646 34680 6525 27445 12483 18775 11254 29811 29576 33862 6875 29554 37438 18386 9825 26086 22982 32675 34254 31647 16064 37472 37368 32938 35884 12994 5622 11641 17773 27080 16690 18903 9518 30266 7259 29565 22376 35134 15141 34024 4686 23289 4177 3320 24875 33366 10133 20190 33382 15032 31075 3454 31829 10854 355 36221 25503 5649 18409 20499 35811 7201 11350 18490 11618 7830 2903 3336 14434 39106 7254 6637 23334 6144 30229 31908 32088 13654 2078 2191 18315 19918 731 25199 37555 28436 15459 4698 2552 7466 32142 37160 22593 30741 3113 11038 23666 23611 3833 11733 29888 30704 26670 35699 25111 26841 38980 19704 22514 21724 35428 39366 4939 35195 14471 10347 29262 13454 2307 36367 15700 30799 34438 1637 38415 8589 9873 8629 28037 35869 9357 1934 19846 10439 31747 2235 9359 11903 29259 18261 6969 22507 23053 16785 4812 32722 35751 33952 20725 15978 26811 21595 30271 18491 644 22600 28578 21525 23950 20643 23493 13089 20572 39017 9552 34750 14890 26588 26369 1534 33599 23948 28408 14588 11976 25697 21060 3254 35602 12530 24106 1041 19539 36725 1 31551 31521 26147 9941 35924 28203 39544 8917 32288 7638 14759 24327 18841 6831 462 907 36123 18305 38365 32613 29720 30001 32625 35099 9919 4671 231 29621 15736 26575 26732 36436 34666 4831 9308 21933 25871 31782 6041 32198 33041 20348 37057 36457 16409 34963 14278 38220 33543 4925 1224 8693 10880 36669 27648 3005 31050 21968 6565 6086 8690 773 313 19030 29622 33467 836 38391 22726 4277 23781 17259 3373 13517 29279 26937 27819 6507 7767 28673 31929 36483 12346 21252 3207 25508 14689 25187 24262 12674 5485 15404 5258 26208 36963 21942 1649 32236 33515 18100 18304 29960 23783 27212 6952 36506 35646 14248 23793 37689 18880 8093 27301 33868 33568 30871 16894 24278 30374 23443 39444 6489 11650 28355 12600 18359 1894 17645 38388 31964 19301 35238 9516 13210 12389 32448 37760 22225 22547 35234 9109 31924 15702 33613 34111 15814 7402 5499 29598 25482 39841 10009 13537 22182 13119 26969 5602 3655 32005 3670 29596 38029 18395 9042 8273 4808 21533 21284 26427 19810 19197 25426 6170 30863 5424 8214 15842 19957 23234 10660 27525 5692 21355 11097 6972 2550 9237 24370 2996 18120 14275 34435 26203 23199 26291 39704 21280 21969 39661 3524 22508 24156 24305 1999 4384 3548 20765 20672 6789 9770 14596 8806 10545 29802 38523 2101 4441 12559 34930 9396 39213 638 37254 29245 1217 22895 2330 5500 36522 5882 9377 25075 36203 22439 5672 7528 8565 13254 21962 10907 9646 13380 34183 21475 13601 6286 34890 30064 9174 16574 23133 11848 31790 13595 7978 30798 11578 6416 1654 22151 38907 35928 14867 8179 19657 30786 26843 17513 22499 4365 29545 8496 21786 20306 33859 9294 30176 2099 3042 5929 8830 29062 811 32457 9894 10700 7972 1348 14297 34611 24812 16412 20981 12478 21503 16392 20323 13291 21846 33788 690 34437 29012 12208 2812 17855 32537 32489 19342 14541 25834 36118 8321 34743 39772 13366 32558 28413 19413 8301 30485 3136 13888 26881 25538 24393 20712 8296 24391 31554 5116 32204 38329 27658 8813 22857 37479 27577 5160 26461 7921 24373 7716 32450 38386 23797 10960 23632 19326 25336 5841 18946 26650 32424 8573 22407 23748 5960 36733 9772 3836 5836 26859 26752 30163 16048 9652 30004 6931 2939 14425 31477 9702 19623 4737 25085 38745 18357 31629 17731 18850 34088 35098 27303 38451 19401 9952 17053 27287 33426 30248 7722 18191 21375 21359 27992 29002 27241 6771 20096 34469 28903 3393 28152 22339 6776 12000 2620 11576 19601 31051 4748 11522 36348 33965 2171 11704 36119 34699 34580 36802 16994 12737 1912 22673 14954 6812 25867 3102 37613 19408 32863 32898 17069 14863 24529 24162 11243 33719 35597 4129 26791 37700 27538 20430 2053 10090 10860 30717 18203 10045 28065 35229 2617 28897 4703 30811 20320 22290 11729 1112 16012 38141 16723 16841 5352 33219 24449 28190 30771 36395 20859 26589 32686 28593 19305 23889 2945 9240 36626 15414 35084 38234 5097 18653 16124 13565 13278 29306 6516 10845 30015 8402 17849 5884 25567 17727 31500 27290 9699 17199 2239 32605 33142 16081 12071 8705 15304 28930 13510 15211 34266 15394 13651 12386 28124 13267 2870 24121 8272 24696 20025 4918 9066 34050 3751 12792 33872 31363 1869 30537 12650 18795 39795 13157 34135 3282 24326 3818 5217 6474 2852 39344 26887 19023 36364 15942 13219 38404 33888 2650 25226 2641 10708 38110 30906 30336 35118 16146 35718 33300 23185 971 30574 22837 8190 26868 12910 1623 12732 36485 36700 21095 29841 36553 15137 28995 39814 17492 24112 29889 33085 3026 16936 26181 32516 9081 34889 31389 2245 10197 31410 15302 37346 29003 23335 12861 5139 13486 22808 33658 34480 8181 10242 10238 2140 7776 1856 22701 39638 21557 23645 4388 20095 2109 33702 18728 16215 26904 27579 13448 18865 36663 6434 21866 2990 33627 10931 33504 9375 17284 36029 19215 20773 15352 25690 7184 21839 26058 8207 6895 1728 38806 4440 7437 29464 19066 4600 34284 16356 25208 22334 4111 307 20685 12230 23105 9374 27932 2940 7564 16495 27542 25607 17422 20229 11177 20560 38296 5467 34718 17857 12986 23591 26642 33180 22485 8649 31052 23649 22947 22560 18818 27685 809 27952 26821 1010 33151 4885 35539 28334 4529 20271 21734 34143 4785 30969 30672 34198 28024 22228 11497 6478 39958 32705 18922 4226 24201 3871 3012 16998 20146 1301 699 27999 17102 754 6315 30222 7063 10099 32658 31909 4596 32177 5142 32065 29291 33122 6129 5421 24915 11325 4159 12977 9447 23616 29355 36412 14691 38878 35387 15028 29263 2441 32477 19580 236 16474 36813 21652 31116 34693 31093 39026 15216 12694 29672 9254 2823 38932 25621 14695 36287 27137 14244 1303 26392 24317 27347 21390 39691 32139 1273 13421 18876 39115 5420 36836 5707 23842 1307 33228 2983 35528 3613 38199 28967 30989 33609 31748 29292 24487 17457 23668 26044 11042 25499 38694 39948 26907 24177 9612 22751 38091 30581 12376 16655 28898 12515 3817 33571 39819 30187 28664 22406 6435 21058 5209 4964 12345 10306 33738 12535 4948 33354 39300 34078 31781 27674 13910 16480 23418 6125 28807 3049 22984 39369 33443 2582 31624 18740 6659 27435 34746 3621 11071 28095 19781 19871 32183 32587 846 16942 3734 38664 26445 1140 24516 28702 27047 33752 12283 7689 2296 39327 24808 10978 38660 13520 33835 23526 2686 31425 18340 19143 31702 27325 27279 30133 34623 37802 30137 25244 13608 12481 2286 16754 5130 3453 33761 3795 32509 23005 10270 744 39428 30557 16130 28911 20618 32628 14964 30363 15801 43 17628 37104 6706 9075 9651 1716 14172 20693 2911 38993 1407 16613 25548 39571 15950 13929 24014 19560 22239 14321 6316 19679 1263 14972 39507 20403 32562 3721 31260 5472 30174 36521 28486 6705 7951 19659 22936 29443 17412 39195 16488 11517 27842 17024 39522 15192 25677 8221 14285 15784 26584 18738 17613 36964 12251 29981 4527 16319 27990 22465 7391 12444 21192 14219 34149 22855 4072 9854 37940 13221 3010 5041 11255 23965 24886 21681 8594 28255 9893 9804 32277 15170 1512 25688 14875 27441 14740 7430 27426 39189 33823 5363 19331 37067 27620 10633 29412 11567 9549 26922 33365 24643 39459 17222 33254 5392 11084 21469 33067 14582 393 36366 10629 18616 4389 3260 10425 22055 5657 19311 21333 26527 8243 15203 24576 19272 11819 38098 34240 16056 14048 27860 28447 4731 22321 36469 28328 33845 29044 3321 31430 39913 11087 10311 19042 8283 32941 13111 36547 36519 284 32266 4102 14031 17934 9743 27535 1220 17075 5033 6828 12710 6997 14597 4916 20952 1633 32175 29908 7980 14904 2628 11250 7769 30191 8584 14387 36306 37739 8139 21702 25663 488 25142 14 37103 16027 33591 9078 38085 6161 23343 38243 17458 4820 34765 27552 25756 11952 34097 10721 12709 7199 24662 39208 1510 19555 28369 25928 26142 2669 21091 24779 8268 27042 36110 11846 29979 17179 16821 2236 22188 22474 23933 35406 5158 11816 21529 845 32285 39392 32346 37005 27184 12266 30931 24853 24127 25760 24316 19948 11721 30801 27752 39124 16470 13864 29848 21683 5507 4537 26120 1935 26842 24130 17707 2666 37800 29326 34416 30604 19982 33464 9435 10412 23144 24898 21507 4906 29814 16888 35114 19142 37678 32852 20069 1738 28225 20195 10225 35059 8485 36551 28297 3199 891 24509 20704 21446 36781 9858 27251 8795 19697 941 4358 26426 10634 16931 19663 9960 11191 31428 39627 31685 18923 31596 10803 5953 36325 33674 15572 16654 11141 16695 28499 36261 36940 19863 16660 27216 24365 15628 4070 15891 2513 11562 17841 35382 38689 30714 16420 10292 28502 29971 12520 27936 21242 36043 30812 9345 24275 33878 12646 33838 29665 38187 21420 23853 19191 5930 20944 11060 3664 38901 36281 33704 24948 276 8999 35291 1580 19085 12738 738 24018 20052 1802 8574 14189 28779 16586 38636 20577 20418 7158 8444 10621 6418 39063 33340 23752 14306 15792 20115 12263 19051 14783 4560 22197 22952 33502 2166 21717 20969 5375 4655 11362 35100 6979 27236 30264 35555 35610 9250 3843 24525 24598 26721 33656 19037 9874 30315 13133 6344 25216 25687 26419 38531 14007 12004 25438 25908 22123 13686 28705 5740 16721 1797 20026 8993 29816 20600 19706 27368 38567 20905 34938 671 4229 18900 31996 7464 36938 5314 15585 9642 31244 28976 14573 38563 17866 2341 27222 5801 12572 15694 37013 177 20955 32101 37489 38593 3894 22800 9730 35553 1667 32804 21790 26690 34776 1204 13737 23544 21760 343 21703 5859 14390 22515 14986 10723 17981 648 31285 7412 876 5886 30235 1323 16350 36926 29812 10512 15470 4561 37835 38975 18760 31036 34692 32983 1666 34421 4050 12343 39800 11838 38665 36286 4333 19448 34994 30862 10402 33309 562 10664 1537 9684 21805 34355 18718 37530 17783 17824 29516 7583 23758 21606 25544 16300 5302 21908 32468 5494 1245 14779 21506 19763 20837 30787 21302 1694 2719 6514 35375 28999 12839 21157 23467 37905 68 9719 9579 7700 26190 23547 15437 18983 12836 8112 19288 23409 587 35710 9860 28105 24722 10599 5551 38164 30697 16337 26633 37819 28707 15343 15091 15522 32659 21269 31390 10825 35205 5573 28460 34951 16431 24744 26878 18368 22511 15082 20998 10817 24094 6459 5703 28111 36161 34132 9338 31986 35122 6554 23416 19955 25583 25032 28711 27803 25237 5819 28685 12100 15675 37156 3967 9009 8852 38540 37917 19963 17879 29111 5447 36779 18421 27485 30138 23151 9207 23166 15624 30750 38270 18239 32077 37912 9756 16924 81 9633 29374 14339 7237 32552 1619 6595 493 23769 18415 2809 19020 26183 36089 39856 38410 7702 34113 11 2820 34523 34534 19225 34463 20251 26275 16242 21195 33726 18188 16363 36241 8266 22075 35726 16813 3431 9346 18425 34001 28279 12431 1131 17240 8399 24011 34625 14798 36438 4255 3573 20078 24992 12706 10555 14254 25532 25483 17725 18459 23450 18816 33094 33045 14207 22828 11106 20873 8165 21437 12803 36112 31383 25924 33468 29406 39022 14281 3275 29512 16864 28569 29952 16463 22802 4581 7892 24406 11644 23540 2071 33887 11488 37482 21845 33183 21275 37685 29728 25682 17850 26863 10896 1798 8295 11615 35649 8652 17834 34237 15225 3845 21350 14041 26267 6744 4501 3476 28990 14011 26825 24825 14979 14617 660 26917 4020 37450 12912 34509 6149 89 35047 4807 38719 39515 9405 5221 33882 33013 34780 22595 18325 35633 36447 19978 7216 29267 38847 9298 21562 3926 14732 23172 19849 897 39205 30725 25631 29950 32250 36851 17863 1329 29124 12432 13663 28343 26857 2810 3948 11919 20407 7501 12318 14258 38355 12380 37247 30858 20099 10124 18883 38416 1518 26049 27039 87 39410 7252 18504 9439 13684 19844 14842 32815 2797 38982 27217 27592 1713 19538 30677 29573 25750 8187 5557 16360 35913 12118 10971 35171 24304 4830 23341 24217 9564 3302 35031 36476 18717 7483 32414 11588 3466 923 19374 35470 39203 35941 13563 15529 5768 32650 27140 30504 19562 6025 10269 12194 26521 20682 3230 4642 10625 9280 12703 14122 4026 2624 15905 16205 20578 16743 28168 10571 32511 1482 1674 29771 15754 29611 6310 37406 33831 16583 8788 1479 8277 34261 11622 29221 36235 30483 17742 39572 12866 16713 9306 18252 39635 32704 27113 7358 21441 10563 26637 27547 21861 640 13818 33642 11246 39402 8481 1516 16448 23138 31825 19002 34664 13698 22858 37196 35338 6067 13547 9830 1411 19629 27181 496 11878 27051 13804 25105 23994 19171 24070 6252 2992 39611 19610 19940 16966 7873 23970 33162 21180 194 13792 16838 31041 39090 17206 35947 9498 23954 39789 25228 12599 25634 35111 36464 29578 5060 27319 1569 29714 22325 5083 18591 26996 12772 16273 33404 32213 3730 4986 12151 12136 3500 39393 13896 32284 4418 33042 19777 18109 3641 30354 38345 9991 12475 24794 1215 8171 38726 29029 29442 9551 39355 39339 19420 24453 8983 20033 896 1709 31496 20493 37776 508 20072 28309 26901 10940 126 15178 27416 33220 39995 19745 39006 8875 1686 29785 13247 27231 34543 1620 8464 18858 24949 23198 26221 3919 14506 14112 30334 20324 8526 9709 27652 24732 36685 21029 22771 37351 25173 5699 14446 18785 31488 25366 13998 10020 15941 11658 18155 11957 32093 35352 35496 2232 4786 22291 11739 31517 33689 38265 30721 29638 28941 16581 14881 36238 20472 26924 29161 8885 14033 26465 16531 37253 28159 18059 37572 15968 24134 28520 28059 26399 17814 17610 34624 34209 11469 37210 32514 28704 36117 39143 25200 36179 20963 35372 27464 19310 31094 28149 26835 12917 32011 38678 18999 1839 23350 12609 14489 15111 5286 5512 10143 10169 30447 11566 28986 6423 34471 5432 19669 5436 13606 15026 20260 29297 20694 858 1078 35020 21718 19214 24268 31498 11154 30115 12666 11876 27248 38725 28845 7995 16193 17090 22565 4641 33410 14764 39037 26277 24490 36360 5327 22463 32138 13138 4278 7093 30080 25290 15079 21527 17121 21352 2067 1210 19018 28731 27727 23217 13403 35958 28493 30593 32987 6139 14884 14566 37002 23462 38272 16455 28750 6786 24710 14951 39034 32194 32710 32609 27543 26985 16052 23243 25001 5931 6318 39040 8702 1774 25040 18011 35354 26252 34100 2351 19690 12113 36607 36997 2832 9538 5414 5863 26951 23410 22037 2196 23951 8741 4309 38684 22416 30641 26278 27662 12354 1892 1788 19855 8694 10230 35339 6556 11472 11334 29671 8313 5269 34895 17813 4606 22959 9981 17914 1451 13018 4420 37947 8632 26245 37010 36568 27632 34764 34811 32977 2541 11757 1251 6181 34658 28612 22708 22059 8760 30492 7473 30985 25213 36309 141 8003 27972 7669 11993 31965 14510 9855 15927 4715 11766 19046 25477 35497 36019 13028 8315 385 16905 6092 8663 26882 23365 8094 23718 8622 17193 35584 10521 10441 8397 26459 18184 38108 80 124 3011 27914 37712 18424 20150 28632 39014 13586 33787 34018 25691 19803 30481 39457 11453 12341 18289 17564 27973 19309 24330 11269 16666 14518 30505 31269 9751 17800 1269 32105 29949 15372 9868 26449 39684 27782 11332 27852 19432 7549 999 6297 13061 32275 34612 38947 19029 4142 32095 20359 18496 29391 29481 36452 36083 5809 5274 6103 23725 18175 23101 28932 16341 29768 21573 11190 26360 30708 36847 21281 7167 32435 6267 8282 5028 24616 6191 19951 22379 37338 9472 10157 9465 15145 13032 13155 12369 17268 21936 9454 25913 35397 4493 30119 22461 37426 4151 39807 32156 2315 34041 20868 35495 33433 26206 9630 34581 32180 31639 9388 25433 25399 14557 38072 6327 22642 34010 12492 3401 28050 16326 11918 26668 30833 27509 29419 22931 3938 23947 19273 17418 18557 37668 39598 26329 24132 10473 33327 23593 25669 12855 38968 12886 4975 20569 7667 19662 15228 24241 36230 9025 27696 33762 27635 20236 520 12234 30129 24451 23024 15426 27282 19212 13610 15201 23373 26289 12033 29505 31961 31883 16329 36694 525 5062 34074 38570 20517 5025 14455 13687 15874 6105 38049 3570 29307 22369 35988 14983 5826 6505 19789 24362 19356 23142 20349 31706 25702 6662 8039 29560 17575 6369 8532 3079 9483 12990 27700 38274 12953 22905 30612 34101 9390 19253 34670 33144 967 18640 35356 3610 25522 26903 28341 39687 1775 25238 15958 34904 32378 16223 11341 32087 10098 29564 27869 27979 7707 12049 18320 39329 2758 36285 17435 30482 18464 4495 11498 182 9995 35848 12163 31997 37588 26804 26831 27944 25942 8908 35824 32229 17612 8493 31367 507 11992 14385 1936 29513 36829 26178 33024 38795 20491 33905 18629 26311 3243 7623 8869 36484 32222 15249 15836 806 37477 3651 664 19884 33387 21431 24298 21873 20470 16496 20680 37221 4712 904 31945 30743 37511 38655 11671 9668 14606 6963 20809 32548 21306 16962 36769 19081 30751 14396 12716 19906 37929 1160 32418 30109 38324 34702 36795 17355 4320 10548 23908 1794 9760 12746 5426 33990 10502 35505 2517 12149 24392 28837 1382 34912 28304 8679 7425 17277 38320 6431 11057 14858 13734 11583 9883 6135 26805 32243 24815 29627 30000 19667 23628 38010 14609 28378 26735 29643 39251 21756 37567 20388 17107 4353 19204 7111 14978 1907 9217 31090 9215 35230 39453 8768 32557 12064 24790 28140 6015 8612 23785 7403 21840 4231 28844 17472 37512 36580 30544 26007 10422 8308 3088 22775 15373 4399 21682 14039 18776 11434 20972 19676 1689 10176 8200 33010 8714 25375 31860 36391 19383 16128 23381 16674 17333 19773 20130 14130 3235 16345 34710 15375 27478 37138 73 24105 22881 23770 22823 10901 29780 852 20249 18568 34978 9049 9082 18543 32510 14725 21654 38258 163 30469 4810 34369 21143 17331 24398 12300 21222 16222 12892 2813 37565 38708 214 30117 36009 31711 35476 39177 10254 25087 4064 26846 35771 29154 26002 29978 35850 28204 31917 21200 15833 37015 22863 12919 34295 38321 16947 30928 16520 17136 2199 7625 37891 38575 2975 7706 32111 19011 14416 4233 5915 29942 1212 33420 31530 23062 37938 23078 33137 27132 21952 8933 28380 28688 20197 18380 4127 37605 27672 18402 37742 7847 19508 3471 8490 34442 9881 3017 3994 3237 14836 2331 17979 21612 25286 24414 37202 18768 5475 2363 5528 23255 18124 18790 37713 19118 15690 23554 10808 9154 9474 17228 19761 25425 3122 7631 20237 9570 820 37204 143 8967 20984 39740 8252 37290 11237 32200 35696 13453 7701 11680 22421 22545 34913 10696 478 12863 1653 30836 13442 14528 31345 37425 38193 27945 10179 31465 38376 12829 19897 18292 39843 12306 27892 32642 5001 6363 39480 21863 32922 34506 9824 34887 11491 22820 8711 18061 14438 27670 20386 20585 15017 2023 4318 15601 38084 14583 28691 19135 11891 13531 7478 16262 24908 37839 8732 27467 23523 18828 32069 12404 15952 17409 35435 26345 29260 17056 22048 30860 21272 19161 35984 20795 18509 19179 15089 35519 26128 32454 15350 11121 3904 21037 19210 7574 13355 23112 6591 19437 23016 12171 26258 24505 16489 32270 24003 8524 7920 26484 28226 9696 34158 10605 27373 18324 20455 35366 5044 14537 10565 1735 38016 11345 39982 7411 36841 26995 32290 29395 29282 35309 15735 36722 36336 2949 26579 24020 39645 34241 33964 17434 2340 36832 7322 30099 22082 6718 23497 27520 8659 30580 33760 38147 14068 30212 7346 13135 38848 19003 38545 1545 11427 13869 24466 3903 18384 24741 20256 23680 22186 24024 14266 19600 27513 2806 22351 37220 10147 6030 12185 20138 17718 12506 8170 24601 27125 27835 14957 16413 5521 33313 30458 13578 27528 38050 5061 15545 25134 5628 30086 6259 33414 33192 10102 38627 12047 33755 6311 21689 3512 8408 13658 4651 10994 39797 22911 24379 3492 27734 33590 12681 14398 2283 9690 32130 10781 11110 14962 29500 9099 8257 28724 6543 37129 14786 12450 25487 8662 9544 29901 6666 8575 35242 30461 2314 443 36657 1339 34410 22231 1344 38207 20769 20745 2121 16030 26921 18180 8515 26325 29453 13232 17620 30389 6918 39139 8549 23180 26150 2122 2924 34910 12402 3767 32332 4995 22974 18370 34939 29773 24104 10796 9662 29612 26561 11326 16688 11991 27038 24283 33900 11404 32361 36640 5452 38175 39549 36362 15791 26765 25394 626 32394 37840 3791 7454 888 24061 38771 38879 12905 6126 4257 13109 16487 5837 19107 38740 9173 30509 3008 27777 24916 23096 34148 35299 27956 19832 26200 21778 38047 36993 32396 79 33079 39660 36715 24190 34839 28985 38317 24368 10188 17008 26997 29705 15858 29702 26146 7450 5640 37520 2493 38387 21626 28048 12731 17815 11652 23286 21978 1916 8758 36900 28296 20056 15752 1351 15621 30772 31823 14941 16956 17892 17962 10540 38385 39062 22139 15402 2248 38692 21996 1342 18065 479 7398 17941 7487 27880 28947 6147 35051 8075 32766 34791 9417 2600 30455 30500 1557 36378 21438 34638 22558 30175 12089 13862 20341 3329 11327 37071 13338 27754 33981 5966 6784 19076 33205 21518 12371 19381 33369 22042 27651 13991 5687 19128 4074 22831 26718 14379 17548 21178 1116 18762 2762 3873 27970 22481 35065 13272 9052 6151 35262 27197 13741 15262 35725 20476 27415 440 17894 11080 37018 12101 10822 37854 17533 39047 33154 11881 9508 26037 22419 23111 38731 11465 30444 35307 7030 22590 22623 11887 20045 17138 39097 27219 7385 5901 27395 778 3687 24569 4952 24774 946 11484 6388 36131 37809 23094 39817 25376 17449 21494 5152 15336 36869 4568 1860 4965 11099 13444 10953 9482 39682 39292 17032 29796 22093 5121 244 24025 21449 28476 599 29893 21772 24993 6882 35900 9116 4166 26160 16305 31718 7607 148 27208 24927 30520 36646 12629 29947 15926 11168 23832 1353 32003 25081 14864 10310 18003 26775 17342 2843 33786 14756 39075 6193 15555 36959 31020 19619 37541 18917 35005 29593 24166 32379 23549 14804 23927 38805 1517 28007 39412 26165 432 15718 1754 34396 19652 3034 1698 39495 29017 31247 5411 3521 3562 17408 15670 3077 35796 17128 20216 10127 12504 31586 12692 6603 3439 10177 10344 37442 21160 16513 6336 3530 15641 18982 13222 6367 21417 3649 31127 23190 23875 29825 356 27802 12058 32966 14643 5758 16735 7881 35112 27893 21162 16658 32717 32391 21531 3547 31337 35637 7622 21579 39094 34911 23332 30797 10041 24484 31280 32116 7185 5942 33641 34093 23043 10479 2792 21273 11164 6755 37749 20339 14344 325 32936 24947 25596 6393 6949 9085 33709 30428 29522 29594 16782 12533 21795 1835 5759 35741 17455 20265 10740 36413 32725 29281 16568 740 28391 18271 3829 13303 21187 34173 15895 16203 26782 8131 24214 27045 9110 16183 1297 34262 2982 31328 1791 27164 28703 26286 27899 4143 18481 25282 9326 34685 11297 30937 36608 20285 5026 33801 2612 4215 22064 4877 38204 8557 31591 23595 2434 1939 7983 12335 14712 12891 31366 1447 22736 22054 3546 9258 15954 35179 8846 11856 5977 26207 23873 36036 4826 14929 37224 19109 24851 9578 17184 21817 25143 20798 37461 3441 34177 7061 18251 17951 8431 5331 1527 9218 19656 21299 16120 6224 36873 30533 6442 12197 32334 11632 18130 27460 3516 32669 6936 7663 13950 21085 34898 12030 11259 677 38903 28038 15276 8129 8585 17627 37644 38106 25997 14670 328 28287 26065 19869 20294 9022 20707 33910 27030 12568 3841 5021 28047 11679 19767 9718 2986 14131 22027 23468 11950 16295 34248 2599 35289 27264 12096 36929 5883 6868 14784 23587 16731 21781 24495 3803 23716 1599 27228 37964 11947 26829 16859 13114 36163 9792 3901 28782 17078 35176 37243 25180 11845 19405 15303 27522 35494 5320 37959 38215 23909 2729 25293 32143 28531 4135 378 16877 25295 8656 13941 4473 27103 4410 4549 15039 6959 26111 39773 22062 31339 3009 6859 25020 33846 33793 12121 39624 741 37051 4385 17248 19266 20541 32719 8137 10078 38302 23843 12561 16800 24826 12137 4578 10713 14812 14716 9831 18898 24717 17371 19874 7240 7960 13674 12494 31691 10863 20834 6304 36264 37887 35213 11479 30329 23881 20346 6035 18580 4851 38804 5603 39273 5072 34141 14896 36284 36533 22725 1895 21098 28796 1180 19639 28172 7512 6403 15386 20701 4676 28409 7826 13365 38470 26420 159 7792 2327 21412 8393 1665 18948 16049 17473 8771 3972 37465 702 20700 19766 22466 35006 37941 20622 13953 36720 2150 35754 8727 9228 21022 36321 29322 1707 25281 4691 8391 25110 12290 36318 16502 12903 2035 38634 38510 13305 17328 2402 34042 10833 11985 10164 21850 16185 22885 35996 25627 15231 20993 11020 8355 8227 30131 38168 34283 12042 5594 19216 4672 2815 37648 25856 39298 29491 10820 26366 3773 28513 34818 35275 29547 9766 4133 37737 10303 7910 37540 10472 27942 3650 10051 9688 14835 35353 29582 39498 3733 22163 3563 4437 12874 25365 33361 22050 22170 1008 3930 11506 17344 6302 2061 39625 16811 24429 22614 27757 21077 23538 12657 15462 15595 2179 6539 28222 17875 27588 35017 10343 16983 20945 27253 10273 2152 25665 840 6509 17646 8244 31219 19873 17115 30088 31481 2389 12664 14358 37094 39422 31994 23507 9846 22026 30901 348 25379 13642 22056 25964 33988 491 31923 34857 26678 39429 7112 26587 6322 16673 22502 22383 4507 17160 30892 31662 30726 26987 18780 8533 27931 38042 39934 11933 10364 4492 25006 39706 28370 15456 28647 34035 1117 37132 24577 5261 8394 25270 24636 8055 17968 5888 21929 30441 21270 11546 11196 38105 27745 14933 22216 26408 38054 38741 18956 6320 19804 10071 15050 27691 35014 1753 25588 21860 22923 27661 11803 22090 9832 11988 23854 17619 18090 22969 33677 14151 35609 29162 39947 13488 25083 4049 33083 14898 39893 3474 23358 11535 30800 10168 10977 19429 12553 541 22954 32256 19087 35142 25521 8618 5581 757 34475 27269 23690 25151 28793 16144 756 16516 32782 9852 14673 39633 10206 23609 21667 15362 31690 29476 39015 17419 30025 38720 33003 35266 38053 38916 9316 20036 38112 12997 22259 15654 28776 17615 9000 37695 14829 14442 20794 29454 16267 32619 27964 27317 1571 18892 25707 13665 39830 1548 18403 11134 15016 29132 6704 39932 31487 4376 6306 12022 25978 25971 14686 7832 7522 21325 410 37513 32043 4393 4837 39084 35582 5736 13384 8383 6699 7097 22707 33062 3595 12918 15857 5227 27957 2259 28484 4176 25288 35368 11358 1421 34713 21636 3852 22688 29652 7423 24585 21571 39239 35321 18024 19834 24497 2477 20619 37916 23472 7172 32565 4967 4688 17779 8379 11963 11064 7917 18052 32944 30082 39127 7389 6076 23801 19286 29009 12618 21486 12200 16611 32337 4823 4411 5920 3895 38064 3809 39318 2776 37256 6164 34759 18017 24432 10036 19728 16927 35973 23149 12648 11531 26794 7008 1476 26519 22906 31319 30910 1976 10668 25551 7946 13905 32788 5115 21928 4666 34516 20534 29742 9672 16162 201 12675 21735 5876 23009 3414 12014 38836 9750 6920 32387 25519 25323 17686 31810 6593 11318 11139 27230 17587 33072 3800 10878 4647 8712 34573 28473 17959 3276 16624 25753 38293 28220 8247 15025 24197 14317 27708 25746 21609 11925 13831 4022 39285 11813 3309 18222 23122 16166 34570 12246 20089 21131 1241 13967 25713 39135 16597 14483 25602 21910 21395 32354 8874 9797 33690 26646 20906 32674 14599 23695 3908 20550 25000 19265 38301 15537 17027 21421 14439 16460 36661 12392 14993 17336 24783 28568 16738 12696 26280 27697 18465 7862 9331 11569 25540 31957 29931 1144 1859 22958 16686 21369 7531 28761 34760 304 35331 10017 12610 30028 14761 13386 12799 36945 1436 23010 28340 28710 28503 1880 33748 33057 37519 10413 4184 26888 19086 6477 5632 912 4721 12262 27723 11977 26530 38443 33030 20219 15901 28155 32997 6877 18294 24528 7003 1119 33084 17081 18589 6120 39586 8556 31490 31478 4363 12079 16119 33781 22676 30560 31070 16981 11162 9746 31630 29514 31501 3587 28535 38930 31369 10038 9461 103 28951 24970 30929 29955 7714 10093 24984 4689 6536 9925 18183 25670 20548 32352 31572 2380 37098 32500 5496 28383 8038 39024 3984 2472 4160 13168 39060 32502 28964 21601 11090 17033 18737 24401 9950 36154 4576 36474 18968 17750 34844 5902 30609 28128 25018 22993 6469 18323 37001 32784 23475 28450 34060 8216 33070 37834 16819 15068 11904 8731 9242 34774 16278 14056 10198 36866 24228 38859 12960 12153 38918 13504 24403 943 15390 30077 30900 8346 37762 23325 8297 25796 30423 15364 30243 21009 4878 36206 24515 38798 39046 18675 16127 16186 9967 4684 39036 4594 11339 5756 35761 28160 33090 27472 30122 31872 7977 4077 9992 7818 36269 1540 32135 714 35784 20289 447 16980 5408 20950 26610 23272 33854 9438 12141 19458 32260 12081 27385 23631 10617 38306 32254 24387 8841 20098 8762 34255 21620 6175 37913 38517 8424 39735 35177 7446 32515 6871 26448 7726 39534 13945 29030 4213 29586 31123 27424 28829 33058 25875 37901 18000 17839 24027 1135 13680 15435 9736 6163 17701 28093 2960 36727 13669 9398 34867 9161 24565 15217 9423 4164 35298 39648 25119 7915 19485 28276 7363 39532 28884 39061 2573 33073 2230 5064 23654 19602 2170 22786 23056 6802 17190 15578 9063 30193 5818 2574 24630 22305 32286 28675 37866 32993 21398 19025 37198 13553 37886 21875 1066 23603 21921 33396 18854 7002 14369 29373 20024 28607 7591 30496 19083 32846 28358 31434 37756 15864 8871 35123 16349 27471 6878 39637 33486 37824 18826 33942 7532 23463 35466 28993 35536 29294 18321 13986 29929 39790 30912 21917 18141 38046 24752 628 34080 35185 22475 8489 13226 38991 9460 8201 34817 33920 30466 29387 39546 34351 4714 26114 3132 1393 25283 27766 30451 25460 2176 24452 33670 34360 34339 19622 31355 7492 35202 24631 35317 24250 29777 34072 27056 12534 8637 36072 22792 37359 38363 36950 25168 560 18458 5865 19078 34987 20877 28871 37451 11153 27273 35542 8777 25402 23344 34407 23251 8596 24375 37608 37360 16015 4597 8365 1937 6518 10505 35757 24918 20171 14590 9803 3238 10875 22247 25585 23656 31443 1287 37041 27687 33666 28989 30252 15223 31375 11322 34324 4303 7086 18660 39596 34058 5423 12712 8927 29199 2043 37909 28799 36081 10288 33141 17786 27590 32221 27067 20140 7761 21793 27508 31550 7548 27389 39218 6335 6443 10455 5084 11768 13487 7469 32653 20602 10351 25440 33133 24254 2096 17597 317 29437 10073 30535 36750 31084 24441 6928 33063 12708 25255 3982 24169 19261 39098 21213 2048 24552 36968 131 1070 23329 7025 4864 30764 4288 32079 23732 12002 31890 11433 31252 33551 34679 34906 8160 17730 22001 30698 37627 28912 28714 34758 39401 8048 9962 18297 37024 4990 13445 6427 2691 998 33078 1075 31169 14190 13816 24472 39859 1115 16694 11013 26645 3374 36852 9571 7297 32439 32304 21847 29935 31463 13647 8645 35942 20830 38038 35363 17263 5100 10939 31177 29461 17900 8876 13171 1281 2619 27070 985 3417 37362 1138 16237 39500 6158 16110 19231 12512 35367 7497 717 19551 31357 23764 11839 10436 39861 16241 10483 11597 2548 3724 13217 8043 38078 28326 13921 19586 35407 22692 10985 13186 14529 13841 4405 32289 19995 8954 5706 21361 25896 17146 16984 19941 11885 23080 29070 26085 16370 23957 38640 18507 27360 4652 6688 36529 27152 17276 39906 1146 25778 24770 26840 30349 4419 25580 96 2417 5998 26837 4172 19864 24444 25072 20775 10754 7596 14753 37073 30568 22277 16734 8119 33803 1737 8774 16401 21116 4450 7380 14193 20054 23129 28342 6268 34057 14586 8177 32326 11347 29902 38529 7664 16343 17423 39122 35443 14671 35001 16115 15998 31814 19367 27790 9137 38508 21373 13493 8995 19498 33785 25196 11961 31794 16486 32076 9015 9224 14655 25346 34005 24581 39052 6860 15773 31811 29410 16477 13309 37140 5639 33775 3420 24797 24526 21019 6740 13860 9720 27073 30041 15124 5098 14551 3359 5287 10260 32425 16791 5192 33817 24511 8279 34564 22180 19218 17816 13326 27519 25056 25162 34843 18679 9214 32540 32887 9923 6622 13137 39104 32814 7153 12031 14982 32375 17153 5835 20538 29604 27411 27680 26265 33889 12181 8953 34845 35640 34268 35155 759 1765 2407 39388 11321 33250 29393 21378 3837 4690 32595 37649 39087 20719 30848 37900 4542 30830 31878 10136 34613 22061 26299 27258 4824 4447 12256 29674 35072 30953 34772 23480 19916 27391 35530 29570 25635 13231 17757 21878 7781 37758 635 37436 20257 7619 14203 33082 31087 35581 13280 39359 4579 22174 36265 18743 39926 30179 769 15088 11379 15054 12510 18473 21296 29609 20683 32990 908 17510 18220 39430 34151 16958 7084 4293 11291 6550 17094 34137 6214 38543 36451 12291 38586 17940 11401 13161 18410 36121 5570 9502 22777 39651 13165 30225 36251 32906 33000 19060 26281 21298 39803 13156 33773 7584 38331 24300 4302 37213 18990 33224 26069 6097 38200 36827 19729 21176 16348 24769 10121 2298 30110 23861 15020 10727 19794 12608 8896 16254 21608 28889 16527 29011 20094 10272 16733 31837 26268 4836 16913 30145 18632 20118 38485 38792 11636 22105 1962 22309 29887 20280 9212 25994 9012 38769 36977 31816 34281 18085 3040 32958 10205 30539 13843 26472 22408 11172 28832 9196 16325 11319 3759 20392 4381 15498 9813 17722 33316 31308 37597 26395 6276 11082 18055 37282 28318 33980 18232 17684 20827 17042 11684 37136 30262 8118 20043 34424 33884 26300 28805 27971 24288 36846 9480 27455 30356 33482 8056 22009 17391 36583 26777 1294 25382 8805 15627 12592 28840 27921 17106 8219 34971 12292 2238 13904 30619 3748 26478 2688 23150 35540 228 20132 25996 34147 17438 14947 35578 7519 39669 28097 1394 7859 25785 28785 4002 18624 7573 17183 16340 5807 13833 19719 30694 33736 9686 2419 18277 31115 39439 21532 39787 12326 26082 10903 36497 39530 20356 20663 24100 35803 140 15185 10986 37981 2177 5322 27728 27223 18291 21906 38263 35405 34644 1027 5825 17376 28725 33027 25838 31205 35426 15523 28984 35038 41 12756 27295 9708 3686 3745 37829 2689 16974 23123 26849 35944 38281 29104 8333 39851 438 6970 31549 36692 38364 10980 11784 18283 1022 8392 28418 12645 32027 693 11931 17746 17143 20766 26093 4769 37194 8968 9362 1430 30940 8404 11068 3838 32493 39057 10616 37278 10130 39919 8449 14391 19480 38500 30472 28278 20444 39004 22723 35380 27259 31202 21167 36327 3941 39959 38374 10853 27247 18313 27749 38297 19634 9160 13999 911 8595 17675 16963 10630 21134 18996 10613 1851 19032 17124 38057 20874 9373 5102 34735 21382 4563 10709 35024 31901 34970 1687 28000 10081 39317 19038 14994 229 30803 24068 11015 14181 5368 29457 33274 39174 22104 22898 5773 36134 36673 2623 19189 12329 29557 34619 1092 28269 4221 36138 23982 5517 11944 11503 5187 34871 16691 29579 30443 22714 9233 4327 13659 37097 31201 31502 382 30759 12215 13769 39397 13299 17868 18659 30234 7447 20250 35216 27225 29093 38914 32197 4658 13638 3310 31343 29789 27771 9689 33259 18362 15948 404 19635 5833 15 689 24640 9106 1415 23559 16961 34631 39840 38810 33211 22675 2664 34652 33816 878 13158 4858 5520 16085 25343 2989 257 33687 2264 5022 28323 7089 15759 8373 25122 18872 7451 793 9933 38179 31801 35560 11902 6926 38092 23079 11367 1247 34681 21049 853 13498 25308 675 37808 36998 23392 6021 34630 39474 6567 33860 39953 17348 3691 37569 29366 16352 6893 1226 28012 3784 31841 12992 9510 19648 23274 21650 19234 39815 34436 24724 4086 12965 14205 8106 29566 5157 31989 28120 9980 16775 9573 18934 35558 10444 20332 37877 30344 36106 39438 36115 29801 12464 33847 24818 8414 18726 17653 34568 7616 23598 4316 6494 18029 8638 34301 32962 11771 5484 11890 28395 18710 2102 24512 31401 26551 26511 27150 1604 30783 24198 11975 26089 38812 20866 11873 3428 23338 6204 1467 39242 6073 3626 31834 19317 5162 19175 21622 27309 659 38645 9798 8278 6625 37632 18354 18615 8488 33903 23359 1652 29068 35782 11534 24629 12441 3929 21208 722 441 28542 9643 39324 7456 29618 17584 22251 16478 21274 11761 25030 18071 28407 24219 6063 782 14782 31306 15573 18272 14433 28802 34594 14925 35846 35588 11117 39681 29655 22963 39095 6570 24960 21351 31450 23904 14822 15387 27116 23282 5460 20978 28294 30584 39010 36724 9597 30683 2647 36324 28879 2808 5052 37860 15890 32934 18166 11788 32522 27233 34726 17747 23205 14544 7171 26223 27598 13822 10722 742 27024 24733 37322 18138 5675 21512 13544 949 31705 19945 30427 5058 38905 22919 29810 27877 18753 5637 11019 19935 29743 24531 29970 39133 35587 31133 19933 37391 3998 11978 26860 10378 20938 3742 26851 4897 23013 22553 26515 24207 8863 3634 33749 34796 33019 38658 17204 208 30362 4397 25272 11481 38287 15909 9626 16067 29673 14575 6564 32369 11561 38825 601 25817 7405 7660 12775 5124 18781 33827 38185 1028 26701 10255 4398 38153 5569 23647 26529 30162 27741 36450 25353 19475 18228 14340 10728 23826 23314 35569 3869 11483 21401 33724 13417 26468 32251 1706 26900 33867 19814 25401 15896 13704 20017 38761 29299 37919 16977 39066 7250 7138 39396 8484 26443 35620 14658 14598 30436 21904 26700 1915 26990 18954 791 31393 27983 27709 19860 26118 17585 10411 20885 38460 16405 38103 30331 27809 15777 13468 8950 26122 9765 17066 27026 12678 8097 24921 18412 29237 13074 34595 28620 18160 2567 12973 24462 25885 2182 22425 3899 1838 14148 36347 12586 23431 34343 15507 11865 24689 28438 34170 13351 31248 14574 25791 16759 32875 10485 26025 18506 3196 33441 21236 22347 11383 30585 32311 21423 1823 22361 26346 12687 30042 8138 31595 3768 33913 5117 25280 3591 18185 2123 34627 10407 15458 18430 28051 15474 22532 7056 11181 4516 3900 7655 36386 36383 29907 55 21644 17716 6326 38305 23992 10767 36970 24907 17560 16429 5770 21182 28361 4879 27500 6358 36078 34886 19677 7472 29296 30744 19091 36850 9678 3797 4251 2831 21408 34231 4649 23931 35737 23261 29256 25326 11709 37963 21556 21283 33498 5741 24955 188 24210 35957 15107 14862 29192 19612 36406 35218 28767 21491 13987 36146 20875 9079 7432 31270 17643 38181 19531 11201 34962 4719 28399 20113 26952 37592 19548 23919 14675 8972 19515 24396 19138 35408 29740 17430 16447 3311 35022 5429 8047 17338 18834 37879 29973 37273 34510 26062 14944 28492 19722 11146 3628 36702 24293 13747 2124 17503 38906 374 39377 444 6397 23352 17279 29117 18789 18173 29128 7460 38423 35735 7557 36500 16732 29091 37953 35598 18068 26406 34810 36980 20676 14003 21374 2742 12106 30596 20930 4980 13600 25427 10928 8377 5466 29285 38680 35812 20592 12023 22626 3191 19190 22169 5313 31311 36680 34065 16855 12032 14040 29433 30994 11395 38760 30478 39159 35659 38862 3312 34056 4781 35571 33475 9210 37908 37192 12082 15283 3720 34967 6654 10897 35131 20646 9900 18839 27480 39340 35392 11451 39367 33419 35766 28765 9682 28722 506 27257 21753 33559 20322 31207 639 29456 28587 30673 1547 18779 23944 24281 9209 5149 17339 39565 19718 8555 25741 16441 35562 16366 24052 718 22975 26934 38514 22853 23412 9333 37894 37381 9983 34015 14331 25950 29198 2448 28098 32480 13978 6226 28987 27918 22095 15053 15360 12259 18691 13524 3328 2319 26087 27891 14094 29222 21403 23227 708 528 6837 4054 6379 4025 20756 11773 27951 3933 16953 5937 10793 13085 34866 37984 15975 21947 37239 39236 35664 24854 38212 18571 4914 20063 14555 2544 38536 38866 12092 20574 32971 5856 1947 27656 31142 28018 37743 25854 22220 36368 18199 13740 34496 39816 1167 34935 12490 26234 7471 31444 19308 23659 18729 35235 37577 5359 37774 25903 27263 12317 15033 24817 29658 20559 28417 19698 15869 19130 16010 18767 21064 24959 1383 16605 15147 37980 37823 24157 37260 14159 27136 34138 10618 27498 21340 26162 12900 20429 17975 13871 8803 8349 38277 30294 2320 22682 32831 3991 5605 3076 7174 28079 7821 6824 37074 18056 6177 19449 6773 4474 4121 28636 6238 1039 25783 1318 37410 24990 25205 29049 14078 11512 13936 35236 15237 5395 15334 697 34246 12199 3565 35285 11226 14855 11394 21138 24881 1817 27338 25661 7842 12248 21775 25403 8617 17739 22816 29856 8529 26884 4476 16832 36357 18957 37646 17462 14108 27084 15724 20914 28442 8412 24650 17936 16385 26675 6468 27499 37777 21762 10356 2833 26161 31732 8862 26574 17362 30780 14724 4762 6710 23453 2662 9166 38450 14114 6227 31162 16669 35841 39008 10792 28613 30662 25965 28586 34298 10667 13402 20471 14821 33438 29932 34285 21499 25841 13815 11415 735 17319 35326 39762 6374 3683 13787 26185 2428 20489 36217 18693 36678 22663 23364 2627 33700 15092 24235 3429 7120 22319 4960 16066 7043 1085 34485 27393 14992 35671 9029 4479 33364 2785 22880 29170 2173 25269 14917 17583 36099 6406 11741 3739 2313 32263 12245 17702 30373 29394 34388 24533 30707 32295 8478 31734 6584 5541 30749 4312 36315 11155 30142 1564 26359 6820 38987 31419 24124 5700 37637 12794 18499 23072 14891 29217 28572 33815 28681 36084 31322 36068 37437 17518 24319 7562 35890 27168 467 25094 10942 16533 10068 19315 13037 38076 30675 25900 20956 27044 7855 26129 15760 19923 4713 7902 1248 26583 2974 1192 31002 14215 4146 15368 31538 16316 28199 5210 13702 6684 17838 19151 8804 18360 23581 21890 31970 6721 16013 10566 14214 139 11608 1682 18812 6585 36268 33864 28741 2228 11050 36489 8850 36552 31096 26722 1486 29076 10276 30805 18265 34120 20748 33830 37038 38362 29156 10530 21765 10656 589 30132 2791 24147 2260 29795 8020 1930 30487 15357 33378 6071 11422 36943 20552 23686 35469 35720 11520 29922 29758 38757 38621 38666 27102 26686 9731 9356 28507 32524 3989 4912 10556 3223 20147 14435 5725 30629 12594 6052 26896 561 12768 27527 20174 11439 35150 11582 36437 3272 4664 12890 39029 26991 31921 27997 23700 18725 31361 35777 6624 16593 33665 24627 2456 2757 3644 37763 6376 15469 24890 5435 3787 19444 35700 10484 38831 10947 18072 37378 33487 33499 23415 16670 8853 31656 15038 2583 5301 8734 12551 17439 15615 3434 25185 36761 38032 30359 26822 33517 12350 4457 26374 32008 35891 26692 12446 18598 25420 21792 37419 36628 28548 28772 5727 4518 4217 3222 8298 16134 36 34229 34934 16037 39016 2572 21597 28104 5575 16933 30941 12842 28803 38309 20509 154 3134 13535 11866 16346 34085 5854 22516 39896 23580 26919 982 17270 38986 13407 30724 30464 23333 32381 7661 17780 10208 15746 23821 9847 24044 6500 15745 29787 5275 2861 22605 38961 5272 3593 26347 1295 30433 7637 25991 12711 19523 15193 27323 12665 32954 167 32345 24092 15839 7018 4959 35458 39263 19360 21465 28311 14085 15473 27679 10518 33103 11210 15500 36574 23324 35357 14043 22811 1330 8433 19658 37815 25863 21174 13068 6207 1549 36786 1176 15413 10210 31293 20953 39278 13980 7083 16475 10812 5256 26755 6244 37640 30632 3921 13691 1651 18556 7242 34894 5193 26134 32796 17698 33229 24146 23529 9791 18046 22193 35628 27750 13768 22145 1833 24773 23376 4319 8664 37178 28642 37427 21547 19617 32358 31045 206 28916 37534 32110 9419 27683 34558 9276 10993 21039 13612 29455 33556 17676 16965 34048 1532 28250 24433 17960 19976 29238 25125 4838 9723 5790 9744 30459 26249 25993 1015 19104 6619 20436 24479 273 6805 31486 7324 5648 12110 31745 2585 7948 11078 36058 15440 22044 23406 2954 28823 4015 2030 3179 8351 11524 20316 37034 8940 2335 27425 37817 27597 4526 6896 37318 14935 17516 6938 17547 15128 23479 19829 4141 25301 32727 28178 7416 16922 15340 1918 4444 14218 5094 37522 26747 6685 8169 29042 31089 26663 31601 23761 24168 18327 10997 28464 28422 2702 36935 23737 8189 5197 28207 39414 27589 11129 16761 39042 23041 31397 37032 35781 8405 29803 3104 35130 38264 5190 33034 17758 10950 32047 34452 32772 21704 20184 18032 35883 21416 6088 28091 25956 36597 24077 33794 12114 17553 21649 35246 9734 7778 6233 10582 33907 33858 12059 25059 39938 16551 3973 31182 3578 30121 1531 3469 35925 5330 2930 2723 32086 20829 14916 15731 27900 37948 38535 5339 6083 21288 24477 9416 16604 4192 22018 24272 31489 2273 34763 18921 31158 521 14622 4038 15944 37088 23630 31838 2724 727 12516 8410 4452 34643 12968 29531 11216 19116 2386 14795 28695 20936 5492 30150 5244 21223 11480 24657 3957 26916 35506 15973 39128 8832 9239 23901 29130 7717 13697 20735 34932 37580 7893 34540 4040 37490 6424 31574 38045 3146 21447 16679 30621 27863 35492 26630 38808 1575 39305 4574 13476 18335 10315 27002 13112 1526 13540 9996 11545 7498 22660 7325 300 17607 6353 2592 9676 1678 12188 39649 20380 14326 8203 20378 31407 9838 217 12063 23356 23088 3666 19156 10932 13352 25077 29101 22730 4875 26711 18945 2194 28092 18016 38208 35736 18293 26972 3694 18039 6422 45 6869 37926 35393 2717 17889 34677 27920 24882 36172 7401 38096 8432 16503 38796 22608 33593 35157 38585 4197 25545 8465 17660 17490 28706 17275 15974 10320 25140 18639 1702 26214 27862 16176 28979 5660 15018 2884 29470 28683 4682 2859 12814 9940 9566 4551 14853 21027 37906 27551 7870 33039 6047 14206 20992 38384 15795 8680 15269 32589 17927 3250 28420 7151 31938 36937 6914 5989 16472 36919 25117 34725 27854 14856 9844 15575 25016 24438 37469 2847 26601 32916 9016 25744 14166 7052 21885 30067 35066 4017 19644 32539 8312 33325 39869 15716 7757 23563 16709 38131 26689 11672 11690 1980 8491 30835 36149 26158 15689 14974 31571 15703 4014 35453 9195 32568 20648 31290 24857 16949 23747 5889 22472 24412 20335 20878 14499 13104 35670 13836 29431 826 29572 32755 38927 15875 33783 32851 12928 39265 16858 19530 28321 39129 29048 22739 9152 28551 31752 24459 39478 19867 14225 6830 19842 37312 5040 14848 19682 3177 20608 30517 11494 31942 17782 36615 7721 1933 8964 795 7461 9577 14037 24806 15403 26391 19671 25970 9284 16362 13029 29472 39403 13153 28331 6031 13220 1080 31272 13693 31980 1341 7051 26852 23288 37899 4628 11174 6589 22063 6634 25565 18869 12048 26976 34784 24596 794 39876 26451 7361 12760 8367 30471 23743 9464 20477 3449 27813 4567 30107 1349 19703 16914 23109 12095 33792 28791 9045 39320 7040 39470 18715 14635 3218 39103 28745 11353 11568 23515 30261 9281 7094 4387 979 12038 37772 8716 37345 3426 38248 5997 32603 12575 32810 5643 23125 37016 32036 10948 29142 20642 15876 32752 23069 38250 21957 38550 39125 39676 7103 18086 32495 14201 2481 26098 4760 12884 110 319 35567 27376 39146 30276 10714 24765 32583 12649 20070 33035 32328 39002 34104 19507 20876 10829 39154 28857 12620 12988 32744 14579 31141 27505 3404 7319 24296 15925 29631 10384 17426 31346 33585 5413 1804 3916 5186 6816 2160 20799 29534 35525 5711 38138 18759 19769 13589 27642 13039 39615 4317 5555 15057 38230 26895 4728 16653 16522 25138 11462 20134 29784 34864 38209 35770 32763 35521 18472 9624 11707 38697 4932 7005 31605 13803 27061 1492 16852 687 12427 36651 26367 17062 15936 35686 13939 18521 26 17468 5598 26340 18847 956 7749 34976 14708 21238 9659 36565 1806 26894 23885 36082 30194 7599 20995 21413 25036 16378 25039 22441 27268 6966 16945 9035 21770 5172 8979 27345 34373 12865 21343 14371 12724 14158 993 768 10489 37719 380 34853 18601 25633 16870 8929 31671 4859 6349 27613 12908 1566 12229 18500 35002 28437 15005 24866 2856 31279 23721 3395 1164 13797 19460 21768 14174 39118 26657 8419 24672 1367 13964 2329 26981 23585 26741 12833 1777 36471 23386 15513 12166 20328 34046 5027 7328 16135 38624 32822 12423 16995 13880 18108 31192 24934 2450 19394 4438 10158 35656 1701 25684 5572 18540 20507 31971 102 13108 37641 16804 285 407 31007 39353 10174 25098 33541 27049 6255 30488 30102 32638 8174 1979 8126 31349 825 388 21913 31056 22194 5579 16321 27350 7724 15884 33394 14751 10842 33841 27078 33301 8115 37408 7708 22066 35965 32774 32431 31274 38778 9946 23200 38328 38855 2935 16087 17572 16050 2202 16432 22669 27079 27953 31590 4055 6145 13296 25864 39720 36443 1222 1191 16402 14699 6237 37142 10034 22436 3561 38891 27005 21879 10267 36212 21017 30253 17444 9512 20038 16054 32677 1340 5918 15199 36504 12187 27989 5105 37501 34374 25892 27001 27456 19303 32174 16425 19986 23987 35964 29626 9216 5477 36462 30658 31492 5126 12438 38124 24111 29542 31344 210 12698 38247 27619 19489 29912 20512 33536 26397 37452 4557 27569 29025 26371 17004 4815 32351 28249 24102 9569 19450 312 17315 17523 35950 13256 36298 38267 940 747 23445 17358 33546 13295 7944 28708 3915 4383 875 21226 22505 18859 12543 20141 21880 1553 7961 20119 975 24740 6610 36031 36405 18310 19672 14211 1739 11101 24822 11527 26096 2594 959 2756 26048 29640 12311 8634 18344 2894 13062 37957 24537 7244 9985 29636 34423 38933 34274 23229 22793 21175 18307 6134 17363 24079 20012 33406 4223 29440 25311 13002 19318 30316 23505 7300 19384 14623 32536 27544 6013 4883 36477 902 28728 29173 39671 16187 34377 22501 33437 37165 29752 5024 3198 29290 5145 33306 14825 5858 39077 26697 5307 23372 27149 20145 142 12451 20166 1875 14295 11424 8182 7849 12704 12006 25240 14701 31543 2336 22326 18614 33733 10511 20658 5212 27606 13497 271 19533 381 7255 36503 11227 35986 21919 17385 34719 7652 39398 16680 17142 22702 11309 36323 31095 20686 35191 3246 28428 4021 22567 2761 32185 29146 23171 22636 12695 12755 15576 32564 4104 26297 5618 3397 31616 18128 31152 20616 22420 36872 32410 22697 9334 14345 14255 11530 37691 21241 13098 10773 30165 7801 3367 19543 38245 36389 25672 36862 31156 21122 18434 30322 2539 2653 26191 6014 16407 22266 26159 16005 14873 7066 11862 14639 8859 27300 18682 1606 25614 17076 25916 11184 37143 15354 23884 26949 30172 32201 30431 34610 1636 10494 17890 14428 6663 6821 13627 14877 20248 35753 20253 3737 26047 459 2129 39741 24059 30203 1503 3925 6558 18042 27377 34242 336 22657 38876 29974 3162 32843 28668 39337 3332 3716 13130 12676 15233 7327 24796 716 33629 35403 39260 21392 23085 16313 17460 10649 5147 6810 16485 11501 15313 27356 815 30460 6981 22945 31467 39028 20948 29401 27383 38231 9669 18194 21450 17302 3729 25622 36797 37146 20922 1982 7964 17375 38635 10391 29354 25805 31448 28574 5681 18487 13093 24962 33206 38063 25609 36992 5247 8696 9984 6080 19605 32644 21964 6737 21722 20865 30350 32258 39818 945 24476 7903 10529 24668 342 8745 16598 22671 32437 25204 35228 12277 39264 17218 20751 27010 5659 14556 24415 20824 6850 2010 6140 37017 19894 6115 261 11626 13823 2920 33121 12690 11067 38087 38704 17060 4488 23219 26862 24751 34539 2841 31391 5087 39589 39473 25182 12257 38619 16374 5816 16512 39971 17845 20191 10598 29697 29337 24729 7876 877 7197 12074 24285 38334 10573 15712 39487 15464 9732 33744 25489 20010 20753 28982 31135 7006 37615 6797 9322 10328 39766 13350 36824 26365 5810 12749 31956 9998 19438 21713 36091 36570 34599 25909 28026 928 8013 25166 14188 1026 17761 35257 84 11500 24133 24626 1763 38170 26418 7807 28374 11044 3969 23683 18518 17095 2474 37650 1338 1921 32523 3822 29750 9504 6846 8495 29361 3544 16033 33384 29172 10291 31963 15194 18597 8571 17038 25037 26233 7443 35021 16519 25028 29250 4961 21685 3971 14389 39364 21211 11820 33739 33795 37779 10725 35401 17885 27851 15829 26605 36649 13828 25743 27844 19111 15680 2443 32026 6287 25526 14561 39280 19700 29791 35780 17117 20488 3261 13644 25231 2001 27940 28862 38501 11043 15460 373 7371 23577 9208 34103 27363 38504 28125 17307 11107 3323 27227 700 12319 37791 1840 11915 2362 34995 8356 8522 11875 6889 34112 24251 451 26388 23936 21337 16867 1697 8948 2578 9556 39406 4032 35752 8858 36948 36787 35411 19053 18857 9335 7434 30888 1800 8540 9526 13629 18955 3770 15411 12699 37978 14162 3744 6049 20989 7913 37765 8992 8007 14687 1453 39771 34609 33947 24583 3877 2088 29210 27717 20427 235 31867 12517 18165 29919 1377 39256 20125 6317 35067 800 18392 11372 27845 13767 7017 22121 29100 442 22444 31666 5308 28137 7553 12279 36567 17793 24334 22525 34893 3997 16532 11271 33698 33805 3208 16160 38588 19328 27733 33056 8302 8627 24399 36512 5537 23035 26305 7968 22658 7436 320 3279 29050 19352 2085 39520 10428 36879 4972 37773 28180 36122 262 26656 17298 37683 25584 34293 25462 38505 35211 38774 21396 1587 24069 28766 6242 17529 6280 11712 3072 26554 15015 5242 30112 17846 5326 17048 30555 20131 24427 7901 9140 29400 28173 6102 33200 4401 11175 9083 26526 21303 19787 4554 2913 2877 26017 11428 18233 38754 14568 17522 31902 18539 25201 29745 15204 27574 11023 26694 38528 17498 19088 15589 12782 19942 9418 33324 6381 14101 2333 39426 11953 13414 39826 5489 12616 1205 38249 27867 29195 35993 8708 7534 11837 36333 32709 3612 5775 18680 7163 22102 22617 10647 14936 5254 15614 9966 17887 18524 35929 37154 17677 8824 1622 11241 26600 5218 106 4234 16986 34489 7340 26844 5063 3228 9328 36984 19410 11705 1680 5964 11244 16399 19411 4843 32085 19361 19510 12921 36170 10843 19953 36759 36423 5919 920 27773 13526 3577 29018 6964 9628 2185 34964 33145 19174 7760 34403 35454 9957 26378 25842 6848 16609 22653 500 20776 2857 3976 24450 12527 36766 17424 25131 19521 23379 15385 8076 15278 28624 9028 25525 37843 11490 12465 1302 10199 37885 21663 38557 32519 33416 1292 18744 31452 30687 1677 24369 15536 22264 30186 33409 22459 6911 25858 37123 31526 868 18240 23751 37741 27380 22888 7038 11005 10578 30586 39436 15560 34874 7727 21338 12790 31670 32127 24176 17561 3020 36013 6642 12985 19470 37431 34152 37810 14876 19575 9343 22051 8650 25979 35446 21726 19529 36618 38779 19146 5337 28193 3525 21286 6122 37999 27048 24491 29052 35328 12196 4357 1182 31822 35355 5896 8211 17931 15651 21245 36162 504 21653 34762 21114 400 28213 11840 4085 37189 2535 39728 22057 14892 26027 12144 29906 25448 16462 33120 38201 31882 34019 6943 4775 36421 37166 16076 11131 7004 22538 24845 28441 25774 1375 10703 39441 5959 35281 28424 16494 19102 27304 2830 31511 326 9252 1186 4697 14260 31731 35341 17915 2498 34300 11314 18942 10765 39550 2670 20636 20321 39019 4310 4723 9977 28571 2638 1590 16266 13776 29227 1692 23729 11140 1478 37197 2682 19818 35990 16264 31805 12068 7810 14886 35013 7877 14734 19101 264 25723 19825 35165 2987 38759 28385 12390 27639 31637 16292 30068 37601 39760 17474 32108 10937 36070 17197 38192 34897 19925 20850 38061 6656 14787 4225 8240 20076 29630 5184 9605 30732 6605 32013 2082 4456 10032 39460 26812 14256 14723 13666 3799 34979 36708 32786 812 4264 29583 27096 27307 31646 7118 18579 16434 10123 1370 17919 2997 5769 38744 10823 8002 38622 35997 17101 24654 21983 37859 31958 33575 25737 7834 14827 17756 4894 24122 21066 7168 35046 31352 26501 14064 22825 13349 30370 18735 4359 5003 33940 34491 33789 22094 10795 2126 18278 29085 19232 1193 21984 32376 26390 46 15699 38861 35975 26651 25437 7102 29258 35749 15803 18121 5000 17320 35159 9862 22874 32518 25449 218 6818 18391 18375 8926 1662 37965 39479 32697 14527 2137 30204 10244 22109 35802 10399 21207 26998 31462 31014 28201 23114 15742 36363 29332 13152 11872 23404 8608 14313 30236 35441 7745 21012 19520 30902 36765 20710 12182 14975 19439 28170 39296 30255 13102 13783 31654 11161 7703 34782 19576 37147 17249 14525 11600 34492 8802 1746 31062 18063 26961 39769 31935 39855 7850 10247 32841 17445 31009 26834 36079 37045 26619 2410 33212 1524 39445 13126 20791 1743 11047 15540 31528 19350 37983 990 10996 9645 3398 32771 38298 14780 26783 11150 5357 9090 18820 4996 30366 3648 17637 4969 23685 24933 33938 28153 13913 33772 34696 23250 28965 15232 24536 12005 13496 31720 9107 9695 3443 9347 11664 27087 38751 38094 25154 16752 9183 25359 7279 32224 22411 12073 15219 29484 39573 32342 39521 38086 28390 12894 36047 38276 37898 27775 12542 19965 33657 11528 3399 36006 13703 33791 32624 34952 17389 1782 7698 3763 17996 4584 2728 33520 12683 14834 15047 39343 34317 29449 29257 31493 964 6511 21769 19929 30582 22314 22537 9653 22412 37386 8086 2399 17952 19425 16835 5406 5241 2216 23612 3898 20047 21889 10396 4130 4035 30948 32162 32225 30355 9775 20055 9227 22438 828 33033 33930 30790 4123 3280 20634 36422 38895 16116 35828 2081 39672 1196 1866 16887 22528 9105 2413 17499 10946 38872 36209 21311 31251 5443 4634 26349 30643 30561 31684 33333 340 34091 16837 18722 3605 24874 36054 437 7357 10482 7838 31024 2937 10159 18905 16190 18076 19735 10783 26874 28197 23371 29644 37259 16623 33377 17325 39539 33727 15101 3334 10358 23159 4342 10297 9162 39458 4345 31922 2829 11158 32706 16453 29493 19370 8370 18257 34924 30180 10906 9119 11114 24234 33261 39083 14049 3270 32052 19227 39914 2538 33432 22633 27742 37495 10588 36767 20543 30531 4874 39935 7059 20312 12417 4425 608 26572 19939 32246 8890 23360 14273 27645 11656 2631 15031 17397 19835 17282 2005 3539 17019 17386 18978 32237 3718 3241 34668 33699 35680 18681 32643 7909 11477 5536 34385 35168 34775 6962 32874 27822 32267 3514 30310 21854 37523 14364 18376 23326 9385 24464 5234 19702 19287 2589 36482 1419 16997 20907 28158 3069 36560 5407 25914 6362 30611 17501 12435 39993 21285 36053 33490 21336 33028 18451 5630 9171 11665 2275 38964 39023 28676 21079 35791 29800 36632 24378 16579 21680 30033 33194 5170 16839 38994 11187 23834 11722 12289 14520 22785 16376 9187 30527 9226 8723 12377 2241 19416 4434 26608 3006 1468 22187 14676 16587 17341 27912 33132 20503 3383 11205 22352 34386 32303 13479 11276 15266 2571 21287 39009 10044 15897 19997 2427 37297 19970 35430 35180 15567 31403 34592 22232 4552 22879 10379 37133 38747 36051 17939 12876 23316 30053 19989 10283 34182 6219 13450 27539 38686 24481 30380 13887 4871 16762 31125 22753 18809 11253 25192 24867 34043 14736 1507 10200 33241 19545 32271 5284 31761 24204 5233 37770 35623 9278 39249 32409 26778 36222 30434 39514 707 28541 15626 13243 5089 22457 37949 18008 6956 18219 11541 31420 11400 27114 12628 1780 22214 13419 36441 19343 14102 7764 30051 26893 790 9737 32847 17624 28644 17178 19799 9013 29016 29265 26611 31208 20815 19540 9931 12067 38183 9479 20529 39345 21727 17261 38043 24193 32615 27736 10418 19170 15221 33105 12488 21776 9364 34073 11382 1684 35629 13203 37701 31581 3662 10053 8036 21748 6480 32553 17300 13915 2060 35627 30087 13808 1058 8616 164 23946 21729 23153 3912 11870 34206 1401 38139 22803 10152 13172 18545 36256 32128 29020 26470 34356 34881 25005 3472 17454 29280 31712 30239 9610 28558 16231 24257 2143 8157 35879 33383 39244 3689 8132 34013 31547 35734 13122 20352 33296 28698 38214 10943 11277 35967 32402 36716 37184 10149 21569 25041 28174 16652 8639 34659 27666 33004 33853 20173 35919 28969 3448 18140 18845 19263 30301 15488 33065 11572 14328 4096 9138 5878 25570 39946 5259 20971 21025 23474 25324 35369 30096 39295 23054 20179 33233 14349 15415 34753 6094 31138 16045 28798 37320 11668 33375 1900 34069 2432 39945 25409 4361 22087 39903 17264 38898 28289 26196 20523 7797 39768 14971 30591 7378 24245 14128 17617 5345 8172 7632 25830 6851 17753 6552 33061 5004 24746 6581 37311 13251 20797 24475 9047 26992 38377 23447 33268 36350 25771 39940 27163 19596 2398 14261 34106 17067 9713 21147 16546 32506 18170 25485 15722 17370 31828 8985 32979 24066 2292 2915 860 11860 15042 19300 13653 26039 11167 17654 18113 10692 2883 35821 32268 25681 20030 39709 7270 5180 19831 19784 30026 28368 8062 32924 9302 34877 12838 24965 484 29808 19276 32497 18377 1656 31174 6645 14298 25411 21974 35386 37825 9139 6627 29772 4120 21036 19124 22213 12419 25887 31729 13786 11796 7253 606 17180 2998 36561 33701 18423 27369 37643 7359 18778 6239 35779 16258 22696 37812 6300 32226 158 7575 21295 22337 17127 38413 26179 37671 37363 13692 30644 15021 32419 31063 35175 17446 11780 19537 17211 12574 9826 6340 16035 22417 35931 23104 17137 9839 26806 2868 20695 4929 33202 29001 31740 39290 17212 37400 26737 7034 31809 35758 37652 24903 29446 4426 5154 9124 26482 8348 14542 36732 29242 14870 39286 7504 37336 3572 1874 1253 2575 29993 18498 2267 32627 3109 36468 14602 26558 39291 4909 797 9111 8385 29496 39496 39992 3638 18985 612 13370 30876 11499 4403 14363 6490 25777 7542 7187 33110 8136 5294 16645 38874 18777 20074 18730 18797 18014 8364 31350 24555 22263 7770 39486 18916 24561 20079 1221 38605 25480 2149 5709 33959 24053 29684 10585 26410 37115 10304 2037 17534 6176 26466 35068 20405 21725 22460 12366 14912 14869 31257 28780 25989 38442 26446 12578 19045 35501 30061 21471 6017 34524 14015 37750 26279 28240 21379 18912 32637 21112 28940 27933 28744 2677 39951 18047 6817 33804 375 24743 5610 30883 21758 10096 33821 32975 23703 15265 5493 34557 91 30073 13819 11637 27243 32157 25927 5688 4701 20980 12231 37242 37012 37379 1365 20291 16422 26836 9742 5621 37313 4057 31234 22542 37594 27352 2132 21048 35000 24661 16019 23235 16381 3960 34222 5164 23283 19732 6331 23055 39831 5873 15314 23402 27599 9588 9143 11970 12961 7647 28942 36949 39705 36956 6913 23186 5165 17832 12983 1011 38534 28398 20391 25260 728 35037 39266 17938 3541 12933 13690 17253 26911 31940 8600 1929 3215 31539 8772 17005 6281 37687 23705 27630 20767 36875 6541 12762 18628 27155 26756 32542 37283 15209 20920 22006 37727 37321 15772 7891 27901 15337 25061 30623 18433 2615 9046 12499 39032 5329 1581 34389 8749 33118 288 22765 12237 37300 1402 3515 1152 5971 24703 1956 30597 27490 18665 8416 30587 1106 3801 8563 3303 5665 31018 9249 16534 16053 28008 33068 39551 38630 10022 7858 21297 7100 38873 19292 11893 14378 17923 38718 38837 24548 36510 6048 1992 32092 10888 20960 32592 16171 15319 15913 14926 14143 38489 30258 7045 33423 27576 32825 30226 10751 11456 12212 18299 17374 3324 39033 8474 12723 18383 28656 38257 13677 1820 10462 11455 32973 11130 2189 32647 35399 4414 18479 23871 7615 22810 3928 21561 1721 10069 29434 4368 17215 20525 12850 1693 32218 21231 18612 24663 38039 23525 33929 34413 8258 12129 23858 39297 17108 25552 36267 1696 4027 760 723 33399 11275 13469 10077 22520 1240 1238 26492 22021 7579 17023 38189 24036 19919 20731 22741 2478 19733 17762 3330 13753 3290 22338 11443 34294 25247 1984 8032 35839 29121 14067 17283 33695 25029 27458 4280 5077 4265 4706 20157 35732 25468 6508 36028 17463 17161 7230 35237 16589 38569 25761 28281 29605 13031 39849 32665 7507 36444 26595 5206 39829 37117 10975 2875 33763 24496 8847 9774 37335 27501 33310 22621 7481 15696 28734 20370 11959 19187 1781 35611 28257 9926 10748 36908 16629 37873 1471 22498 14497 7651 13071 36930 14509 33331 13657 3467 17618 26585 15503 18592 18772 35575 36711 2636 29357 3415 39846 6531 20665 209 28206 1062 19208 37655 1493 32404 29318 4740 6849 37874 10922 18174 4075 14819 20513 37725 32191 7329 22995 1030 8588 26241 8836 28285 38493 25190 30528 29102 19345 38261 4725 7500 10782 33092 24860 12469 21909 10591 32832 39111 33114 8454 4334 8251 1756 12124 24295 334 38581 22971 376 24887 18114 35583 8704 14585 6055 39048 27716 24514 13814 18979 27711 8763 4817 8108 6285 11120 30763 12254 9907 39597 19503 26830 6691 23841 1161 8865 29581 1099 14098 22491 12823 4564 20232 34690 15297 19856 14601 22788 14209 2156 15424 21959 11324 28350 12242 34358 36358 20245 22806 15518 771 23070 5437 12080 32951 23293 20428 27787 26504 39827 29954 31610 28194 28709 14543 7916 26853 28243 4170 23369 9054 5899 1561 17493 4779 29577 8812 39895 4882 28357 12573 31577 26229 33308 1405 37841 10474 29849 21188 19790 26819 1264 33282 6211 26999 10958 12143 18940 17198 5642 12963 28175 37 32989 16103 13234 2988 16156 20557 7601 26209 25831 2066 3771 2345 847 24674 12061 6251 14989 38167 5705 16659 11028 22480 18269 16082 38730 37390 32886 26745 39253 39371 23852 22876 20743 31371 24939 26014 19442 24148 13083 9191 3314 19015 18517 11815 1023 15951 21427 17216 23432 21976 1293 10119 3382 38677 23000 4439 38256 38530 34473 27020 630 4396 30126 11333 30448 17074 10684 4772 23469 18913 2342 8889 30318 16647 34302 7210 11133 6308 20357 1928 19387 23100 30308 11260 834 817 37110 37287 9681 39182 5208 37946 29027 8868 36974 1876 11258 25960 22484 19900 25725 39699 13324 5684 595 16876 34217 20270 14027 26733 33348 6712 16170 4829 31 14907 31657 27072 15258 25498 3365 28856 24665 18754 23999 34550 16208 22329 19850 31627 12597 32167 25940 21723 36040 32372 18528 37738 38653 5729 39562 7856 19514 33594 5524 37135 14744 29917 5232 16111 274 19186 19882 17354 5014 3371 23698 20360 3497 9520 31833 11284 33302 14799 17827 36008 28019 21004 35278 6016 925 7576 20473 10435 22924 10410 1998 35551 34162 9393 26255 8140 37782 25822 15110 26938 6218 27202 11166 3488 5961 10040 13128 10651 39335 22154 8202 5449 19219 5763 4308 20898 5267 38922 9179 21028 2694 8684 8006 25022 13275 10760 25223 18394 23629 31165 2569 4515 18070 30664 23942 1730 24513 18275 36969 15485 15339 36258 22246 27232 10776 12139 7752 39885 23045 23527 981 15832 37903 13261 9401 17772 36199 26684 38393 2000 3394 33252 13470 12722 3554 13584 4261 11844 23209 37820 17908 21074 17394 3378 22724 18620 36887 21625 9589 34290 19228 10593 7950 8459 6314 3025 9888 36965 34090 29402 24858 37625 9993 23397 26372 335 9157 4496 18947 33461 29963 9038 8304 37703 30457 4036 7786 35335 27561 13789 26559 20186 30996 17748 18329 29429 22032 4067 11159 22767 14137 11767 38853 13922 30023 10606 25364 13339 26578 450 31209 13909 11847 2284 35310 26032 18308 28810 5366 12496 31077 35325 35991 7496 28189 31071 38130 6217 6985 24837 7803 3140 7705 22992 3402 2929 35333 38742 34291 36569 19544 16338 770 36011 2002 22967 2226 35590 6946 27298 33607 29990 34771 15432 27675 28643 39689 34655 33754 4881 20301 8428 36077 6089 6114 12385 28362 26644 3680 37384 18001 22693 22302 26957 29087 3504 11716 27392 5179 4860 39226 31359 9964 13951 31904 7611 19176 2379 4540 19694 32940 33560 31750 12437 11955 6617 32695 16964 14897 7699 15774 31347 10144 38603 26457 1364 2416 6223 38080 32891 4298 16712 39390 16702 32099 4347 14785 31431 9670 15423 4787 21895 15714 20789 3958 2951 31240 25071 6547 10872 3233 11595 3277 32057 15939 15416 17764 17869 27939 17792 26094 7704 2523 28302 5737 36184 16920 4103 10772 31916 1397 36319 31523 21572 18707 39395 11938 18190 36004 38944 8124 19688 15253 8577 29607 3999 15619 2438 19468 6512 24559 26953 15591 17794 16633 13007 32902 2994 11435 8961 33098 39825 22641 22652 33060 31098 36652 28567 21657 36066 9104 27454 22661 16524 18714 4341 6608 22373 2527 372 39868 3887 13989 17582 4758 13159 20895 27172 1640 15604 26954 17671 20201 21954 35690 5048 8898 18549 16948 38846 34428 20003 4322 26614 15701 17416 19284 681 26677 8058 4424 11485 28701 11742 29822 21124 19911 37348 5872 11743 20511 31426 37954 2956 9301 33016 33531 15230 37890 21106 27354 4951 477 28259 35523 11059 31028 32877 24008 39200 14794 23822 12148 32389 14796 28891 24343 31692 38239 18270 19991 19321 24381 34607 32016 32606 17508 23014 11496 22747 39808 38788 19049 8521 30305 7508 10590 3914 1223 8046 9587 22296 12167 4612 989 27374 39360 34942 3669 403 39820 32472 32790 14678 23253 3754 25988 15617 6948 2318 36303 17272 26398 11920 39494 15561 2154 27898 15143 23774 27824 30971 22826 10868 22916 518 6476 28397 30935 36579 20220 30778 18933 26774 24716 18502 38051 10214 17801 6250 26738 24685 31784 35605 3808 7927 1260 26502 3452 4999 3711 16755 536 25285 32129 37195 37449 4012 27924 15969 13314 5035 15407 10416 28429 349 33753 13866 8372 22071 36837 29617 25021 16787 12102 14346 38623 34308 39961 34551 30178 14625 7812 14284 25524 12577 241 22972 947 19604 18150 436 39714 20046 4966 34653 13748 35264 37480 26728 27465 33411 35665 19522 26361 32416 4158 16355 3696 29133 10733 15148 20933 18513 24935 4100 11378 21528 22363 14133 29367 10663 16100 36710 20597 8671 17551 5136 16868 37206 35684 26786 16017 10877 7947 7392 16572 38161 32318 7488 161 30285 27403 38826 29839 34146 27644 7108 27484 17233 18195 18156 23444 13633 14832 18015 31015 21459 4722 17784 11589 18284 16414 28392 39031 1426 18708 24208 33922 19710 6697 36731 31552 9098 35636 33087 23275 37920 1826 34387 32999 10035 12132 36859 19153 772 23788 24225 3983 39149 16573 20728 867 38031 14688 30406 36253 23532 12719 9620 18054 17542 11814 31763 11290 36834 18925 3848 1849 7388 24726 38285 21521 5730 19493 11708 36159 15541 28892 29378 17804 16444 13425 33697 16253 16226 34119 14249 9197 15879 933 38659 28833 13428 21831 19992 27986 8615 20542 39484 27099 10787 1403 38006 31868 38971 37170 17241 572 35739 19795 34947 28301 2359 554 33021 9673 16957 16518 13934 29377 17691 35708 34836 16210 513 39767 31575 28716 1766 39217 27853 23973 23396 32676 29614 22275 21874 30312 30127 7809 10631 39708 34513 19414 33516 10810 15779 35576 27238 34244 21570 734 31795 26045 27405 19887 30760 16129 35070 3108 2042 10299 5767 9273 37263 3889 30114 39622 32235 3603 23223 23673 35050 9932 1331 27976 15644 30293 27244 34505 9203 28094 18389 37245 35937 15406 39822 38262 28427 14652 34117 28216 22603 23357 33953 3951 25571 27396 6910 3757 25833 15190 8339 30706 28554 32068 24902 26257 12410 855 1055 12470 38035 31891 9382 11986 21755 7136 16001 3158 34562 24050 32664 25535 12967 282 21852 25233 39915 31137 36844 32893 2049 10359 37167 21519 22240 19740 25534 5369 24223 36356 2659 6540 13154 10836 38211 29063 3667 33730 25062 39358 4169 22683 8642 25555 25150 13820 25358 28663 38490 24961 11523 39751 36173 36375 30320 30649 29201 31990 15993 2371 35968 1760 28235 2632 3830 5880 21129 4468 28686 30665 6814 25396 27634 32327 11072 20688 4732 28505 26156 21154 775 36962 19112 7694 38604 14009 18488 20235 14023 25595 35607 18635 27504 34801 337 13293 15359 27146 37714 18427 18704 21215 21034 2971 19895 32049 5229 113 23681 22809 38777 4336 28680 21826 39252 30730 24160 24761 39804 31751 24265 35898 32961 9188 16288 16436 3684 34604 34039 36087 8380 4305 26193 3180 7988 20792 24755 14431 33716 24873 11160 581 3405 1045 8234 26028 13581 12309 10900 35660 8426 27941 18593 309 203 14409 34752 34876 39644 4391 37799 8025 22552 39731 1597 15449 22644 1749 31356 11823 32671 1726 7321 36248 20565 21015 22615 37080 269 26358 23321 32000 33577 35182 29138 26351 17775 38924 38781 30007 35838 19566 28277 22331 6054 7926 16283 36659 4981 27147 19753 29038 24233 8842 37674 28126 34923 38284 25995 19149 17719 35643 8016 33191 23483 13872 37203 16466 26597 5719 38425 39238 15220 35585 11313 1084 27148 26793 23147 9068 27760 30674 9314 11677 26377 28887 3125 18878 19776 6009 4216 26802 21797 3942 35004 1595 39535 540 33957 36000 4718 11808 8891 10309 10835 23763 16751 38965 20317 33040 15144 11017 15823 1879 7657 11912 23599 9519 6065 35034 1087 34391 22940 652 30257 7835 881 34598 18401 27277 36042 35241 30947 32654 32608 14414 6891 18634 18687 20879 6693 30292 24680 38945 6056 14970 25862 23044 22025 18981 15391 30740 28154 5824 27719 6759 32365 27998 22306 3220 29058 3139 16117 837 20621 28376 37303 29898 3444 17447 37327 18341 28606 14694 29680 38626 36080 15990 13716 10296 6228 12330 37500 1555 1657 16189 7730 3813 36246 17767 37234 365 28327 34276 9601 35881 1744 34669 24564 23643 38946 13598 28784 35926 18396 32444 12075 32649 27690 18449 32969 15243 23246 39373 9020 8292 27885 16628 32980 10669 32949 29550 31818 18796 10645 30549 23280 20862 31798 720 17969 24389 26251 39275 11136 17557 29345 25638 14020 71 33447 6168 33108 6116 35322 30395 31471 19642 4735 19636 36370 2032 20771 30624 25429 11910 5451 21003 8113 13440 25915 31143 36804 13618 20502 34896 35192 36194 5081 14577 21605 11257 1544 16323 428 8100 23504 5599 14447 16040 9194 1676 19054 20443 26560 9553 16408 2577 24831 35790 16211 36573 9575 32826 29568 485 26854 1129 5988 9462 32576 17286 17774 10327 13204 3115 33532 10140 32806 38890 25943 38632 32215 29904 9603 18802 19666 39713 8624 20573 36335 5338 22717 25104 9277 5568 35658 34023 30727 33819 26586 10033 20564 39255 29059 32746 3779 27548 38780 21001 35872 3522 14698 16779 6415 36541 9471 28275 31650 1017 22822 270 2637 11207 12717 38412 32362 2698 27302 7747 30684 7814 13719 16394 15525 32045 14538 24802 29079 7610 21710 10671 24888 7971 39267 6751 948 347 22913 8517 15480 4789 14953 25710 6980 3607 20925 6994 11118 4555 35661 34381 18468 34567 17488 10990 4497 15769 26944 20011 3063 37735 39372 37411 38403 8026 9165 2414 26471 16377 6464 18625 33673 39525 6465 39437 18875 8955 10957 17788 36704 10895 5415 25374 32733 19638 8829 3030 13791 32731 37492 16256 19512 35332 22951 14651 3657 1150 14309 18577 34089 24318 20080 12284 38701 35827 34118 16240 18033 5446 29732 3098 37116 39385 25261 28332 18200 11183 30979 3338 2489 32063 30123 25873 22867 31857 13233 20224 33317 7087 15448 20994 396 16515 12190 25397 35413 21586 4583 32032 14792 11543 30089 17986 19653 15376 34077 29558 19518 28913 28819 4587 36197 19528 8598 34420 1963 3944 6462 23086 23259 3176 3508 483 6183 32760 20912 32426 7041 21315 4971 31779 30146 36647 580 5390 1187 23145 28811 30839 37488 28144 35976 9411 22405 31317 35557 13317 4499 27843 25799 8887 39812 24270 38578 35979 31348 32504 31212 26317 7223 22212 2308 9954 31411 11397 19152 16200 9221 18125 20630 4241 22684 3456 37509 14757 32436 29628 32652 9591 24973 36282 22473 14866 27596 13842 36665 20175 35103 301 21218 22610 37066 31681 37796 39954 24377 36555 38674 9550 28904 15063 32412 28468 13518 3153 5547 39262 36487 9251 11554 29352 22679 31130 16975 24841 24058 22377 33287 35467 11929 1617 38667 1306 29477 1114 21426 6827 24028 1325 33996 22204 16293 27143 14943 23287 24637 36069 4773 24625 29508 37927 13255 22655 5387 26832 27785 16742 5444 13723 21234 36416 1093 20217 25045 23051 36858 27229 22470 36896 30287 7943 33179 11547 36868 3920 33653 18132 18525 10266 25372 32355 34968 23477 17225 4635 23678 26339 38762 38815 37731 29692 28895 3794 38433 21220 25097 25474 22070 28720 34384 21672 19613 9101 22713 36849 12103 15970 23869 5334 36901 32449 17578 25652 26535 1300 14939 38657 21925 37937 33102 14880 37272 28882 33171 19592 19005 34647 37657 19851 32067 10797 36622 38223 19241 17810 2234 21635 3154 36539 10067 12826 564 38981 20716 22897 18213 25520 5120 24999 12325 29530 18602 8528 23398 10768 7945 25408 11103 8111 15442 13465 7449 38026 38532 13648 35485 7953 31078 5400 6792 20943 8561 35816 34909 25829 33193 37559 9319 1470 31479 36907 28186 5450 1719 12591 11037 11775 26259 2789 11105 9892 38283 34634 11526 39045 2436 3457 24344 24846 39788 22762 28267 30278 5817 15705 8387 9692 10777 683 2878 34383 11054 1320 33237 20361 28737 16615 32994 36244 9741 25350 4571 5721 19684 15930 36611 5153 32850 31759 38598 34608 29181 26925 33360 8102 1904 22797 9805 5110 952 20241 6702 3288 31628 1584 12116 23156 26016 4998 14653 33186 25044 35822 20900 34186 32090 7463 38957 20931 35092 5219 8358 11445 36514 8063 3019 10338 29164 21483 31693 26256 9404 299 22029 22020 17650 220 13340 26867 4630 37666 17621 36331 5278 14762 2923 13837 18755 31515 15418 543 6024 12519 16760 20032 37579 9781 35052 24140 26762 35500 27514 27922 31645 35471 29681 32281 4235 9795 35834 36432 10167 25582 27934 37951 15264 1813 22039 20127 30840 34933 32367 26596 13455 38608 14168 4937 35573 29317 10097 38889 33164 25348 27328 30104 23387 12571 17806 32641 18879 8287 28365 36982 3118 19645 13359 30843 33448 26199 12585 22206 13395 19453 28009 6032 29883 34834 15046 18212 25315 22278 22254 8087 31598 6717 37682 35208 721 25992 24607 37856 4556 20447 13348 25121 19247 13664 14619 39308 14737 18929 17723 26066 32015 15648 35679 12720 30964 9353 22036 11125 19607 35423 28689 17954 4944 24938 35631 35717 20402 23744 35520 26814 4659 21757 30991 15139 24644 14084 15816 25273 10493 18019 37956 5497 1796 34033 2738 15035 30040 6292 25755 8166 10492 20103 11338 33286 38801 38381 26593 13461 22829 14923 21007 26984 21332 33400 23620 1646 12728 1628 18273 22912 39138 23208 38919 38417 6266 21744 18650 22833 32720 20213 7860 34371 31091 15558 19627 332 4037 7710 35389 36523 32561 31289 30703 36145 20628 38887 14980 35493 22618 4163 12763 14420 5168 12978 10263 25593 25932 18098 23297 33389 5624 10920 32754 5050 11686 5540 8073 15169 23945 39341 12721 24005 31048 34418 18253 2869 13279 354 15611 16567 7962 737 8835 5425 17022 5694 26042 19827 23568 11487 17185 13777 1729 25127 6621 8421 2391 36526 20314 39413 30719 6777 31362 28561 33015 29261 7551 34163 28581 31821 11638 20067 10221 14052 12651 22176 3209 33454 4920 24800 16946 31764 37496 12644 11989 20708 38791 25781 2400 16142 25500 15312 12210 35862 16571 6629 17611 12227 3035 1053 14270 13019 6894 11948 31974 2112 871 6488 16501 25435 13057 30456 31617 30016 5823 35652 26075 39382 24107 35608 24463 29860 33997 30567 4764 34803 36861 21411 6481 3728 3022 28841 22010 5558 32388 29915 22742 33368 18570 984 13192 8274 23693 5504 14741 27397 16059 39293 7457 27288 30573 21065 24152 11315 23131 17907 22196 5405 9574 24975 5067 26507 38823 10298 1805 34169 19914 5225 9213 13607 28839 12083 16400 33495 35954 1007 35589 14955 6487 2019 14934 105 27774 10048 38882 13342 34468 8185 20733 5928 25930 22722 23036 22503 3549 5746 18927 2962 16777 38758 31035 37514 3883 22022 9365 27127 16456 21086 9703 37548 25502 1033 21089 11723 3253 10707 19547 18006 15348 12076 13745 25560 4083 38552 3629 13494 34748 5515 31566 15250 19967 11264 6501 4801 27107 20262 8052 6190 17168 5561 9256 23627 38344 1964 27371 19654 14998 39150 37082 14710 32692 12525 21230 38011 4752 17223 36135 5280 24465 33759 27003 6319 39301 21749 28363 26315 2740 34455 37394 15443 1004 8750 17229 17709 23146 13521 37663 17856 35639 11518 36181 2461 15210 505 1380 17652 29794 27887 10675 4743 34709 9175 33484 4545 26040 37392 36334 7696 23708 25752 4498 30852 31532 34526 2209 17659 17859 23034 30525 13817 19397 23509 12219 10923 16987 25666 10995 35422 3432 35079 15882 35773 15207 32100 29205 24737 15030 28928 8019 19536 34200 8267 29331 39423 38135 20492 24129 30768 15245 18355 29722 16335 30139 21963 39540 8069 17119 29587 35534 10193 10711 7012 16861 20903 5459 22211 11754 939 3946 39450 28080 33336 36728 32158 30748 6745 19853 32164 33915 16309 26912 7245 22112 36985 20599 1051 18741 30052 22000 38773 20023 27387 12285 28533 32593 13265 17013 11515 34504 31076 33936 27242 8523 6264 1346 14969 2476 30330 27423 20986 31873 15668 10699 30288 35945 38421 16846 28440 31806 15172 9986 30251 37985 1897 22612 35181 4724 23726 30578 34116 37077 29065 5761 32307 29479 20501 4811 3157 542 3384 1673 20821 609 9904 12733 2587 35701 25912 33692 20060 37801 28885 33681 18328 33323 31323 26788 559 29231 16620 21555 33478 17323 27284 23810 6156 6646 36297 37420 24174 13859 5191 21341 30818 1429 12146 34051 20805 2057 2553 7687 20225 5122 32257 19211 11701 20434 23408 3601 20996 39281 21443 633 33869 15883 30976 8442 27915 32453 6401 7317 6121 1136 280 886 26606 38459 18074 569 3707 8246 5205 34812 725 13551 39481 8079 6616 20843 14932 30224 17502 22428 4629 32626 10600 21823 17209 1101 23661 27203 29043 30379 35570 3043 32220 6332 32051 8398 37181 35849 5869 10844 21233 6504 5903 2458 33672 37982 15472 35480 18821 8288 31892 36764 35805 32738 3422 24397 17295 17432 10620 22827 21040 18773 32655 34316 21628 20066 33109 11564 16092 19139 23284 36958 1358 15830 18510 39462 10543 15684 6886 25689 7302 34059 28482 1605 5906 24023 16772 14508 18638 10538 16817 11787 8707 18295 33527 28116 13641 19819 20136 473 3816 5095 20967 39585 17809 12474 37955 12547 8947 37414 23972 26097 2671 22981 35045 36460 35715 27190 10658 14373 4471 34259 11717 2250 29544 28922 7065 13101 8516 7620 31171 10233 11274 12612 13373 9948 24428 22543 603 8335 19016 25731 31686 19985 15077 7414 34470 18851 37211 3875 6898 34706 19774 28788 6559 18915 2050 15366 13362 34034 37969 22899 33983 3263 34315 30149 32168 13594 16020 21593 24780 20293 22670 11436 11769 15809 6216 8328 34831 37276 9481 6681 39695 20446 25641 23863 37483 39086 12936 13667 33535 35982 34565 14469 9489 29177 11247 22694 34098 17207 15704 10720 15226 26324 24277 18731 1577 33080 22122 17511 3815 39170 39879 1487 31296 34950 20244 39070 3505 26632 15593 15706 22589 12220 10357 15758 14642 26176 8633 1908 12454 7203 29312 27064 1949 30327 7571 30905 30232 27581 37629 23800 4510 8826 37128 30027 20720 3766 37457 28084 29320 25395 33644 18690 12456 30670 3880 1147 5534 8353 25481 23184 147 34067 38382 36760 10360 18908 30745 10562 16105 24294 35490 35514 8957 10515 29166 12745 11460 10992 6364 30171 27564 12841 12715 36932 30826 31587 17459 23308 12407 9094 34901 37740 26624 34408 35810 5445 15956 4378 25563 25313 11376 36493 15344 12260 6631 12565 32848 35183 14731 7406 2254 31064 17118 30716 24017 32959 39415 39678 37621 39558 3974 8569 32330 13146 25310 39113 27763 16849 18622 18501 12003 13857 30440 39096 15284 15831 3620 36049 9432 29379 18404 9901 2964 37942 22084 26154 10204 11966 17720 15003 16499 7064 12168 24082 7490 18105 23784 16582 24708 37339 34802 7974 33725 35994 16665 30688 16023 26485 17196 7935 33284 17668 24595 20375 31394 17571 5468 33909 345 27896 31307 12816 36789 28488 31815 30806 10252 2136 14026 21026 6906 17589 13259 8980 34161 18533 196 31324 25617 36791 15389 9561 14895 27194 3714 36620 13558 29466 15131 12430 17088 39407 34361 1814 7692 23008 1188 6411 12602 18698 36343 39455 17170 32899 22544 39202 16451 12913 21119 16606 34597 39888 11817 28071 6957 24063 17163 14830 28132 22848 13212 35980 12677 16617 1271 17057 17598 27743 29642 39568 2155 17766 37446 19388 8609 14099 36746 37236 9598 21967 20143 1236 7260 39652 29804 2377 11542 17672 16000 5401 960 37237 23442 37329 30309 12952 5814 7258 34830 28666 24309 26773 34740 24946 34130 18637 5804 23440 30375 31769 38983 19615 23026 13433 26547 13052 6154 36144 34770 2933 39785 17410 23168 35212 4892 28070 8070 28086 6479 16625 32807 12203 36763 22103 184 25090 22909 12053 24698 6450 27883 30864 11223 3741 39050 11750 14464 22195 22108 20498 33044 26506 27420 10737 31885 13376 13188 19798 29585 23786 2026 23073 503 20911 5619 9955 20761 18814 17928 35831 17683 11544 32732 18819 3893 23207 37352 4934 30891 5490 13937 7768 17343 29319 28456 29938 5173 34412 25304 22690 20782 18974 34012 18788 36403 19267 35373 23022 9115 23707 36365 19392 12054 16357 17687 13449 12320 34622 24966 32844 2504 38997 32646 36185 1671 30563 36744 2031 22388 9367 29809 21623 4835 4239 31804 38509 30755 33741 19599 15138 11617 18893 889 26104 25053 29835 910 25696 20779 6890 13798 21676 36816 13397 35612 6769 33509 21470 28653 14233 31175 22570 5607 39912 24901 4470 24678 22978 13432 25245 10732 26117 2178 19609 29832 3987 12583 1515 14507 27013 21923 20459 38145 28077 14226 15287 7740 3732 391 31140 11799 18084 29831 25573 8263 16002 4609 5474 25679 10989 3306 38466 7517 14739 29589 36638 20303 36613 38401 23214 24474 6842 3075 11046 13103 6774 21859 29930 37255 15189 5123 35689 636 38495 6892 25794 38817 20880 36818 13273 28828 12416 34099 35233 446 1742 17507 37347 35201 7645 30097 29325 35394 25586 35606 15914 33173 23481 2576 18576 8838 255 34234 16637 38881 10859 14513 32915 115 11663 32981 36960 21454 3936 31887 26824 8759 28727 10471 18832 27935 12901 28025 39172 14432 402 3148 9927 27151 18450 35600 15345 21648 10596 19034 7958 12976 37161 36140 28756 28801 23191 7658 18478 14417 28329 36737 31318 24652 12 19758 2079 18480 32261 28939 26210 29606 10581 20617 11941 38242 11795 23572 24363 11854 27185 17903 26808 20469 27012 31855 11198 33471 35642 19812 5745 34542 38652 5830 23331 36509 18205 16797 16682 18961 27246 8123 8411 31330 38775 9814 38746 13834 16009 1412 16243 8996 5702 1745 26880 19998 16790 28997 28880 32140 23141 26167 6301 15061 6734 32982 26807 929 21103 25243 19800 18301 9864 15388 26892 32021 9158 3632 15988 21754 18040 27562 1275 30939 39411 27710 5380 15118 7572 31474 34884 8602 18466 14247 31660 32073 27874 29375 24010 23077 25136 5969 22067 9572 33745 37423 22295 36660 29081 27086 22932 37370 19440 1505 9585 34032 27437 39325 27772 16577 30986 38590 38136 23929 33393 39179 33116 4720 32622 34287 29033 37058 5417 33925 13252 13592 363 32219 35144 6984 18333 13796 25235 33740 7393 25276 1389 4945 28262 37484 23670 28566 24493 29233 10876 33245 21376 12529 22894 26107 23934 8636 21953 14271 14290 7942 17016 26313 15332 18157 8193 18794 9517 10889 24684 13522 39928 7381 712 38007 25496 25967 33604 14569 10409 34733 29371 21472 16393 29965 29536 17429 6026 31055 4591 916 14882 13392 2120 37861 37971 20196 26218 29270 17133 5544 6574 38589 37704 10893 30633 26261 36642 9355 8037 38840 136 39883 16122 27788 20788 35303 23256 3281 7867 17658 37693 18523 4061 10509 18117 18678 27681 39694 25517 33046 5127 37535 11877 28231 35683 28157 23015 3954 12313 34860 31178 33765 15446 30328 12773 26649 34310 36655 39729 25203 4910 19117 10440 18134 24738 13676 23771 33813 12387 36210 23354 24551 2630 35003 20481 4194 28692 779 12804 39916 22960 38910 11984 2921 13724 19059 12974 19743 31982 36550 20760 18361 31114 32808 36026 6757 19123 15120 20786 3482 26790 27493 35603 35151 31614 6606 17882 4818 31286 33636 12400 23622 38625 33412 2770 6604 21268 38928 38952 33751 15835 19277 20283 8470 31756 32081 23753 20478 2736 29749 34616 34533 19720 1511 22866 37306 24609 22983 16133 5871 39456 2668 20379 22494 2289 38620 23610 3599 7680 4974 37153 19409 7452 6249 19861 25259 10220 20432 11001 22106 29608 10330 5470 38921 16265 36751 27722 2747 24088 15430 34007 8154 18446 14141 29846 9616 37315 17872 17602 30420 11446 14966 27494 13863 26623 37993 28217 39354 8669 34545 27060 3029 32672 33572 14310 27906 34484 12984 8665 38398 15213 15504 369 25888 34330 3885 23201 29490 9687 35243 7720 7894 5351 39897 34079 24469 20884 16878 21476 22877 12557 38587 19027 12365 1285 26665 52 10981 25322 12159 22929 20806 27829 32574 29972 32761 39162 30616 31565 10982 19981 4976 30299 24582 4936 5140 10830 30093 15280 18013 30823 28682 32350 36195 35128 6873 676 20698 25312 31464 24725 36670 27694 29346 35160 18751 31948 11012 36527 16178 33963 36833 3041 12971 21553 1315 1945 25123 7639 31312 25069 17326 361 24850 12771 2348 5088 9269 37911 24178 19115 15531 7238 36168 23137 8289 6519 29639 19080 35314 4702 39579 29571 3704 33511 5723 16150 7129 37673 6644 2703 5751 29407 24855 28865 23918 11794 17831 13931 33921 25078 28584 29113 32276 9762 955 24291 21038 29759 33257 37935 35365 10999 27587 18096 17235 39059 4247 26373 18087 3865 12211 33339 39554 175 5604 21577 11689 850 39469 4346 7227 387 17735 24905 2828 453 1863 38750 16636 14914 29824 23913 22743 37086 1272 9232 11728 6420 5638 10003 32017 20310 30009 30442 613 31255 29648 25254 30980 27767 18230 11968 4749 26400 35481 12498 28138 26458 21829 18685 16248 34521 6908 14038 15502 9151 6018 16934 35545 8107 12846 4087 33466 3673 31267 16511 33402 20606 39187 34556 2445 34040 11869 32712 19852 10622 30167 22033 38125 7880 15535 31634 10216 6042 18390 39834 30526 23915 28103 11667 2274 24239 2372 25558 2590 21289 31933 4249 33427 16071 661 35775 27381 32082 27847 12685 39452 14536 36467 33258 1644 22303 30325 15159 8275 13297 18551 25257 1552 1213 12964 4237 32494 12596 7748 27993 27412 19192 18022 427 39833 26980 10915 23460 21327 28778 28610 14938 31220 21042 29994 22486 10818 14308 22479 10983 11215 4644 51 15625 5546 6965 31677 25910 33136 30155 13353 26965 18331 20298 34723 2744 36295 28056 4165 6915 1902 22455 27517 3660 10282 28655 2134 38014 8337 31108 10139 12264 12225 1398 26707 24081 36137 21198 4704 29756 36001 36353 21083 38441 15530 8984 3509 24894 475 17195 17566 30221 35704 35425 35268 29727 33637 6203 4503 5010 9973 34017 22117 12943 5008 26713 12881 27057 4307 28645 29303 21515 17937 7127 27871 33584 1312 827 13576 33006 12078 23775 27171 15044 15546 12218 27451 12034 29913 13478 11214 16903 15935 3127 34288 4790 18419 20269 7124 27566 10211 585 535 23048 28934 23979 3458 13749 11085 24953 22586 20261 15693 21763 17227 31778 8583 28646 28228 20673 34096 22241 35907 26338 8610 27479 8178 38537 38353 38566 14553 14645 1943 30788 19474 11355 36299 9370 13162 7354 20705 7895 11946 34332 3013 19640 30550 9425 18694 21849 8719 15934 36752 509 30970 32802 28435 14831 9297 32433 18248 28210 10936 16181 7712 27111 2712 11426 5222 7524 25747 26004 3633 14021 13262 31031 1036 22410 16646 29389 29105 22549 16926 32767 5747 9440 7510 13515 38396 34448 17369 34531 39269 20690 22454 26518 9890 26204 2370 22282 21383 18218 3798 14110 3761 13706 11371 19934 11391 5230 3084 33807 3236 38440 19506 11949 33343 13867 17759 25980 1474 36271 16618 24619 12019 27713 27355 16396 3396 39210 36897 399 35342 31167 11509 26522 33897 13281 26441 38992 3364 32811 14793 37578 20818 32259 21594 33756 21108 38715 19291 33680 23353 24040 1858 30494 32308 39806 1812 31739 13585 28100 25611 39727 4209 27489 15206 39786 10874 10881 35971 36736 22915 24563 11495 19043 17046 822 35830 27382 35089 15173 21497 1040 15726 35421 13955 31119 39005 19147 30177 35711 7033 31416 25984 1986 15629 4615 12472 33529 29313 27050 18520 17545 38925 17353 19866 34044 34768 25120 33873 33014 17428 35579 34639 20495 33071 24639 34615 31189 36430 3709 26669 36886 13456 4559 548 1598 27712 25478 14749 3181 15347 29441 32347 9582 38347 37152 991 10655 17411 2938 24390 25642 10525 22870 9835 21189 8483 2395 10324 29541 6110 10451 37710 8028 25007 34816 10135 33238 36828 37721 7959 1194 38480 10495 14093 22243 7734 38198 5189 18836 23519 17148 33095 39725 11960 18619 19386 19417 2959 17912 25352 15322 23524 1955 7624 8264 16750 19339 1159 16930 24954 9282 1013 34953 13177 17549 9650 4548 22844 39489 20302 13903 16909 14343 8318 22053 25775 30635 17489 30135 31850 26875 15762 37090 23548 13408 5138 8204 28394 29046 14318 32965 7453 27487 3433 29122 20105 16941 19467 4167 12304 32693 33850 32827 18786 27398 2648 16676 5673 15327 11328 9655 2303 3663 34891 32683 38700 25905 20838 5374 5034 30807 12740 35675 24099 38389 31919 5696 35685 27909 12544 2455 5782 34390 21439 26815 7582 24195 32816 18761 33612 5372 8706 10681 14790 4179 14243 15976 29249 12828 22065 13732 12364 32176 16062 112 10417 38989 27305 31292 6578 35793 16565 12563 7424 10382 4809 13746 19000 37107 13892 2508 28453 30507 12457 13952 3647 13993 18053 33244 2981 22997 20800 5503 19163 3437 23859 13239 10398 1414 27158 12085 29689 3188 21203 992 14426 2799 23795 28628 35096 30575 5282 10824 16576 17000 8332 11812 32546 622 17097 33586 24844 13325 22535 4331 28886 33779 24311 15466 14742 7824 17443 7986 5200 31499 31466 21185 36023 557 13705 5676 15827 38368 18840 6243 6095 9679 11389 25368 30238 25464 23400 24847 5967 14199 22469 31067 14630 11647 15125 10974 33349 5922 25327 12015 23552 26232 8641 31915 8657 35691 9850 13079 13438 14594 38561 21473 17134 14236 9264 19019 8797 38197 19824 2328 917 33984 401 23430 35566 20926 22004 39629 30738 28800 16249 37324 18428 9949 36925 25191 20264 13946 31310 22414 3639 34873 29613 6976 28130 9389 7543 297 1755 324 25321 20389 19857 16525 31508 29847 13889 172 34931 1124 10794 12521 30542 38618 34430 14195 15114 3284 8384 30802 18739 3403 18732 2080 34122 8630 12473 24372 36988 29021 14572 25307 26362 32474 30936 2251 8008 29248 29527 1214 5324 23833 8825 9261 31039 18553 2471 8728 39753 29381 31758 623 7113 33472 38959 25764 29556 4784 33307 26960 3057 21809 26310 13879 3786 3266 34888 26401 31012 33851 12831 12270 34907 6847 33894 24753 14662 39440 34827 34150 20064 24605 88 20870 23658 8730 3278 22166 12189 24632 37805 35305 23095 34878 1884 21508 14036 1400 16373 7885 8031 21780 13266 7630 19199 21100 26550 36502 5698 11982 4880 35110 18600 11113 7683 7262 38467 12868 32783 26545 35728 5362 12176 28530 9320 32569 8084 11525 10468 14062 35473 34086 7598 33580 32773 10366 5076 7545 8098 5562 2634 12806 24978 17079 247 39988 23241 9843 31943 35955 8566 29995 33435 25320 16602 695 26341 6460 22447 20120 16857 10744 19203 19494 28600 37168 32591 35186 31160 17897 36863 29524 31914 8703 34593 2076 6325 35287 22835 9295 16428 30333 17865 38319 37388 6461 10380 24510 22758 49 39782 7684 5925 29073 26767 190 4687 37507 22687 16999 11156 28605 21013 18476 15551 33345 10838 31724 2188 39602 5328 34805 5319 13858 36778 31281 31013 28169 38458 9707 5235 37881 25550 4886 24416 1104 23760 29140 4183 25530 5796 21219 9763 20048 9968 27250 16806 36973 15400 24848 12689 14505 2187 1899 7455 17041 17071 12164 20979 37068 2708 17007 18550 23804 2931 27985 25837 16794 13652 20040 35459 6922 36913 35564 8783 16651 25126 32575 29927 34462 645 32234 33780 32470 26716 26626 34905 18497 5722 38486 15412 3144 34464 823 20662 19926 1807 16530 12381 242 5984 12801 35657 35360 23890 22989 16084 3609 7000 5376 39749 29910 37618 7145 23328 3460 1473 29797 22404 32830 17141 33713 11901 32232 36095 2420 26772 34958 39908 12261 33344 11999 12021 9905 24957 13625 4662 12160 37845 23340 34879 7231 13134 23623 21159 12873 31008 22845 34208 27283 26056 672 31588 10750 23590 22601 8975 1882 36598 28623 17639 20019 18254 37506 2640 642 16630 8152 20247 39960 38366 39299 24503 10670 28527 6832 26285 13499 19969 36215 669 9586 37880 17250 27565 6650 5785 28044 22872 34656 13830 34286 18438 27053 17356 37486 37113 9444 7671 28870 11628 8963 10832 28017 5805 36812 24437 22555 13427 31032 2568 5932 37064 7634 17220 23637 1715 37631 5797 13022 27394 5086 34674 38472 39574 14115 4011 5505 23713 10381 35224 25816 38255 3200 1827 15580 29411 31694 34882 28603 24793 24664 18823 24042 36015 23960 14259 16197 17791 20049 21150 23903 33263 27591 26238 20812 36153 18030 33149 9971 12462 27626 30105 19582 33140 3986 14750 21329 26119 12605 5070 7783 2734 32166 23896 6596 7285 9130 36039 33616 12946 1046 31184 39617 15279 28176 29698 2350 16148 25726 18145 5185 29080 31026 2745 28582 14319 12147 35511 4060 4150 21096 21406 21549 28313 5606 14811 1901 39224 5893 33746 7467 9963 17844 9710 20350 21201 8506 8213 5491 5972 25955 4821 11687 37171 10061 25961 17541 24125 36619 28919 15326 5174 7688 33248 6840 36845 26219 38100 6390 8083 23083 7132 24374 4767 18894 8029 37599 6538 6562 29339 3850 25033 15997 25418 21221 1310 17442 7312 6199 21716 4742 36342 32813 34270 3762 9318 21837 3953 26121 29327 35032 11303 35998 19643 39587 14408 28560 2540 24230 27820 29254 29023 15293 7516 12707 19452 31533 30856 10759 17755 10867 23816 32329 26260 20172 37575 3463 21881 39838 29781 8142 13073 36030 35902 2295 18343 26100 21199 23303 2444 3166 34278 19426 36434 19092 34337 5577 39194 2955 36867 32612 7659 11510 8011 19476 2953 21210 16588 6174 10082 34872 20641 26810 24043 12781 14718 28494 7854 10030 14406 12056 20871 27646 24338 5155 24868 25221 8457 5795 3847 14965 21949 12811 4745 36903 27314 16943 10390 29031 23385 21053 24731 5779 16938 25065 38165 22631 19364 16774 13514 10702 10695 32071 19579 1334 24638 19928 18782 7099 6131 32458 6104 5013 27526 4188 512 37462 5370 25385 19073 268 22003 38024 39190 30914 28754 29651 38126 6835 23925 25193 12837 36361 2332 31191 31978 35190 2225 30600 2957 31223 25305 14045 4467 14927 27946 29552 11032 26453 31103 9387 25894 24872 23188 7597 1200 25674 5726 17821 11592 18431 25309 38871 14746 23847 31321 15787 39334 4284 6445 23597 25217 27625 23192 25547 21247 27731 21393 29024 31019 21668 28850 35071 1060 14294 22076 6689 32879 38970 12057 19726 8901 22281 32456 11202 11727 38915 34614 16415 29428 10503 17059 23510 30242 31641 14733 29358 21914 18746 38996 35666 24900 5892 1830 11329 19920 37120 805 519 19110 20554 3856 15757 17955 18023 9541 10002 15841 31727 5554 813 19001 18167 36177 12934 26011 2375 17214 19764 7050 39073 36002 33188 29884 31941 27797 4893 22886 21248 13701 36399 7177 19094 30219 20833 2446 25494 6245 15732 16228 798 11063 23916 11431 26335 5336 4746 36220 19715 22523 5526 32405 37563 3442 7179 9600 15479 12268 37560 22034 1959 19245 35231 24171 16854 12627 31927 19990 23299 9141 28167 30353 9815 28078 28336 31150 30054 28905 12882 33295 29462 16234 33598 18489 6526 39461 27206 8919 34583 38539 12796 33119 29858 38830 30944 39145 21076 29866 1971 3727 1021 29983 12253 17930 27154 37574 7690 8376 6118 20747 25164 28963 20276 9903 36308 22217 20581 37111 5663 26055 1520 26244 29862 15353 7608 14177 3294 33465 30268 10190 4536 1941 39909 37127 31993 576 17579 30827 8981 21331 2934 36143 27753 6184 6883 20309 9466 20927 1514 39899 11213 23967 3376 15298 38462 25899 14066 1973 36165 25904 10106 6425 7794 7220 12982 4780 39140 13001 13096 19668 32228 21435 33968 29094 6836 15505 13452 17819 11387 11643 38269 10952 19502 13308 30541 19525 34236 29135 27135 35797 18346 8899 24006 14952 14113 17932 4900 38728 15251 18282 3138 30185 33683 30630 12138 1440 32926 18317 23148 3596 37428 3027 36800 29670 32173 862 12382 22366 6470 4370 5047 1133 7180 18241 9740 8597 25106 21087 22904 12505 5683 38221 38351 27310 32988 1950 20158 24154 9448 30412 4667 9593 36305 22178 18749 28387 26327 34053 6091 20845 18126 6841 36419 16889 20155 3377 35541 32481 10284 15656 18709 14289 30424 26930 24158 8977 2588 19626 30558 360 28349 33335 26227 26658 3857 11629 4922 37849 4792 36498 39248 32757 23099 934 29349 38438 11807 4896 27007 35036 17469 3966 16631 6212 1433 1886 13464 37145 11536 16214 18949 22209 15060 26604 3211 31510 18537 10226 37884 7808 19064 14146 20004 3905 21364 39201 33341 4617 22328 26553 13289 39688 36540 6806 25784 17830 32299 30824 17509 9445 7010 16433 2526 6417 23305 36623 36591 1246 13459 8150 26389 1615 3811 35917 4323 3985 16172 434 9816 16263 19693 30405 14696 9403 23823 36463 21972 32937 28010 4519 18483 30399 22394 24098 36148 36705 27101 8997 36830 24323 34788 32242 23399 25124 9230 33605 33494 13617 16558 10753 17833 27199 39399 15274 9150 14054 27991 2252 4804 15467 4122 33155 2643 33386 31427 23602 38144 14314 17536 20425 4458 10326 14522 28795 28117 37699 38402 20204 26931 36283 24682 37992 24255 31553 30290 38280 29548 25479 15064 22292 37180 24004 19159 20640 16529 32178 12142 29360 26123 21516 37690 36359 16260 655 22477 35577 5461 21347 23266 3343 14311 26803 265 38394 27081 15590 5582 8286 30661 7713 18081 10646 19329 20722 26412 15071 39349 31278 35814 34076 3793 27856 29126 38764 4490 2714 33350 14300 38748 26139 19573 39810 13840 14055 6028 7232 20169 15853 21798 703 21711 5434 34478 2483 23755 13048 36753 35474 31001 30889 25797 20114 32670 9292 13409 35161 37083 18378 1257 8439 30284 7617 3112 6085 7738 4422 39726 8300 7641 13316 21073 35311 16423 30554 17527 32505 13489 2766 9275 34402 11464 24089 6453 37922 8319 19040 39718 17015 20872 2469 4608 24936 16206 34447 36239 17132 32570 14332 28110 13530 15542 29239 260 26424 8492 11022 6263 2062 19838 7295 31275 31560 28200 20233 31582 37046 39665 10644 35198 37755 27015 29075 8340 37464 16235 13055 15184 39761 6294 9329 31373 15036 3050 12206 23997 461 39404 29986 34800 16041 39153 33388 23779 8808 7130 31218 26760 21801 3093 26387 11289 4200 24306 32455 4052 35868 13715 13009 18031 37491 17625 16113 31106 39569 9880 34002 37285 1497 7711 25527 21293 33053 31120 7418 6822 10134 8756 6220 35018 15564 39501 17349 18526 37060 4228 13054 38222 24594 32137 24560 36410 4335 7691 31674 31100 32525 14888 19379 9410 1137 30952 36910 18514 21496 11075 38549 25664 31688 34498 26876 24932 29533 13757 36548 36915 20107 12265 9394 24647 26396 36635 23389 4195 21045 20182 13191 39007 18259 37421 36729 5829 3545 31609 9808 19098 27066 21705 15004 30655 12864 13321 12633 37144 38025 24706 16553 18835 26845 31442 23276 16668 28406 30990 4034 5270 4504 31083 22079 9324 38524 27530 34271 26748 32728 32849 30387 21563 24749 10146 9201 2223 7536 25367 19454 25935 10701 11307 28090 18101 14241 11611 26691 31537 11224 24274 28854 33939 23239 7379 26067 16388 7438 704 15381 38833 32921 28463 38444 4907 24361 27614 23107 18599 33023 27018 24402 34660 12623 28662 5979 26344 27698 11351 18855 8510 35546 37365 12758 2626 6303 23983 33161 13982 11505 2346 34587 39206 20822 570 11748 7998 19583 29035 11521 10746 14515 1574 34928 9810 32462 38178 25095 11747 22488 39696 20777 11972 33157 5030 4193 38733 6293 24385 33588 23838 29761 14187 2597 23993 25287 15855 24383 13030 8736 11194 14949 27640 36041 34483 18745 35163 33970 19144 16910 39466 16788 32651 3201 649 35794 26046 6992 24530 11735 15491 33608 34922 9449 33901 20082 18813 15252 31842 12433 25393 10243 16727 2205 28161 19264 21277 4502 35886 32231 10855 21930 1995 30904 18217 17802 21824 21637 23066 35349 19193 3756 21810 9776 4173 15346 16891 6590 3886 25860 8078 36530 31619 25879 1158 2706 27093 16025 36856 29962 26727 32037 30091 39523 33883 23011 16753 22561 17737 25495 16715 7085 26382 26795 15484 7930 21105 27682 179 13294 30348 36783 24920 38809 38090 23449 29555 17711 20450 27684 7313 7269 23302 14441 1120 1035 15358 33196 13282 15753 20544 2467 10856 21117 919 8103 30345 22384 25014 21700 33351 26133 20185 20363 15681 35769 30754 7791 24613 36564 17917 8265 37684 8767 6446 35203 20474 6195 16353 6711 6307 22269 19355 36891 29119 14474 7218 25882 9557 37157 4766 3212 3073 20068 12169 12466 16710 39245 18366 21415 20595 2297 36585 21250 24331 33251 8786 29738 8879 3965 15649 12907 34441 7547 14360 18972 8811 18296 32660 17948 6173 2253 38899 5714 26084 27351 25439 16207 24704 26290 27815 38525 7024 25709 27327 11343 3205 26681 13474 12932 39454 36229 26213 18931 909 34399 1197 9997 30047 37125 29328 2164 21440 19841 39873 24758 13298 27249 22284 33750 16445 39867 26294 1065 11370 2192 21767 25981 24135 11579 6787 33960 18382 33774 26548 16758 36666 25297 10712 8324 32161 27926 13374 28042 864 12637 36479 23030 24929 537 3430 20460 18647 32956 15946 5367 6352 4927 12725 3690 39173 7675 4970 12669 38786 27534 26510 20923 27299 27715 28465 26768 33646 34434 9484 571 30391 25766 14919 35756 2804 5592 10196 38118 23002 7154 31073 24809 25333 13441 22795 32739 39563 3527 27627 1591 19833 24271 15438 29460 12384 34651 2485 27557 19526 15497 38068 36499 10908 36035 32901 27855 13673 18805 20826 28251 31298 5695 7491 1171 32210 2967 21526 21173 22824 20604 7924 932 20351 39482 33994 33022 22330 10100 35073 10465 26742 2100 1751 30676 26570 3350 8188 12467 6373 23161 12611 22236 38163 9872 30369 30882 25616 35416 35170 17135 9092 36446 38169 24981 7125 14263 39148 36093 25035 248 32907 21099 20212 4453 15222 30388 29623 34943 21251 12536 13933 28401 26172 28670 38474 31669 24778 4263 24788 30659 758 2190 15200 7273 29039 28382 2751 2092 31949 9378 7795 6673 7384 5029 31221 8718 19336 16730 23403 30867 2322 763 18178 9441 31736 495 22789 25541 2089 34642 13744 31865 23880 3295 10229 33018 38896 36754 8175 12915 3425 23140 38999 1097 33379 4157 18837 39013 2537 16063 10715 9922 10245 37606 17157 10501 39503 3840 1061 8153 13042 15439 33184 32309 13490 24677 13613 16328 10072 36186 14034 3054 31250 2635 35880 27156 32700 30962 27117 39722 37516 32323 13528 14920 28372 24184 18930 4408 28041 18351 33898 32750 3265 27751 8361 35026 5784 3150 12630 36882 21480 37889 39051 7861 18345 21227 19959 28500 8092 26393 23829 36544 3289 37299 15569 24610 31176 23576 10092 25161 16046 27735 533 28546 6398 8500 22304 34705 36027 9622 26413 15616 21537 36706 558 20426 10427 34451 9426 30532 19141 8742 8018 11124 28719 27864 11381 9132 22716 5614 22587 1450 29083 4429 11386 35959 33972 39955 5864 16632 34192 15661 27019 10745 19271 22452 21693 30200 18989 30265 36196 17805 37583 22476 1630 27928 33635 39758 10426 4203 35625 3743 11956 6265 10718 20085 31021 25224 34870 2707 35318 27641 21788 3765 818 19564 8125 23291 36947 17528 16601 4073 37550 13208 22426 23789 22836 39844 23928 534 20598 19541 35595 17713 37634 16188 351 15007 5806 28487 4093 6321 1965 30695 20139 16289 34667 12175 4005 33456 12236 14160 1435 4092 1134 18607 23898 5133 14401 30898 39847 33129 18733 3693 2705 34263 19127 26939 28458 15162 25296 1685 2564 20404 27482 34778 34003 903 31046 26627 32779 37672 28825 2165 5344 15263 12093 27720 6081 15151 26720 24149 35127 27292 29363 25626 18020 5238 31061 34142 25357 36338 18171 26494 16216 15100 11843 39584 5766 37453 129 29171 905 16544 25012 170 21698 16218 31635 20624 31111 42 17965 24019 21665 21812 33966 8881 20819 30576 34155 35462 18585 18811 19727 9055 11423 36941 34850 27827 27157 15739 13603 3331 3749 10587 28205 1284 38860 10687 39243 18747 2672 20176 15741 33865 24120 35889 35548 39378 30949 10001 32775 1803 24310 26125 11673 6078 20448 22118 128 5389 22953 38079 39261 36681 7817 28660 14546 5842 20282 3086 10961 8472 10902 13938 24919 18367 39302 32317 26497 4056 30467 19106 19747 12347 11832 6022 13292 12280 31744 23268 9595 26789 12981 27262 39336 19248 29019 8906 21334 3216 19259 2220 23025 18937 31512 12705 7605 37716 22458 13799 9114 21168 12184 988 25251 65 31652 15856 20629 27318 36535 30610 24093 11100 39686 32913 31678 25066 20570 1298 30245 19274 23978 4161 6440 3623 6990 10295 31122 28335 32386 9634 19879 37497 13383 27618 15959 796 37816 13854 6961 15922 21391 22046 33937 24046 28146 36111 39056 15796 12405 14626 37447 31358 4338 32207 27459 18148 30511 22365 24443 23028 26493 24256 25263 3529 15103 38481 11209 19483 32046 33663 19183 37040 31457 2063 37433 34277 831 14002 35008 11556 37003 12027 35371 30188 4834 2536 30922 10956 11234 14016 5780 5430 39108 10560 2748 33886 39517 33353 36496 38217 33769 18899 25806 20934 23930 38343 9050 39184 19120 9488 36975 35415 32701 38584 34338 21883 20741 14235 37295 30134 15608 4953 17050 38820 17109 1878 36614 19177 36877 16778 29475 39567 36641 13076 38610 37262 22921 13545 37487 12026 11008 4212 38638 15496 28618 27604 3173 27296 19390 24419 31960 35795 23692 31469 21807 12373 11026 18044 37294 23279 12995 15450 22192 28694 20238 18009 8855 27431 18372 17266 9558 28258 9021 13916 1837 25587 20161 25060 25181 37722 9936 2162 7629 6444 15653 36277 14412 34199 36881 17982 27100 17993 33906 6037 25821 26425 39348 5600 4274 37409 250 37595 34694 27022 34159 36520 14661 34807 20987 37219 28933 33870 3130 18319 7170 9782 21560 5792 8135 9271 34121 119 25941 38920 8222 1819 36774 15441 38028 39594 17577 16096 132 32769 12787 23047 19233 37593 35261 29007 35549 27027 24930 18932 24182 19013 19987 23570 13583 22689 2104 6288 31010 24871 25865 2198 20116 23715 37377 1472 17935 31661 17255 12458 2217 32408 34821 33319 37055 25341 2409 34756 25139 251 9245 1759 34508 16523 7190 39508 4761 35253 2784 10322 7442 22711 34980 8562 620 29667 2452 11489 36826 31005 12445 26664 24435 38844 13908 14350 23621 2321 30512 17293 9908 32867 9820 31341 25010 13389 28557 7336 3551 29619 29646 36228 12631 4289 2352 15906 27830 6185 5384 39591 37536 35418 36730 35263 9786 13992 35870 16358 22935 6780 14342 29937 37072 17232 27949 5262 667 21354 15369 11895 17096 15750 29388 3219 25423 17811 23322 39163 17749 24242 27339 32890 33924 21660 36612 2411 7777 924 13539 13145 31675 2007 16698 7193 25067 10550 5658 33696 30045 18938 12471 4639 7514 8922 36633 9856 26164 12570 36501 12926 14950 13036 4699 38056 1850 22124 31696 22807 35915 17997 14179 5943 24218 24573 31870 22686 6247 9323 23174 4224 13356 32496 28651 9095 3450 18724 2968 26989 19173 16202 25676 31604 32420 22374 14323 36594 10568 792 6775 15730 29647 13411 30022 34497 13940 1844 1262 33595 21205 19463 1570 17957 17835 38424 36392 19008 37382 30479 7790 15176 18918 18482 14354 18560 20594 38009 18807 38949 37871 15709 15870 14624 2353 17673 20001 31632 10583 30795 30084 2064 38579 22965 10673 21882 586 21903 17256 17623 7165 9845 733 2735 2528 6503 13378 19578 25197 8831 32953 39693 4364 23001 19805 1064 29342 35116 5855 29819 1319 38311 31210 20413 23765 39276 13902 6588 5626 37280 29247 5927 4328 25355 27131 33971 20742 22517 27584 39363 7537 185 39716 36994 30851 27448 2899 33708 21827 13335 14440 38564 27348 13766 4030 27701 21946 29914 13276 25820 21664 19222 25514 33902 25680 23872 25605 31785 7320 8956 24785 34869 8867 24727 28449 995 5813 10594 30933 20831 26348 39072 10879 34321 7493 23517 13246 38799 19750 13211 10615 36243 18067 5495 27905 1846 35286 36953 22772 23719 18806 9640 32465 36538 16454 39763 1392 34401 26296 11252 6179 13649 36494 28272 12875 34766 12603 2767 28537 30556 2739 2603 21225 23553 25554 6421 20932 14044 2127 39626 2906 15837 14368 22249 23891 21970 17123 30961 39157 10457 25844 15086 16662 14501 36566 24608 38929 4286 801 13364 18719 35455 6060 6785 32534 20965 20390 3979 25600 17437 37304 17010 169 14353 9372 29537 32501 6560 33949 10012 11083 1390 4763 22773 28959 6096 20514 33093 11256 38555 17840 27461 3695 39321 17404 9842 10851 29465 5176 22423 3725 10576 39472 11189 4053 14227 1024 38839 6058 2837 33982 11468 16342 21069 30417 2175 18958 18606 30653 36449 3473 34916 22392 1877 17640 21072 14663 7846 24431 30534 13906 7931 17521 16704 14348 20654 2499 20729 26826 8552 5093 36650 22495 8970 32487 5018 6043 29509 34920 6975 16294 21400 4855 4943 33861 38574 11539 9594 6950 7735 16290 11736 5342 31899 25931 37526 474 2845 14650 4013 28830 34972 23295 30622 12501 19006 3203 21785 8635 2713 7333 17398 31185 2755 30403 13621 767 29695 37590 21368 16626 21183 39216 7875 2580 38133 23662 6338 618 13957 9243 651 19235 16375 18186 23089 14092 9635 9089 11208 1357 36160 16452 29869 36939 15069 30828 9717 25938 9761 12012 6394 29127 33513 3047 30152 30414 16952 33452 4520 6272 34902 18618 4311 19762 12802 5456 37022 14595 10007 3440 14327 36377 32054 13969 27947 28627 22737 14550 35077 31402 15598 18695 9876 11725 14738 13628 33941 33267 3715 21033 36126 22604 20021 21796 21249 4443 13733 29099 13965 10420 21697 8494 10070 39561 30956 880 501 9036 35875 5253 35086 38015 35594 7643 26376 2802 33592 26647 11058 16371 3518 30032 28303 2834 18381 4973 10643 8110 4602 32768 29208 9965 7552 8689 4754 25814 19505 419 8369 10731 16168 12539 38357 36393 7020 9654 111 24863 17631 35057 22937 8009 36086 32262 21407 15544 17304 32392 4390 11463 25155 32025 5735 35488 18897 24767 38793 25789 2496 3151 28233 22568 11024 29625 18416 37456 1834 36169 33587 17436 2145 3927 19239 4569 19482 2531 17559 2401 27616 9663 30413 28347 9043 14413 4436 38515 2779 38040 33691 18569 32182 28142 12281 3087 20784 30640 22536 27294 36697 10689 1278 29056 26035 6553 31567 22140 11974 31483 2807 11429 5994 37118 29827 31835 13406 19363 11025 34221 34181 10570 38292 9861 35939 6002 26228 263 35833 24688 24322 8117 19542 20601 30209 18399 19373 37676 26309 39848 32817 3571 38052 26865 8141 19242 25103 37230 5990 10375 35385 38864 12944 32459 10403 34751 7907 21432 39823 37852 10569 13591 563 32097 6189 36454 26607 34517 1463 25732 17736 18405 21216 30295 31787 37933 25101 16061 25370 27821 24380 4271 13021 13183 39600 26262 7126 237 34354 26975 37371 30681 13639 15846 19451 39230 12744 14251 344 34425 36385 21848 23831 11420 30017 38522 11119 33899 36104 28073 14410 29620 6876 25907 26034 21456 25431 7140 24116 33933 3105 2373 4 25601 26653 7741 8105 6722 34095 1614 34697 2979 27615 25765 3096 15994 4692 25048 36116 20329 32171 30913 12562 629 1448 9348 665 18467 3701 205 36418 37662 26182 854 26433 30519 9189 12835 35695 2046 20555 37692 1625 13431 35709 14269 24405 23313 30690 9590 7303 7851 24333 2524 28353 19572 4640 30323 34617 13306 30098 6232 7857 29123 22513 29657 3764 25068 33413 18613 10289 21342 35465 32935 38055 13650 31738 21458 34180 39712 28052 31086 8773 22471 23183 22700 5404 33514 33451 7076 31309 29343 36301 36788 31378 37664 3400 4517 1242 28495 12795 961 28300 36839 35245 17305 26330 11886 3807 487 10232 30973 6807 33172 24009 36892 29382 39582 30702 3922 3304 2909 30548 39493 6159 34662 19195 28906 7035 8591 28514 3668 12879 413 15134 23776 22599 26312 25957 15055 7535 24141 26750 30385 5875 31030 28263 38488 26239 31213 2415 18418 6298 1508 27879 27636 13619 14283 9817 23414 22839 137 37759 5151 24179 39427 10249 39667 23952 5712 6885 14660 3697 27663 17002 5945 16508 36085 39942 24540 12332 37855 2281 32357 27840 4991 6855 30352 38202 17519 6867 12351 33891 38551 35252 3489 25026 26709 8280 35221 14196 8262 18544 3700 22073 37402 21345 27553 2394 7991 839 27622 24280 22735 32417 20526 74 3015 11354 24592 22198 14129 34682 39383 6819 12258 8658 32427 39257 23606 39283 11306 28005 21316 24891 17112 12777 28148 3412 8785 9700 19337 16491 12615 5563 7837 21422 26758 19325 22400 32963 37529 38476 32635 25239 37355 37380 35508 16239 10488 5713 12653 15877 12569 28337 26108 27759 3581 26520 28004 39307 27886 28563 5037 3068 1541 34880 27032 11581 28901 3881 33008 13511 25954 35851 5386 7529 10611 18902 24482 28118 17420 34282 3464 27312 27841 32146 8363 28338 37850 29546 37435 27583 19561 9259 9071 23819 16282 13410 30044 38191 7291 1118 23244 2025 33314 19341 21363 10837 17558 11896 8080 35985 16277 10650 22074 22256 710 39663 17219 28580 18706 12327 1883 23537 21482 6282 12895 21054 21292 17151 12766 8776 32022 150 32033 22930 36645 33548 19785 16055 38121 38663 31017 14287 29959 9671 17068 14117 17901 29790 37769 19333 30124 31622 12044 7305 6655 16086 33303 18477 15548 19888 12867 23382 5788 24642 35217 18831 17242 6905 35427 38140 252 10927 15677 19205 5772 31303 39668 240 19713 35133 28907 4958 37502 32713 16165 30631 22731 3389 26145 13727 34640 32484 18021 11359 6087 30249 19238 19504 21181 7080 1381 27721 6778 2439 37119 34663 8127 34433 986 409 30014 24411 22261 10603 25356 26625 22852 1157 9840 23377 17234 22666 34312 23777 28291 13107 6010 10414 610 27593 38616 26556 36696 33169 20086 18210 29150 17390 38863 28868 39081 25038 29985 4884 29499 3355 25715 29036 8314 13694 23127 13399 13393 14693 14611 14080 8672 27913 8692 20288 36214 11399 25291 2074 30311 28816 33533 12358 39332 3459 26188 35483 26038 31265 2898 16807 8269 8303 18311 27571 32296 29624 5667 6630 8900 22179 18486 35323 1626 16229 21604 14781 36806 23405 327 16281 2231 29269 10564 12999 39533 2925 226 15305 37923 39394 28101 32305 33221 178 8581 39647 30691 36373 39601 23215 31129 9453 5909 21677 12847 15844 12312 32716 8766 2195 8104 7865 38776 38494 14535 36890 21229 14081 17452 37702 10475 23905 23451 28545 21841 3135 15494 34071 34362 29182 14838 5525 29523 1434 24615 30497 34313 358 14498 33530 1925 7831 39983 18133 18151 39870 22258 15999 7905 33158 18050 6062 30477 31937 37319 32206 1416 1521 12342 17604 30056 10383 14815 21246 31875 27555 2020 1758 20515 11265 34110 30340 36114 24910 37542 36021 15892 30588 30157 31396 32607 963 10103 10131 24811 24324 25876 6548 32310 38275 17963 15408 7092 1484 11859 32702 37614 10642 17867 31981 34251 30565 935 17622 2244 1499 38565 28072 2408 24700 16079 7236 33355 37085 4279 34792 16592 31154 13775 22229 15052 24038 28875 16535 14503 4665 27507 709 10717 21988 39575 6790 26592 27252 15195 2317 12460 2004 14240 30739 1409 13415 12922 33290 6639 38941 16314 20746 32181 15838 6572 18646 36951 25851 27326 32055 36289 11548 35722 7495 26264 4736 17017 2016 9914 7415 8461 23675 19565 15238 9019 36408 6580 29696 25678 29726 28935 4590 24931 3475 36020 8030 35265 32382 594 5177 5114 26071 18202 11995 23046 15723 25659 16334 32521 29008 11605 26708 27611 39408 4078 23518 11973 109 27406 24041 39304 37316 18911 11115 22078 27746 9525 17697 9164 37205 25506 23762 36604 25369 29659 34432 34450 12278 18193 39621 39922 12414 11695 37797 35698 17669 8822 16158 2463 23258 19775 37050 598 24407 26571 27873 7175 38482 30872 29991 8655 39580 11798 36757 9011 28434 4454 25542 16642 1305 22205 27366 8041 6764 13660 23306 17929 7421 8359 39654 4828 9192 9619 15049 18721 27476 26106 29478 29788 31946 8504 7013 34736 20828 33009 34868 34364 9970 33944 23731 21305 21611 18630 37274 4962 7914 37604 38642 18849 7477 27657 36456 33553 37979 23679 22856 578 33977 39183 15457 36689 35697 20051 35055 33954 35677 39628 35270 37059 28404 18118 18426 6701 33826 20058 4433 39312 807 4152 9236 9103 14324 14119 34207 28790 31415 10088 39853 26886 39673 11883 35707 37715 8004 16559 16570 15620 33776 26486 11657 16255 20793 14472 18633 12784 23886 9722 15771 17744 25461 302 35042 30377 11466 2880 24034 24221 37970 13624 25793 30713 3945 38583 17172 21419 29843 8754 18083 13527 29939 31258 5794 10212 13861 24244 17871 23837 19972 29833 12613 5963 13045 22519 26940 3854 27761 12663 32103 27439 25683 10626 1005 36840 6355 2431 6491 28229 15917 5724 28733 23920 23087 14397 28039 25148 732 25636 8882 13120 17131 15136 23298 32160 20462 22752 15647 23998 23584 25718 21651 26437 18104 23154 24097 31327 20902 25568 13142 36803 151 35452 17630 5051 37705 2203 6838 726 23448 36059 5398 6703 33497 20891 32188 26113 4814 14221 6361 4400 33798 23226 25840 1711 24376 21141 22706 33790 29216 517 1920 20851 36792 16161 152 3531 20110 21999 20122 9870 22098 35249 28978 7878 14453 13655 5838 33814 2942 28451 37252 8072 2494 17820 26705 25330 7207 18941 22157 425 25414 33272 20393 19036 11639 39863 33088 26368 15290 11682 5653 20022 13343 35239 30184 14554 1025 11212 13541 4475 11186 17796 3052 14692 4324 25292 36893 20675 36794 11220 16306 13236 22585 20584 12791 16380 10527 30081 30607 28943 3240 1793 32042 24715 22136 28426 34350 10385 38498 18758 7737 30813 17961 10869 37250 1139 31193 35109 36420 11760 8095 32149 31988 34064 12180 1539 28611 29032 1889 24253 37636 9648 26072 11293 2646 28631 37314 24718 21357 6 18552 3584 14547 12513 16872 8888 29413 10964 32165 16681 36693 16820 18511 14157 3070 35682 20016 17202 15921 23091 7715 32430 17453 5881 5879 20524 2746 10346 7928 21047 3299 3543 10350 22830 13344 29683 36883 32984 16749 27104 6597 2822 32528 57 36065 6463 32580 20307 1068 28740 30981 24974 13726 32172 12008 38897 25501 9053 38675 38521 33201 39064 27671 8225 9003 39578 20757 24702 14322 5310 32610 35871 13505 17025 28479 24448 24620 37422 6205 27334 22592 6864 18280 26271 11344 3249 18276 27882 4136 8057 9424 18943 38942 12700 30779 1372 39192 34744 38931 6295 37158 3239 10775 28191 10445 20954 37008 33 36033 34444 34156 29351 305 8790 6587 34512 13742 23478 22155 31593 38182 19649 39309 18106 1332 18962 30397 38633 23060 37660 30775 11778 32703 3821 8237 4586 14991 2790 35669 6713 28842 16967 4677 15102 18887 10089 11305 4178 36629 19817 11471 23820 10871 22527 12656 15810 35845 18763 35016 14668 27266 19943 9621 13635 597 8143 38037 24382 15374 13752 31377 2117 17113 37875 20062 30190 12789 27876 10019 20649 33148 15333 8418 1321 27791 28550 37471 12302 5439 12301 16438 23267 18853 22381 18667 31991 36701 26838 25510 34835 38749 35556 35350 8892 24033 4911 4379 3592 24964 39936 31399 15622 24308 28570 32918 24699 16091 31954 8184 24521 18244 7475 38333 11053 25467 24142 29350 21568 16074 6833 26212 22648 1179 6724 30652 12375 3703 26331 25447 32862 39102 19067 32498 23534 28121 37416 32721 19696 19689 12316 10241 32656 20910 32415 8770 21643 18374 26712 6399 9697 35315 29633 38888 5834 15014 20203 12216 20151 26417 25795 13738 976 5580 10091 27794 12554 25959 32208 6746 3785 17327 29149 19984 8090 12224 232 6375 12098 8778 35977 25773 15002 22985 1201 16191 5680 30999 11906 3317 21388 9780 25472 10248 23351 21386 15828 20180 31589 9528 14984 37587 25902 5868 11602 5199 19975 24320 1885 1094 31229 11311 13274 30012 26908 21041 30256 13466 36190 20 20461 17504 3315 33347 29690 12940 17291 38979 10967 35420 16068 2429 11763 3726 22244 8538 14480 174 17258 35601 34561 15166 12606 38082 13026 24456 14018 11142 17881 14336 39864 33081 8061 21109 29693 39254 34049 25735 11292 4744 38159 8801 24007 19338 32488 2501 37353 10944 18051 28617 29364 31253 2261 26102 1944 39258 31983 711 9184 27359 19062 28956 28732 25298 34025 39603 36983 11492 28625 11861 35054 16869 7883 31905 19661 32360 2021 38885 21 26631 20193 9581 34600 38307 293 31618 21638 350 10021 7249 14392 25093 17099 22761 31025 824 6405 12555 9959 22554 21356 2609 34797 14524 4685 13354 26717 17787 39701 34908 10705 25999 10930 12526 24329 13319 18873 33371 32280 20277 10432 33706 11266 29074 8183 5560 30793 18605 27857 35502 33797 15377 15972 28053 21708 13761 22801 21911 32252 12552 4771 10026 4042 33485 34500 24952 26436 11940 22588 29308 21958 4750 1970 15554 13179 10101 5904 431 35662 25058 751 38600 16823 7973 7474 34340 17803 33557 27732 17606 21493 39082 10361 21136 27558 21018 8976 7075 6162 7479 2873 2358 31849 37798 1249 20377 9030 17848 31453 13865 15596 22512 21467 39186 17373 18997 15789 24763 15489 39227 27321 17905 39811 38316 15664 8228 23514 29165 1296 13981 9061 16109 698 26024 3095 16397 9545 8737 17346 20365 32212 1466 34175 5894 29397 20783 15396 13375 18243 7323 7280 14502 34927 21214 35398 5976 16900 18843 34331 25724 38576 11410 20576 34999 27272 37376 32104 34783 39446 5661 24289 36952 39990 5783 14475 15866 16302 4125 31708 27977 3484 33055 35340 10454 20968 31853 26333 32679 21575 18439 14481 33567 9584 12294 27491 13038 3556 17260 14567 33449 38469 17070 19010 4483 10499 13248 19979 20949 17629 7343 36130 29157 27052 20112 26971 32789 24131 19459 3273 26715 25410 15126 27849 31999 5532 36458 5343 38088 39114 8593 5236 4708 10415 30634 19369 1175 13215 35507 20412 13012 16310 12415 10301 27621 23097 2146 5388 6888 39039 22950 32040 25004 16461 22181 19980 22422 32560 11789 30421 24060 35376 15775 15508 4283 22980 15881 6132 14901 17956 17104 18139 6670 20490 14028 5516 14516 25787 39511 34724 28315 10302 3038 39030 6354 3636 1855 18484 5318 29520 11720 8299 33159 30516 9272 16563 12769 27521 4638 19155 10280 28164 3409 32006 13086 11504 29778 8861 2993 11694 23887 38782 9827 21552 37679 33561 22571 17028 25512 24246 3234 13209 8096 31889 28602 31653 22576 2105 4674 2655 35681 34861 234 11511 16700 27341 30927 23754 32694 13634 4887 32478 10498 24064 9133 26352 14847 22637 30663 1172 13806 11286 33918 93 22664 4637 15594 31429 13835 5175 39724 12636 32792 12815 17977 16361 5132 24138 13141 12660 11418 6715 13917 7387 7541 28134 8685 22138 4709 20371 6082 4227 27702 14922 14267 1784 25278 8307 19131 31743 30189 15751 25421 118 35478 20959 37788 38429 379 33849 17334 15130 25383 15937 6694 31522 23574 10066 40 34474 1044 21320 17595 7754 10704 13944 16780 37868 31969 38496 30108 22390 5601 18268 6934 34737 19184 38237 34854 21661 21002 24823 22584 25660 16032 22540 17329 13668 20639 34211 1189 16610 15570 14610 21433 22524 24047 7152 22750 1233 35714 19936 26598 11357 17911 9837 33735 16118 25114 19913 31066 10250 23375 18262 2888 3100 12893 36167 19922 12658 20796 37478 24655 22348 26320 21170 17721 24617 6933 23489 33603 28736 2422 12288 16879 1219 2846 16167 22979 12813 9431 582 22624 30829 29445 17666 5465 9148 14552 8109 34145 17715 14173 9010 35484 28739 18036 10813 35039 16007 12179 22998 39975 357 22849 26430 2208 3935 17708 1286 17001 22323 6402 21389 34011 32819 3619 17978 21056 38447 13436 4727 38802 32443 6475 5099 4062 38134 11380 25603 25757 31754 6001 10935 20242 37624 12914 114 36005 28730 37308 31765 31757 39666 25656 15121 12601 25698 38282 21901 15361 22115 38341 37544 17798 27123 5416 62 38152 37967 3975 21442 29905 23117 8902 35438 31777 3558 31697 38681 3318 30357 17080 8134 26428 249 35826 13829 25057 37780 4065 8700 26370 2622 37375 37399 31613 11863 8390 14940 27769 30196 24215 13699 10857 2973 8844 37546 12296 19024 2278 22311 20841 2732 11049 13516 18470 26537 8965 27074 13044 15955 15635 24527 26019 19462 18082 10325 23136 19603 38411 30847 15241 9428 13046 26813 4694 13543 24358 25453 10788 39882 6940 5847 8621 2029 23980 16209 32998 34948 33717 25300 8256 29724 28299 14242 26402 3868 33036 31856 36124 7417 9126 16383 24550 30002 10354 30338 36524 37209 33312 15008 35436 5016 23021 8590 27848 5519 34754 8501 1239 2141 5535 16786 28621 19886 2229 12453 33199 5742 15962 17904 12084 19372 38003 4003 33975 18522 31701 21253 22072 21279 2344 31198 674 5623 30183 14717 32812 27324 26698 36707 13546 19026 27337 27686 23636 26966 10504 39872 11096 11296 5039 35225 9834 39121 28002 37724 13201 34359 33626 10884 32931 35895 10476 27960 23345 33059 12880 20091 35733 32451 3255 6209 12809 76 39214 2451 11792 36904 15186 12780 16842 11170 7874 28014 34900 17464 2948 20839 4290 12902 281 34440 20762 6953 18154 18445 16464 8468 11930 6387 8789 18791 29798 11749 15612 34538 31620 20422 38940 27440 35498 23704 16672 28082 9185 20137 30712 20198 6429 6748 2570 19563 9361 27768 21975 1457 7191 1183 37804 35768 31060 18964 14772 29427 5223 19359 18914 38142 24231 19465 7349 26215 17663 1304 30946 25740 13590 11406 34184 20442 19594 7509 2449 37395 9982 6350 38973 10443 23956 6347 11102 25694 31514 34127 10313 21990 10924 21690 26948 9288 11683 1485 30498 4478 28917 27825 16140 4977 6974 7521 35334 20259 20535 29563 33962 35750 20292 27141 23167 5644 29255 31336 8382 18062 14760 28629 30473 2312 5394 30988 28667 7886 34974 28855 1714 10716 19447 36125 11726 21564 20387 37271 29118 24115 499 35479 2357 17421 23604 12413 29988 10831 15953 4544 6248 30470 22207 26237 25337 19100 6447 14237 16992 11454 39107 17754 17933 24504 16114 27183 30998 10910 18988 5629 17836 26434 8254 7695 5962 12154 23818 27567 19996 37037 32152 17213 6973 6007 21855 14937 14180 31930 10064 17924 3902 29575 7648 21853 23711 15663 617 3097 18092 9073 18655 8480 29353 17636 15066 6853 14467 25962 36063 9953 37789 17971 22449 16684 5511 39117 20482 38538 24213 22796 21896 22294 14394 22028 37851 7228 27343 33005 6695 3844 526 20485 13778 25073 23976 25049 39387 26643 6385 33566 870 13307 18623 13413 32623 180 28469 19898 28518 20382 36723 9125 16875 37552 11231 18783 36397 7225 16603 26383 38870 25149 32996 23401 3980 26287 13286 28576 30636 23864 36332 2765 11335 4511 1089 8197 10114 25092 18245 25516 17906 38360 28364 34454 3000 7143 28552 21590 13435 13167 23393 26680 1352 4482 36346 35634 15885 23850 8000 13147 25695 27404 34537 34459 14365 29108 19826 29895 28616 17680 34368 31808 29487 16904 17026 7780 34959 34016 2218 662 10215 31054 9499 7823 10938 6897 20671 25779 33459 11874 19056 17318 28679 527 10804 15289 808 33370 12495 6714 28909 1993 19994 24714 9625 7804 3074 7281 7205 4375 8482 33661 21687 3876 38157 5731 19217 8462 13968 22233 26785 28517 2193 14245 20153 10882 23996 39449 292 13358 14008 27421 33866 30304 19313 28389 19353 33047 12491 14627 7843 14879 35033 33881 2135 8014 8371 32344 1122 3532 20128 32428 20811 27234 19633 18668 36044 25720 7774 27889 21707 17031 8417 16748 35641 33678 3340 21513 35487 10075 31519 1143 6148 2 11688 29739 32634 36425 39431 8040 34446 15983 12424 27919 29753 11245 18648 23115 24467 7053 36426 2365 19513 19269 38176 4904 3413 21360 33480 8034 25442 20632 5774 24196 5373 26761 26672 22035 14239 39322 16236 12584 2711 4168 7550 15623 266 36536 15820 3298 9565 11476 32964 27193 15048 14367 9470 26308 18026 1373 2887 14719 21444 27308 29976 15583 36558 25424 36865 9637 28918 29178 3033 20383 31682 35983 15154 8648 4816 20625 9496 37813 1141 12770 21695 28472 19206 21578 38651 24612 17301 5293 10183 24707 29338 38268 13566 14076 35146 14614 35604 19806 3438 8820 20527 2562 5103 5391 3681 21397 27115 21639 17902 15451 3891 38075 21102 19069 25171 27923 20133 6762 5188 1603 15863 24048 10050 1043 38111 6172 28264 22973 20852 32113 4842 26541 19828 5597 21172 22016 21576 35414 31529 22908 22317 2072 35776 39158 15600 1704 8486 31505 12162 30128 3851 11790 36679 14846 9867 6396 5635 38637 34405 27179 30324 7925 14883 19797 37924 29323 13320 32479 30723 25866 11411 24440 32028 12774 33718 2977 15392 14531 32853 36667 22883 10609 15688 8329 18122 16776 8937 9649 7330 953 37973 37645 4432 21980 26891 22345 32787 16274 19904 8949 7600 34572 18512 38420 9698 29616 20583 25215 29060 10762 16301 13475 21674 26666 34204 6725 25667 39662 1465 21783 17876 2087 4513 11532 16517 39555 1821 11414 27036 39570 31563 3291 16747 3337 13827 26799 29421 24694 28344 8677 30302 20117 22821 14282 18163 25505 28211 14587 33558 10706 31342 30267 8849 13523 22492 12626 19335 37393 20059 31263 36247 18330 10156 10059 14460 13771 7853 23434 15640 20397 32563 2460 31876 10519 11299 18884 37006 53 14928 8681 28 3778 5522 17655 25388 18965 36586 24805 3585 33686 12714 39049 15156 21804 37517 11740 23791 14476 13332 37296 6826 32985 20044 36349 21035 31920 7427 30065 34829 15587 17130 19162 12807 2369 19491 35740 17009 21583 35007 29751 30230 24489 2492 36811 10363 27182 8445 29948 25152 39311 22646 27281 22080 25303 7192 18582 2269 36648 16384 15756 29458 3242 14845 8338 39656 24314 31006 20286 3911 30594 32473 19371 31633 39328 6225 32929 21020 27703 15335 4673 2069 37076 34334 20308 31304 14217 6202 22418 36936 13790 36996 38312 29000 24348 17970 13685 11516 12920 27329 5046 7342 31799 24762 17953 19157 21779 20124 15296 16726 19516 23975 2200 17290 34563 14424 31232 33611 5112 32885 25646 19464 21520 14690 9768 36396 11649 2616 1256 37070 16890 26343 786 9942 19589 13996 17567 1914 3455 25889 12468 27502 11185 21059 22964 35119 15639 1700 18992 38513 31947 1565 30376 21867 20506 2263 14677 5250 4098 36639 20384 16829 3586 5620 9789 3082 30689 34341 37972 5983 36658 23004 470 39920 19966 35412 29243 13500 39891 37697 1098 14763 11691 35390 35337 4794 32155 21314 1867 10693 20664 13195 21051 2754 30409 27098 3269 32748 14833 23502 13382 13011 24150 25574 8605 8378 26861 90 11640 27806 23757 6735 38244 32572 12938 29668 8614 14558 16280 33101 13166 7299 34975 8828 17244 32718 9716 37031 3164 16566 20299 13802 15945 7115 8729 13556 19901 28388 17006 4770 12072 22364 8149 11907 32881 6141 34793 30050 29600 28729 39175 13080 17909 35284 6960 23218 14357 5800 3229 38210 1156 20702 37686 15966 13626 24037 25624 34739 18127 33189 20727 14968 2715 16106 16514 490 33011 29333 12812 28815 30838 39717 2107 1151 21715 39171 32223 23163 4902 17984 38976 31016 28649 24814 35730 1291 12668 5020 35240 13850 9809 2222 28075 3119 6449 18452 1258 11935 3962 24849 31092 25804 8310 15637 35486 21584 10891 32464 8570 18226 21110 14605 19243 20263 9580 30006 38097 11793 619 5196 5593 6823 6899 13051 7196 7290 3910 29956 14769 33640 21981 27585 7805 10524 24760 10567 1408 12388 28060 7957 7347 13883 34036 10710 6844 10453 85 37910 35580 35174 3335 31472 10464 12487 31326 28089 28215 20732 27289 29964 13385 29252 22199 24420 890 36966 24835 14683 31297 22289 11939 20358 11900 38695 24346 6732 19595 38378 31409 22359 1985 19902 30651 5840 33643 31820 26936 7377 14849 22918 28020 38613 23092 38128 7932 2491 30161 10597 32833 15790 4614 39779 9978 33434 39939 32363 11857 29599 36313 3354 17947 9897 30103 22766 35932 122 6419 23870 30733 36076 18800 11312 30272 32331 14051 20087 27201 22086 5264 6904 15996 35094 27014 38841 26915 13277 1639 30804 32974 6923 37878 25536 23327 37751 36770 2932 16874 38172 37961 4988 8959 34411 17479 22966 25209 39142 9543 7751 24194 25739 21266 7157 24356 14584 18049 24691 32269 20435 19022 29503 5717 22889 3574 1903 39989 20168 37334 5214 19755 31859 10698 38137 13671 13471 12691 25195 4119 9769 39754 12348 22643 17745 15979 15908 32159 13181 16159 39929 19250 14620 35149 31600 36589 38173 1190 33318 9790 29592 3345 22267 20889 17194 3520 7733 26536 33128 7523 14252 12761 34476 20000 3864 14448 27897 36513 30825 1506 23222 426 23031 26103 2159 35855 29289 22712 7308 29826 22370 28599 19376 18565 6128 34761 28757 23914 32403 21191 3210 22478 32205 36855 4043 32147 28661 27492 17306 35391 29747 11631 27174 31576 29553 22944 19389 26440 21212 39854 8905 19988 22336 9200 33743 12945 37654 29051 20162 200 4351 31844 8611 458 32383 34129 15755 10246 19209 21324 28478 34546 10480 13437 39074 34819 36272 4890 19527 13569 1105 38828 20856 37616 16276 27861 13330 34842 24590 35613 20758 6061 14079 24049 29989 13656 36758 17116 26968 23312 26157 24056 23422 27668 17314 6845 32102 26947 9784 26000 24224 4117 34577 25137 16795 6939 28635 11909 19285 10236 12734 35804 13087 1513 15429 31845 25052 21455 2052 3060 14771 27817 17520 31436 31802 29330 2661 11152 6513 22153 29755 17565 25456 31767 30846 33362 2970 34688 724 12523 38336 11681 30281 11630 10887 34795 36625 367 25316 19915 31237 8352 26856 6521 24824 7133 3820 34499 16220 455 31861 30508 5397 1519 24558 882 20589 31181 29864 37775 28415 37974 26918 10799 22581 35043 22221 38912 18337 19466 480 24345 23337 12969 13570 13420 4984 15553 4299 35260 29817 1082 15104 28700 6150 3170 23780 39679 8015 13336 21330 39894 9495 1968 7992 20787 23093 26820 9147 30407 9041 39610 11203 28022 21120 18950 19665 22257 27214 30254 35510 10758 38643 23912 3044 6799 4132 24754 22089 3189 12672 38041 13599 36236 4481 13604 39918 35015 25416 24588 24468 8699 15665 24508 36726 25497 20684 6996 27789 1613 22375 37833 23037 12888 29010 6675 33117 39835 13225 30269 14106 37781 3835 24834 32821 18771 37387 15294 11533 10602 4782 22756 27799 4963 39969 14451 21985 32074 38487 465 18338 23745 19093 26784 4107 3538 23961 17517 23712 24269 7732 8848 7256 17769 17357 15325 27744 6989 3777 30583 16769 35645 5985 7344 21466 36048 1428 2172 3624 1110 15463 20668 17823 2034 26771 3227 12213 35120 26101 24371 38273 10029 34727 16664 33328 27748 27161 18696 6633 4415 23181 12145 10349 37761 34318 19590 33737 13855 13149 34238 20867 24267 5245 9821 38732 17122 32399 634 17311 26319 14967 3682 3143 4045 4711 9935 21752 32019 29430 37612 1174 14347 15673 14224 10393 28687 9540 16481 1243 4392 37558 31074 11392 35693 17525 7672 13755 38104 36572 3058 6004 27737 16297 3039 2148 3128 38723 19778 23067 28496 36634 11882 18209 31644 29874 279 36390 5315 18748 34443 8877 13710 37029 4219 23667 31569 9486 28998 23052 30368 27427 13800 20200 4582 31447 37121 39752 38811 30919 4509 32314 127 28553 19296 19122 16410 10331 3344 27518 37139 12641 29844 22298 38553 11744 20977 27054 4848 29806 34398 287 10115 10552 30984 34028 26565 32030 13396 32460 13148 28519 4461 193 6496 18953 20334 12509 30217 23473 6628 2904 14672 23839 30003 5851 22854 7397 39547 31864 19535 36870 2918 20218 18888 9539 1809 27706 26041 25946 15187 5137 2863 15174 29569 12070 39552 18414 13458 16184 32193 2392 15499 33037 12798 36631 18250 24622 25780 2750 14090 21468 5981 10171 23210 32795 26318 17616 15108 27463 37711 35705 10913 678 28596 28063 2764 211 39566 39233 13568 19692 12643 38544 8613 38956 18645 24016 38349 3615 17380 13502 18596 12897 2233 8943 26763 33230 29131 14419 2889 39866 20551 29066 5486 9248 18527 18247 27902 22559 2227 26766 12099 25027 9609 36174 6533 4856 30111 35136 7282 27560 36596 34061 35760 33269 38838 23196 23071 16459 36401 27188 22149 10778 10063 6382 7448 28900 4373 8568 24538 21694 34380 18286 18492 29807 16892 24220 1558 15074 3583 3356 34862 19708 13025 28196 10516 11560 34529 2437 11360 28506 16395 23225 31329 37837 30083 7042 12156 5677 18288 20883 3892 15135 18172 21084 26205 14262 34314 35475 38018 7209 35952 37944 32009 29507 28371 3874 24709 16968 15215 33367 30289 1712 20540 6005 23220 26180 34187 605 10954 2522 11007 30590 37752 1333 39279 19765 37582 28954 1818 869 8815 16151 12688 9639 17656 4895 16173 31881 35863 37626 39985 27868 21771 10761 37185 9895 2323 5650 930 31029 17497 39557 24892 27982 39956 27890 27260 3961 10672 1627 37309 37647 25576 566 17364 17476 34347 7898 10921 6341 28836 31228 4337 37269 23892 34260 17995 16043 38195 27418 13949 20691 35388 34992 26779 35798 6657 12786 19614 19876 37091 13611 20970 21121 24943 19137 17851 28466 33505 15725 19905 22283 15556 32872 35041 37124 4205 15161 34929 36278 27582 29896 31445 37043 36515 3161 38656 32324 10170 25592 2421 12581 16799 27549 32170 28443 10187 7762 14961 16139 39560 30031 25810 8525 14976 4926 31984 34732 34214 3349 13377 26224 17034 31659 15163 15671 10191 7969 38582 7098 6601 18326 26993 13911 2256 6439 34457 913 7766 39289 4095 2914 22219 2862 17921 38519 6958 25034 37044 21733 29691 19711 26674 3499 39670 1438 38998 27948 2291 23615 1601 20638 18963 14729 35729 13876 29234 20027 486 18123 22628 15363 7204 32125 8578 10955 25598 17181 28182 22988 35818 14025 10469 36094 12493 31392 17162 31195 13230 29539 29438 6686 19357 11448 35651 6377 14253 16221 27808 15410 31236 30650 3552 2595 9039 15599 8550 14745 36218 9777 31470 25662 6339 4254 19859 15764 6412 18548 37525 21669 21485 6549 2454 6649 28325 17395 7090 38842 37188 32689 15301 33380 16465 21822 23787 6668 33398 14103 27438 18385 34230 748 13323 13041 28524 25211 14116 11217 15444 17913 9007 6756 5933 22177 13579 26974 7593 26982 13620 23230 2142 5441 2690 9458 26375 21153 13844 12652 36345 7283 35329 26151 36381 21948 24418 1848 23924 25328 8261 607 2644 9848 22534 16391 5481 36981 27870 7820 15001 20816 36691 27798 22380 1946 3708 37600 17083 34382 21912 17077 27110 7069 35940 18287 39850 12172 18584 18784 16541 8290 39593 3932 10433 13707 22748 10738 8545 20142 13718 9875 10688 17714 20258 6800 39144 19168 34515 13271 26873 2475 29885 32545 11981 13242 30274 15802 26030 17058 32685 19014 9340 20295 22609 27755 39277 2018 8851 30777 23671 31484 25572 8215 13078 37708 8721 25360 14463 439 14852 37201 18803 1018 24498 13567 17777 9006 32190 1873 20465 14356 38113 22815 31449 20553 29992 1166 16744 8241 14930 25557 10431 29444 33029 7987 20999 10968 11538 20315 39837 26546 26429 27865 32356 31786 26474 15027 202 28238 38229 18966 25450 35654 6208 37848 28908 2022 8945 23959 104 16006 27978 30130 10336 13090 13562 27134 9729 23058 17569 24499 24522 5303 29336 22031 11753 17003 9812 20790 6384 23619 27433 25884 12120 29272 17189 30669 16739 23441 10846 36989 20887 7311 33134 8843 12157 34366 13947 9851 16536 23652 12303 26833 4242 23938 24312 5655 22437 24075 24090 656 15549 1048 22563 18889 24199 36320 25490 26703 12235 9902 9146 38095 10154 10659 34983 2725 1270 10815 21634 8897 6571 3888 359 25629 15009 17967 22389 19368 23639 2515 38507 17201 29276 35961 28411 32368 35434 36012 15794 9811 20510 35313 37114 15982 7484 13301 34363 2795 20886 25076 1170 34297 28981 15603 34075 3099 15167 21915 17400 22183 31564 21858 4472 18671 34378 27729 16884 38342 3827 8991 6862 17324 3654 26231 6731 30489 11540 13907 16387 30095 832 1670 21262 2406 36417 29176 24906 3124 7440 15291 22780 15989 10340 29197 120 32187 17330 19306 23521 11390 29416 1299 22875 4923 20962 17704 20921 19847 33050 37996 2905 31204 18661 11405 22362 25159 3738 38069 21787 23605 16449 3423 11304 5442 6160 31180 16978 30571 29776 11998 14517 38702 22851 17188 29909 25232 10065 5975 22396 6995 19295 977 21692 20108 31245 29286 26306 37876 17309 19752 33732 17980 15501 32745 1309 33871 7221 30317 20325 1185 1199 329 12872 39191 21567 7107 448 22341 28556 4997 21148 20385 36488 29274 29637 36776 33668 16757 20579 7929 20156 17296 25734 16213 30018 3296 34191 26337 36045 19628 8306 13811 34219 20892 34346 922 25918 29486 36534 28423 36709 2722 38109 37566 6437 15212 13956 8514 15977 3274 33150 32581 20546 35153 24546 37333 16736 32532 36372 14709 3559 24236 6019 3256 10926 173 36785 713 29682 10514 14013 25008 18025 30202 4258 1359 18787 20801 28373 14616 36922 15888 23689 37372 19126 3325 8195 6077 9397 28448 1586 20596 7787 35724 1443 26248 20199 35288 39357 1142 13196 24589 23490 23727 23126 15893 21057 22497 1173 36280 16661 21940 18417 28787 6348 2507 8344 29502 4352 17063 38832 14403 22287 33569 16970 26476 2709 13683 5939 21965 18774 32341 34275 31295 6811 6698 16245 20612 33645 6741 9819 21938 1427 11888 22391 12249 36055 28317 16136 33474 31812 23484 19396 36511 37229 7646 7104 10686 16083 14899 24103 34326 27028 26495 3214 2041 35468 19354 27875 7029 19129 15157 25815 7400 4466 11634 35885 4348 26914 2991 18574 9238 31728 20420 20899 31597 26284 30207 4109 8499 33204 23019 30382 9205 6770 21477 17601 27950 23482 12632 31301 5092 15765 35324 16194 19299 37443 11402 19314 18817 7990 9661 37126 23130 39347 32777 6854 5625 19701 33501 37244 37079 7178 28425 35040 2867 34969 1761 25604 22698 11069 16479 35058 7975 24803 12322 13059 15807 15244 22318 12764 18657 38227 7062 37134 3810 19257 24321 32249 17570 6884 22101 12662 17450 16330 3931 39350 17699 29148 14167 33757 2916 9026 24015 39813 16805 27271 35815 11777 34621 8599 37265 20916 1847 19880 10828 10046 7278 39933 5128 14697 31866 26187 33621 14145 14924 34394 3016 23767 29004 8437 25373 26872 14548 24904 10637 32617 7243 25074 3622 18069 27204 11830 9430 19973 21624 21204 19246 7811 13110 2339 13918 12924 39380 29998 22171 13106 3126 33614 32273 38149 2114 16126 23349 33679 13173 34000 27523 20896 1724 24923 11218 18546 26567 25855 2680 1954 7046 35914 14411 11486 25144 25782 8347 5957 2866 898 4427 39700 29774 11502 277 19262 30476 28224 15300 28310 556 26246 951 2514 39055 9771 19687 36924 22674 18348 21544 4646 36999 27041 799 19910 14824 35819 36923 39780 54 35742 24426 9853 5744 19065 34144 13060 32282 38313 12328 3197 1103 4802 32349 3990 35169 14012 17051 28699 3169 10460 11112 6432 29669 21235 14152 4417 37510 37004 5038 5134 26983 25581 12178 5090 1815 26590 10991 16756 19779 38278 37218 39420 7785 13088 18422 11604 10666 19244 22865 14050 22083 25921 34193 36955 31049 14604 28410 29215 20417 2516 34026 29028 16560 23269 17322 21615 24656 1816 12549 31351 13253 7364 15880 6090 5403 11045 23566 8666 22255 27536 9088 39871 36991 33550 36584 5129 10268 11692 19577 1748 27139 10173 21276 454 29143 38974 10195 19519 21598 19699 8640 7294 29861 1559 26508 1910 18562 30686 17812 25531 4431 29765 22135 9257 10466 408 30029 18094 5885 11077 21730 22602 3872 25141 16058 19461 37745 37349 4294 21510 8121 28016 21686 16268 38743 36355 12361 4084 755 25973 5921 6557 35799 22023 29203 11086 38419 39904 17414 11661 8537 12353 6262 27419 9198 6256 18808 29098 14666 13315 38631 21998 8233 32001 24686 6279 6546 24000 23535 13754 9644 9001 6192 5890 2506 33809 3566 7618 12039 28445 36719 31541 7956 37292 12122 36898 33178 32939 17740 38327 12647 11195 12476 37807 11724 8508 28087 26422 19581 30601 14029 37638 18371 26450 21977 26303 21764 35011 37238 19947 33842 17448 21607 32189 27090 34319 22430 29649 19324 18388 38958 8475 4156 13184 10058 27192 706 29225 482 14613 2598 25700 13750 27442 24128 36337 25089 23583 11623 15058 3141 4110 12701 20437 21046 3602 7169 9065 1228 5509 92 9163 39793 1708 34055 9492 32400 21684 14860 38602 20808 27515 24628 35820 34633 34745 29840 3182 7189 11403 28818 20433 7219 35943 32800 12827 17799 11810 1195 19399 17692 33051 31536 22510 32544 20609 39930 15524 13064 8781 21127 7936 14726 23641 6523 28457 28835 8235 4272 15150 14823 32736 11493 22882 37826 3688 37602 19811 39323 33840 36664 5951 29875 23435 34087 13856 5615 10607 11614 17098 26456 11442 22133 17487 29663 34804 11279 26409 19801 14216 6532 5364 18437 6155 26481 7848 9909 7409 3782 9219 9229 31762 30400 25630 5850 37149 3342 6932 17014 34320 5201 15778 31146 10423 11126 12226 39732 12401 99 21842 20296 21479 37401 24828 7370 7644 23348 17847 10694 20717 5734 11416 20844 36599 35173 6351 38827 32586 14359 22273 8360 30223 10635 16125 22518 29483 19096 23782 21093 30474 36695 4700 17540 12588 27793 13480 28129 9531 24693 32297 37642 31871 17486 27379 5986 14022 26516 26540 31134 466 11829 23940 20208 20083 38783 6599 36954 21617 2803 24290 30666 8558 23380 19823 5306 16928 8873 30570 37130 3313 34311 5111 30859 32089 1769 2902 12751 22280 39613 37547 9153 33025 8503 20102 6305 35069 25811 17289 33469 23644 2944 14685 34404 22358 32195 38463 32031 10128 28851 20687 38755 8436 29699 10834 6383 14366 4371 28209 20177 13779 23315 1638 12126 31124 36431 29158 34336 30917 35999 22917 34966 37246 32298 1922 1668 18236 5613 36409 27165 1413 2376 26652 17843 27649 13304 32908 33669 32765 1528 33676 24604 18672 16545 16844 20652 16437 7863 30416 32145 27810 35290 21000 27603 34185 16818 26079 11559 16404 10108 6472 12097 19714 146 10373 4140 38724 14069 29147 24988 28107 10083 10601 25711 27092 32397 12334 970 25234 14946 31451 12193 23835 27446 1095 7670 23935 22718 21939 29468 35832 29746 12418 35593 2070 12972 35956 15349 26512 37019 21588 10400 1969 341 16912 2794 18689 26740 4847 13058 32600 11204 7433 34327 24203 16607 11746 14859 17477 511 27297 21950 5215 17544 3059 17167 10437 17706 35199 27600 2212 25827 15177 21759 36801 23391 36525 25419 18012 6760 37557 37275 15923 7586 12421 21031 16471 9478 32440 32878 6231 13115 21202 23023 37639 2676 9100 17089 18057 8245 31714 32084 7592 12204 8969 13730 16896 9380 82 523 1374 24488 33123 23128 18588 23879 26549 9994 6000 15872 20101 25716 35823 21244 34645 24364 24782 6178 16261 36245 2300 33197 5292 8520 33519 27665 24413 9057 6677 35381 11014 32861 37549 31037 7546 5263 28367 31932 6561 13224 7590 4281 5036 6661 8845 39488 9127 5325 30785 11092 10213 2825 2169 77 3802 20240 19307 464 24173 5993 2796 38174 27784 4460 24748 13491 35927 20275 29805 14402 19249 38671 4445 30233 21747 17512 2118 25637 19780 20006 18536 31038 7650 6987 10345 31381 10447 2482 38908 20416 28863 26009 18969 11765 37786 28657 34092 650 11731 14997 2097 11612 6527 4531 32579 11997 10224 22208 1576 24690 15142 21719 14861 4314 20340 36874 28781 27818 2442 22719 11137 38492 19927 24227 35892 30782 19791 25880 39889 26155 38356 31793 18910 28504 44 36294 26250 31766 18559 15218 24968 27035 38119 22685 5641 2549 4208 18583 33675 29418 27452 19344 12956 189 22462 31273 35688 1496 28055 5159 13623 18281 26539 36304 39467 5752 8620 38259 4465 13372 12937 781 24101 28893 30606 27129 32214 2158 8710 36158 21743 25473 12959 11942 37036 30100 6680 1378 16201 18765 31082 24400 1522 21206 30296 14565 12223 10736 17880 38813 16599 30642 30993 20568 33628 22729 18566 15317 27586 549 27884 12228 24119 36684 33075 30351 15043 25156 39721 38954 39235 5431 20304 6583 37847 1071 24807 36748 38877 28827 37753 16898 30491 10861 10852 39463 10784 7292 16112 3993 18920 35702 6709 6064 19742 32835 7540 35703 20479 13614 21603 7022 311 6767 974 26236 29474 11221 35774 17140 30227 24543 15910 13003 29645 37403 22237 6106 39783 9467 9 22111 36563 8155 39207 18256 19751 11169 19421 3755 27647 6333 25776 15562 31458 25314 34400 1020 6296 8587 29677 36546 5754 6919 23897 26879 28598 28029 23203 11388 28929 30958 23429 16382 8122 8357 26890 21655 12619 21142 39979 39839 2045 7161 17152 22210 13616 1019 11272 17573 32599 8698 26487 37914 17350 30857 31772 37328 16850 39924 7011 17485 494 10507 12757 33919 30685 27779 33450 18701 3406 29315 25318 1722 29488 9500 24113 5550 20073 17159 15526 17674 29174 6222 19546 13136 25444 34949 21751 8466 35896 34031 27580 16416 701 20951 39723 13960 34269 16244 9437 5843 13914 15851 19431 1454 25591 26726 16643 21815 22744 3842 29591 9265 4899 2720 27516 16907 30660 17665 6257 18314 6921 4451 11621 10116 9455 9408 14843 863 15938 32550 10477 33934 7994 15571 10648 24666 36864 16834 17043 30518 5654 1974 2801 34107 38473 32393 6620 6457 24031 5590 30815 19588 38849 11762 27776 35143 28931 9129 10341 7653 13868 17359 28141 9739 10181 22933 39941 12323 34519 10163 37430 5054 28894 9354 2326 25872 24829 27778 34174 19346 13123 12558 23560 4954 20985 21068 33285 7587 9542 24259 33896 9436 38226 31780 1169 15734 26828 8920 15080 5791 24286 38875 8159 5812 19495 21565 25703 19007 18093 5991 30923 29737 15506 9395 460 13897 33945 14107 28872 12950 37893 13495 22635 38571 1893 30890 17177 25881 28288 34066 36061 12800 39911 33634 6530 12548 5955 32230 14320 13023 34449 13935 35912 4566 26640 24772 6235 15776 15271 13207 2116 11006 30577 33209 7970 26353 35082 6395 5750 25653 13334 30718 13772 27254 33833 29077 20015 2280 9958 35461 8249 36018 37633 25561 22566 38816 33547 24653 21434 38729 17372 4485 11642 12785 35138 17145 27693 9450 30201 9076 33877 6240 7458 39642 11482 4292 25721 36201 18727 14279 18529 35301 23110 17837 32123 39130 6579 12370 18045 15168 29006 20750 29926 11430 14418 20890 32986 2692 35295 31783 38232 8334 27407 222 13575 9400 267 14456 18303 38154 17751 8271 31441 35247 23033 1127 13034 11928 26671 8936 5141 13398 17781 9521 19890 38843 16901 37950 8527 8973 14813 12040 10404 19365 18201 12966 34814 8415 25651 5996 20454 6258 2704 1324 15397 36931 6277 21688 33625 1149 33170 5980 5255 5877 14444 24575 31570 27189 35911 20243 28713 36621 17441 10467 21932 3849 7539 3569 25256 20591 27511 39890 18860 32865 16440 5305 30038 36518 39259 12911 12589 2840 1360 20666 26655 23197 13241 33538 17920 25539 19251 13782 32554 35444 5820 16324 23458 11897 13423 31446 29288 7520 35162 11337 36071 16824 9433 15963 21107 9599 22134 15609 38303 39881 35158 15847 16707 13853 15770 19348 24969 24159 15547 25654 28150 38611 9443 37217 28177 38721 20661 28946 11365 29769 1789 13962 31700 18861 25250 10807 34467 31473 38162 10533 22562 31288 38869 86 27466 31664 37607 17647 22342 11785 23971 2605 23508 37350 2639 7318 33280 33993 37936 35767 15984 28522 24117 7272 31149 5043 16369 452 33576 38767 23986 25158 2464 32911 15224 22625 33582 30589 20918 26354 31259 39792 19839 37047 17539 34365 4464 7595 37042 25169 2258 10217 9384 4619 9712 20539 33518 26189 9420 14374 4852 33991 27910 36129 31460 35535 26431 25146 28755 37945 5300 5529 34502 35108 30837 31797 21746 29561 16638 38835 24447 5646 4101 21645 9527 38503 422 21773 7505 8821 33247 9231 10126 18656 673 4599 34307 3379 590 26421 13870 16562 17556 18862 30776 5852 11034 13587 39471 36738 9530 35547 29209 3590 35806 39379 26654 19478 36718 8683 26175 3092 1810 27029 13713 38449 14754 25693 5576 9204 20532 1773 39505 25236 26746 8053 9077 972 2681 530 4898 35129 33363 23311 7251 18097 17186 27904 6555 19282 31607 12192 7304 7368 8284 27470 38330 27609 29347 26514 36630 16971 33583 7057 10459 30059 5106 17667 39553 31540 31854 17983 20718 9056 22226 4029 12391 21742 20337 27481 5585 32930 38383 37838 28583 3550 181 39196 26719 33138 37778 32526 11719 12090 20924 12899 25163 13672 23121 39041 34846 936 11285 1621 7559 28308 5755 23247 23808 32756 25759 15476 20343 10976 1354 1081 591 17543 23618 11377 12125 14194 69 16801 6765 13190 1198 4508 30070 16843 12736 3419 34520 29899 19770 28405 16973 22395 31186 33182 34848 33908 9193 33401 10972 33710 17378 14182 28268 12374 15417 37009 19524 32868 26298 37736 24950 22873 21750 19393 31159 9131 28861 19754 31034 22242 26012 13082 31422 1475 8757 16614 32883 19488 24054 23461 23017 9683 885 18951 33403 8814 29532 16318 29246 4394 39996 38310 2972 13756 15904 10337 5023 16925 25972 22630 27031 18075 29517 25944 39886 692 5358 764 34919 5634 8309 6753 32322 34481 34945 25219 13926 25422 33131 24971 10998 27004 4088 13094 30205 1379 39352 34342 16250 38325 8443 36699 15949 10279 27353 15246 11879 1786 35663 16411 36155 12209 9523 19716 14504 9906 16333 13269 23417 34357 10764 3825 30850 28280 26491 17600 18461 32758 16157 34560 8164 27126 34439 23736 996 28684 8434 11969 6451 20205 5316 15630 2006 25147 31282 15140 3361 34126 11111 24542 27765 8054 29414 32080 34918 20497 16612 14775 39796 27434 25469 3676 17012 9177 33857 16307 3175 18838 35904 20770 20521 4993 17649 539 1502 2055 18792 28637 15797 19436 11413 21243 30341 5268 8042 26816 34859 32947 27173 5827 39303 22699 36352 33601 37883 18043 10911 7515 19164 926 5543 2301 21186 20209 21502 5458 30 36773 18142 8420 20561 30523 14161 13160 35867 22842 17641 10353 22834 28770 13200 26152 15084 11613 14220 36556 6345 22763 14641 38150 2272 31803 8406 4921 34125 6829 38852 16484 4435 27372 36782 6510 22548 9023 21731 16899 1439 32471 10580 915 36192 33777 22201 3907 35516 35503 12422 24494 19113 22533 7565 25186 17313 17826 2084 16246 28166 39608 2040 9290 8755 28459 7642 1592 25267 20935 28489 31421 34559 4149 31788 36934 20679 10145 2885 5832 17294 38753 22268 33215 25170 25082 14388 18249 29305 7222 16935 30524 10052 24086 33597 1828 15672 1523 5487 20453 23594 27483 13367 1003 32293 5131 4329 35207 35647 24914 20227 32094 34790 8938 272 13794 35445 26962 37331 27023 38065 13588 26617 1395 3055 24110 13764 39907 30401 25825 10209 7426 14404 9607 4413 30709 20810 28764 25613 28715 23366 36528 24422 10697 12593 32338 22161 18770 27888 33799 7147 14680 29047 15916 38406 39513 2854 34 12871 36427 20820 31966 15924 2157 28927 13984 37404 32339 9972 28446 35572 34027 12007 21500 12298 34139 22215 3089 25618 10979 12587 32513 26967 12297 38902 30711 10510 21918 2405 22467 10166 3867 8045 33935 19655 12295 5739 34235 9753 31863 23592 18581 28896 14960 9241 31136 31276 16595 15799 28147 14679 29235 26533 36207 394 29295 1568 26889 31494 23007 16284 29741 15307 21994 33125 37027 39421 24723 16675 27278 8447 22271 35899 29813 11710 30789 29340 33358 8163 31105 6917 36674 7887 32793 33294 27602 13216 20942 37564 13572 24833 8907 9300 1582 17883 6783 6768 16497 6033 33885 8807 29748 22107 24083 22746 1872 17651 2700 24986 13770 28562 25 31109 25031 27226 14874 15356 11609 35189 4377 27211 34094 98 12957 30546 5346 13066 7635 8498 296 35035 38913 531 2864 15318 1853 23866 11851 7413 11703 21418 13127 17267 39981 26641 2651 37709 3187 28270 14902 25839 20785 30918 6023 108 33943 20613 15248 31895 20396 32914 26168 14461 37087 30263 33655 30463 25475 25160 7208 14988 32723 22158 12252 15961 22546 10110 29229 7906 19095 31440 39483 18554 26272 23542 18181 28307 23512 24507 14985 30866 32785 23270 26293 7829 8479 25189 18541 23539 31531 13063 18868 15181 9534 24980 24085 14828 27676 37596 19974 5080 6008 22340 33357 23257 32482 588 14721 17987 20415 39650 14854 15840 338 6392 22482 22760 36671 30997 7016 32136 36588 26500 2167 463 39733 36617 8966 3717 9086 6171 23558 9246 19445 7267 39448 31608 17402 6046 36448 26869 37102 25772 31334 4489 4512 29945 9414 19822 10456 23877 35456 15059 11864 17388 38426 25828 36097 32131 33260 17609 6672 31454 2563 29854 33214 15277 21924 26555 5689 24580 3517 37025 28899 11229 25443 8800 1388 17310 26544 28717 13637 26798 33892 10933 1690 11011 33292 5108 36152 36808 10424 14990 31886 38650 38290 24189 29664 7088 20864 31504 23735 7563 688 2361 5596 24633 11052 17478 7287 33650 13430 7001 33890 38240 323 9677 10094 6404 26628 26877 20065 33525 30886 25577 22710 24810 15371 20005 36404 24651 9476 34940 21745 39222 22445 10376 17156 26796 7765 21966 18877 23395 32313 8884 34427 1948 14959 10779 13597 10025 11091 9064 36302 35712 27881 5101 4992 30378 26110 37795 28219 2047 10864 23394 7229 8661 8793 22733 13643 24587 17634 26906 2288 28260 36139 19079 2718 24912 19402 21278 38253 11594 16885 12825 3533 33995 30978 23438 9352 22638 24136 7374 33002 18594 10421 26942 31088 22315 11116 10577 30277 30192 6870 28375 25763 27594 1757 25719 9451 3193 35028 6991 25610 21075 2642 18107 15534 31101 1424 35543 39241 34511 18080 16540 4524 38102 26022 39657 15733 25877 14748 25019 30877 16099 28577 28282 6328 22977 37101 26723 8507 4788 26240 34954 14200 33440 23857 9033 39315 21819 37228 28591 27443 1733 24896 10037 9680 37553 7334 3094 39465 243 33430 21190 1650 1279 9757 11270 25553 370 38251 10627 883 37023 25331 9044 37053 23809 30337 27575 10724 14814 23075 15610 11143 21534 18454 15748 14840 2895 26091 31649 1563 21514 15898 10419 11444 10523 9627 35933 10281 22131 24687 48 2412 39509 33856 10111 2168 30893 6455 23498 21864 5249 6273 33808 1822 17187 26342 35102 3390 39944 31231 32508 36311 38647 21156 895 26462 11606 1399 22990 1717 8085 6312 23437 4201 25406 12485 17312 29736 2012 11841 27016 29730 36880 20300 16766 23264 28883 3540 26754 5074 23455 11021 3424 25528 20399 4066 27122 2893 12671 22144 1259 8199 11967 1490 20768 8921 7789 23728 33581 24777 22008 29595 37374 23090 28032 6815 5243 162 22504 33927 5402 35616 3747 36433 31227 8840 21868 10446 34228 39703 15645 29921 12642 4696 39178 2215 33570 11598 38372 2530 10016 36224 29415 10172 29916 33911 16990 16639 21492 17103 13213 17406 11432 36687 39784 5427 38397 22591 11811 25380 36369 2849 34054 3062 31516 8779 8218 10677 3923 33522 20061 26490 9666 9315 26635 18028 8210 25733 20631 1664 20614 2826 30875 35431 7263 12503 4547 295 23660 22770 37089 5341 2726 8870 34190 31047 26090 1593 21504 18242 36990 8311 37277 23238 30495 38188 2518 25511 28549 25338 26077 13290 16421 719 32278 39425 20121 5940 21481 23342 28654 16561 17817 25870 27968 4275 28869 10780 12340 6582 33352 29469 15515 29372 37562 39356 27524 12134 17988 15865 37458 16332 1255 32571 23231 12748 10389 34675 23739 1029 14963 26978 36805 2384 30418 23655 25176 36916 10180 33512 389 9287 28292 12452 22431 20836 36344 34555 35250 16921 18379 28096 894 18676 20408 17417 28485 39025 35614 33026 7213 39898 10316 4148 11132 34704 11393 18266 27780 35972 4604 12299 16883 31485 611 22371 8248 28960 2858 37264 9225 67 11144 28247 26455 32432 21169 19230 19084 23803 22583 10235 37020 3360 38335 596 21671 10031 10653 23158 34917 38414 15903 21591 37096 7602 13696 16426 25302 22301 33834 34687 13573 18991 38143 16641 2247 17895 1356 3353 32507 22715 26463 7866 25891 29880 2511 17200 36183 37389 34852 2290 30731 36075 18890 34757 20367 969 25729 32265 17685 22128 26524 10636 23319 33256 15477 30024 9884 19185 23486 5874 32529 2381 1787 24676 22299 16547 2625 9836 29984 6794 27996 5144 11031 39759 11066 38936 16174 11553 15557 21631 5220 9711 33682 9059 32805 204 11228 25579 26800 8035 37011 2749 30321 34822 34977 17285 26823 632 25079 26781 21550 11596 20445 23465 9310 28523 29424 14191 8904 27699 22606 4090 4362 21409 14797 39802 2947 15825 1610 4019 32186 1441 23162 9911 3814 35358 37591 23355 1113 19983 10639 22556 17047 14806 28915 22490 16359 20655 2510 13675 3879 25172 19119 20737 39952 26336 9008 16985 5163 20575 35785 31518 32421 10685 36407 14423 829 20231 29859 32061 23503 34501 1705 7079 32668 8687 38734 23165 25206 15316 8660 15422 39068 37323 32555 13534 8886 5011 33455 11585 10175 25925 8509 1658 38367 24051 21489 33086 36250 1016 8998 11232 38146 18798 31475 24458 15310 21451 20154 33958 4246 39794 14521 18493 35825 15045 23522 37007 7750 17858 25212 7982 3262 28068 33770 35097 423 18649 14292 16304 27176 11310 6482 7782 1086 15191 17862 17105 35139 30283 33688 28953 19441 13185 35460 18711 36508 7032 28498 20946 23076 18285 8395 14422 32114 16367 11822 2579 25853 36636 27980 5056 28878 13990 27133 10080 6471 15804 5340 5611 7742 28843 30181 39957 27009 3111 28718 32461 30208 604 4741 36175 20042 2917 15727 22541 31594 16689 25210 33876 20463 19748 16468 13214 12307 22659 34375 13736 5251 24164 12461 2907 34210 1890 16745 21309 29868 35121 21164 20908 5612 6707 22250 12639 29734 14482 36554 25986 14560 28033 4174 9202 468 18993 254 22925 10674 3445 2871 2768 17425 22099 14118 31173 16696 32126 29793 38074 28221 35861 33825 3536 30035 26964 23139 18641 33563 5678 19499 15275 11363 3735 23830 12240 39639 15338 2181 25451 3264 38439 13387 28789 12858 14429 25529 32241 28003 25486 22884 29107 12244 13689 8469 20715 34352 9667 29314 9701 28526 27638 21673 11027 25175 39976 30206 28444 6912 12531 18870 37543 9220 14857 19172 17717 246 7613 2699 23677 421 25895 5333 4356 34527 663 25623 30903 23292 1675 14138 3435 32475 9360 19673 29097 3947 32291 20857 32871 32038 31243 14288 27205 30977 23204 19593 36675 9145 30668 38736 26295 24998 7899 8081 10294 9032 37240 24367 28991 19154 18260 26439 35624 26923 6902 34825 13781 34280 37617 8810 34068 18531 18986 27187 4463 10719 16322 34747 7746 22276 34973 20029 17203 4618 2324 5588 39021 12848 18573 23189 16555 6687 29137 25968 38117 34479 26112 16815 17 2658 17700 7919 1417 18356 26563 35635 15229 32616 6066 30896 27801 10239 35731 19737 7502 19567 14335 510 30279 29432 121 19316 13346 31673 5669 30307 23290 9344 34299 22308 29718 16251 11452 28293 27637 12150 26135 29240 10085 36581 7351 18152 7119 12155 5968 39490 19223 24353 13369 28921 21016 27344 553 26780 24670 3792 34683 24200 29152 16257 5542 23237 19532 27669 38737 9325 27313 36096 19621 27541 8653 4798 5107 39632 1347 8667 3032 27512 24410 19075 12055 15510 15915 33315 20703 14603 8208 9629 24681 10251 20170 38067 34946 6723 5296 38865 12062 21430 36255 19422 19178 31023 21956 23740 13640 1831 8531 16923 22574 31241 7366 29757 12255 9299 15261 1616 24192 19220 471 8074 13422 212 13631 9391 39099 4622 23974 15106 654 11660 22799 22640 1926 23545 7955 4610 23102 5148 16554 21267 32547 1975 27330 28252 29277 2013 10234 27209 6502 4124 27240 6866 5508 27660 37095 27917 9548 7435 20009 33234 27533 34322 32927 6127 15051 14155 37474 37307 34083 1747 16737 31862 2621 2926 4938 23368 29850 12484 24352 29136 25692 2503 12395 39630 7967 19255 25405 8331 19424 39653 22143 30618 3943 7275 32134 25128 12778 22720 35989 6901 21228 8697 39211 2128 1326 39499 30861 6651 3083 30074 25342 30559 2306 26945 23120 9921 5350 39451 32233 9235 27386 31545 2355 3640 21891 18815 15660 8345 10735 4081 25145 25177 26744 19845 17171 32343 4301 21803 16677 37373 33218 19821 11926 16 1343 15308 38430 25466 31603 27384 39231 35090 18984 13508 27943 5005 39331 33948 5941 37610 2204 32928 34722 25050 33096 24335 30195 9754 10531 21666 29399 1002 19691 2663 8553 14752 39564 2584 33852 5548 4349 30831 19293 38205 24839 10218 39492 16836 9724 34414 2325 21092 20858 22297 637 39874 35574 13238 32680 32666 21133 32467 34160 27738 26602 36957 9726 31976 39076 6865 9918 35809 23701 24775 30043 12975 6858 39875 14149 2760 13582 16809 26081 32578 39734 13218 29597 34460 1811 4185 7538 23496 12580 28261 10918 38354 17100 14427 24139 5483 27725 14238 38332 32023 29396 18994 34014 36470 25809 6428 515 25220 4008 14488 12979 5549 4315 5697 39697 36995 10916 10202 21960 19786 2479 27954 32620 7603 31398 8148 22522 22091 31065 31535 36755 6515 7121 27180 19611 21530 26423 19836 4645 34279 11770 20178 3163 15710 31331 7530 19229 8497 35946 25874 23653 18975 38238 9793 10739 17670 2701 2338 22168 6142 24065 22120 21851 17785 9898 9074 584 19074 38478 24614 13622 11685 35254 24409 28538 30060 32407 2753 39770 24045 20626 36593 17018 13484 2665 2773 1218 18246 10122 7544 22745 34136 8744 16810 7588 29687 18004 1432 5332 25998 31170 6566 11943 18349 19820 13010 7793 12482 6409 34626 155 937 13994 223 20721 27361 26334 966 8554 5471 35951 12321 27207 3268 30599 20452 21362 32413 2551 5 39583 36793 31934 34576 29253 10335 16989 4187 29187 10858 3066 27409 37190 26363 2068 27159 37235 24816 29369 14621 15691 10491 21916 12604 38967 100 5291 27160 25430 20336 8674 38685 23541 18867 23084 31578 15738 8837 18408 35673 2995 22015 5183 30013 816 36740 10055 16446 25471 23407 20411 33332 37298 26864 30909 866 11457 28988 39112 7682 16430 34700 22434 10614 10369 3805 13331 11104 37341 30817 23499 17049 13065 25643 6614 39092 2581 30614 33007 4001 11818 28579 22957 19731 4717 14473 4588 17035 6652 27894 35668 1494 4004 13801 31408 8120 12123 12753 1418 39683 2385 7606 24258 5999 25639 7845 37746 39737 12355 8156 1750 4850 39464 35010 37609 2965 14338 9592 6594 4076 27927 21794 11173 24384 14449 7677 17763 1063 15928 12477 21973 38475 31880 7560 21255 5399 23421 32287 29529 18037 37991 27488 38654 14104 15434 34197 18064 34379 25644 35429 5260 2533 9801 8535 5887 4528 31230 17044 2161 12238 12412 12051 19028 15867 37726 20778 25225 39079 6006 29163 18852 38511 35864 39531 13318 35409 21808 35878 8180 19077 36128 19756 7148 32066 33289 20976 5273 5978 29359 35586 9339 15638 14530 37193 12522 4128 21313 15985 21833 32348 75 26138 6113 921 35960 4082 17072 34168 29013 31262 36211 13401 20723 28454 23187 6600 36688 30943 21640 4833 6473 20326 9632 39447 34903 16418 6215 9159 18471 9128 33076 14316 38233 23466 31235 19878 26538 31846 33507 16969 2654 27563 25248

n=50000, semilla=0
6691 6329 33880 1538 24918 38052 10372 42813 117 7394 11254 39441 42405 22936 640 16854 30932 16521 41037 38807 35168 15040 11295 45050 36466 44851 20998 26302 30587 26238 19187 16644 22046 7 15327 49883 8089 18938 45822 35242 38109 35218 40242 38395 20389 644 42356 10418 12524 9346 16271 32208 44994 31571 17349 44717 42283 34661 29464 23254 7422 43379 6744 8397 39676 10033 11896 10155 49526 48072 41459 6784 38642 47140 28786 33735 41072 34666 34308 7268 9435 48073 30052 47997 43497 9841 11974 15877 29997 27697 39245 47905 1882 3617 45037 36299 11297 920 18592 30629 23861 33412 7581 19971 12731 31042 16088 5161 16018 28735 23232 28413 8255 30168 35320 6464 32389 47429 5931 20466 27903 26465 48901 20601 16117 13316 33406 33939 36383 43613 23995 37145 36833 6129 49147 21817 44769 16586 33728 21378 10755 32573 8313 18911 28124 34306 5617 14006 2517 29211 30090 22019 14054 39664 19888 37545 47062 36586 43541 25036 29627 32973 39417 17533 14550 37823 34291 20136 7099 10148 14777 45016 26208 9413 25958 22361 17206 5421 48179 28284 31816 48272 15887 49117 40796 13705 4772 12646 20074 21441 9363 7019 6003 44572 35144 778 4385 26774 11996 36099 8171 25086 18133 31278 28471 13133 31076 20981 2979 25555 48315 26669 36274 22997 5390 43593 44683 27652 40599 35757 40617 22393 35411 25305 22337 38757 1879 10311 12174 47246 14232 46603 39801 37772 19451 15322 16281 8153 47035 13449 3103 33425 2371 496 42010 11147 8607 22305 8511 45525 41709 39578 30879 4950 14019 39186 21556 28385 27689 40749 11959 9097 39992 12692 10023 25280 45925 7776 45283 33681 23663 39558 32585 47269 30492 23904 33116 38131 14124 30480 16021 32353 28613 10012 1642 18704 44896 25436 36678 17825 46866 1731 40310 31036 24300 18796 28822 11656 8626 21850 35690 24112 25184 49209 17504 41237 10011 39290 9896 36510 4828 26997 37577 1529 40408 36482 34381 13641 35400 25521 10734 8989 2531 40647 38451 18844 14405 37128 46063 47814 44595 14494 16386 3036 42360 19454 46722 7503 36056 33244 9864 40601 8102 19203 32325 7685 47982 24148 38522 28160 48758 1479 6044 47123 23291 47069 11425 17767 15196 21835 41806 31005 16269 5381 36825 16894 11264 19882 9409 45275 4538 41322 35088 9027 19019 41922 48571 18702 45535 11421 4018 30588 24802 39127 33807 13700 19457 33394 40976 49593 27711 9323 35027 25816 22017 35626 26361 11351 20233 43357 49704 7493 48357 6433 14651 13878 34684 38145 24571 49445 29236 30771 46599 26391 34287 31611 22020 18494 38984 42177 12932 17249 46375 22249 12562 32494 39917 45579 33665 45255 15921 26931 14951 42072 19824 39169 23248 31573 18066 24962 26606 8039 39585 10596 43526 35610 37106 29900 33789 8421 24343 30545 44562 25301 12805 22239 13481 40975 48417 37180 19110 14834 22786 19504 12230 1688 10721 28339 31358 23397 30852 49771 245 37178 38096 30560 12949 39282 33523 28347 15331 7463 29694 23524 1855 28873 28383 11832 13812 31269 40891 6336 34393 28650 34211 5110 23575 24443 48168 48413 38176 47226 9119 35083 36609 41743 47266 40327 20129 19869 34041 12408 33039 27040 41748 10551 11240 37461 5610 38438 43950 7004 25389 21608 31135 33660 3642 30697 8864 8819 12898 20234 10559 2978 24917 4742 8086 26327 34277 41846 34435 6833 7908 42409 7175 10024 10982 30597 45624 8151 29585 47807 32387 40871 5360 42676 12331 6364 12507 28008 41259 28978 13619 44269 28164 43081 18291 20368 126 20809 20524 32222 35784 29135 22374 38888 14207 31487 22180 43055 17491 14495 20046 33996 33761 34749 33680 36423 29952 41522 25841 4326 6340 28408 11373 10332 2983 41830 5926 10014 41641 3157 30138 36691 28551 43895 18000 41863 14264 38288 47476 17756 4231 29280 30761 47810 38556 36343 20260 35289 46314 3663 49316 18942 41689 29970 39753 47883 16811 512 25583 43712 47400 16000 47392 14277 5783 13079 19240 45865 22351 36080 46326 46499 5912 40473 43368 14064 32020 32477 42560 35546 48830 36222 20123 40840 5345 21636 12766 13895 5298 11326 41691 3178 18887 20683 47415 32419 48029 46727 6669 827 32037 42469 11693 27154 14202 23665 34108 3283 14219 44352 31665 41883 29605 9069 9549 10920 2424 26924 25685 35270 8574 30191 7542 41006 48992 38483 11600 41888 37743 41586 36140 30939 6759 37214 18813 47418 16658 20960 29127 1925 37038 21354 18609 42586 1491 35314 13963 4265 20789 21327 24704 14943 5604 7048 49933 38311 48292 39756 7261 17129 6499 46514 14372 4138 17814 19831 34544 41307 29974 38156 11200 39811 20067 46639 12191 21083 11549 28058 43961 41382 49472 43584 19788 7894 10757 11400 30287 21282 32360 1090 33137 35882 17488 34300 17353 41857 25770 42601 9018 45204 28130 46906 12955 41945 2318 28515 32065 45923 15133 13446 11899 14807 22350 14694 28633 12752 34213 25438 35306 43241 26898 12236 12109 35869 28721 21118 9706 40986 46274 8198 43863 34212 35282 36667 25597 42016 1868 17230 705 4707 15912 17101 8458 15868 36595 35193 18647 29884 38007 15932 6493 4656 2367 27993 876 26241 41787 20991 26637 21456 24082 23849 30001 20438 16019 34634 35787 36476 26368 43010 26970 24280 49565 20017 31831 6448 28707 9493 19776 20140 36385 41401 40472 34860 11243 31526 17982 4535 35977 2253 7441 49104 24695 8030 4059 4429 33575 39306 27574 37830 19967 33229 1435 18248 49013 488 5189 49516 11728 30904 36478 27393 46888 15900 42438 8194 37565 41058 3481 21387 43655 48248 3979 49972 17092 40517 4885 8518 31900 5347 34900 41227 21642 13743 44903 11989 39466 19070 48105 42491 10840 2912 22354 40017 45937 37448 2501 41295 1357 37771 41516 3901 5719 24024 43219 16490 28540 314 35925 26979 31079 16631 26114 43633 39626 13 18048 37807 24156 20072 8842 22658 30245 35919 47229 6646 14070 15744 22798 17632 18776 35848 36116 12368 47736 4583 40085 5859 17732 6162 48222 27691 7357 2468 42793 42699 41601 49602 34996 19730 44974 45309 7743 44348 41843 16025 40640 37575 1721 1201 36144 37983 40166 3883 5621 48627 31477 27411 4230 32724 41402 29099 47920 19012 45341 31837 30388 29101 10113 37312 44466 17415 6771 35318 47998 6182 6781 29917 41598 15076 47673 36429 22203 40106 30620 16751 4047 24036 9973 23488 6504 4486 28349 31507 3088 30810 17236 94 21679 33902 38283 30657 39548 41831 37359 22182 45380 32262 43150 20569 32098 7036 3098 35151 3069 30462 16279 15022 14896 35243 46464 18438 15333 34475 6509 8739 34442 18856 40061 34784 43575 3381 15178 7216 11242 37459 14231 49236 35779 32909 49489 47104 15728 49009 13703 8067 32726 41875 38622 10509 37579 14308 33418 31348 46632 19087 19192 44955 30613 275 41597 12042 1854 34744 26851 16802 11342 18158 48647 31575 18858 9835 18674 22043 32725 20845 35971 44031 3307 14681 18369 40299 37948 35466 26005 27455 5323 12251 31560 10020 36569 6931 18074 7295 43122 47116 19127 41642 2225 23927 33812 33608 26715 17259 39220 12845 43359 14465 20361 8534 21116 42239 48294 48411 27732 40537 21032 7798 46032 30790 8802 22939 3302 48006 1405 22639 42703 30293 25431 2800 4786 39822 38348 44054 32491 47583 37229 24623 24524 11554 32369 7904 29812 17303 13679 41433 46116 49045 3506 33202 3526 45802 7487 27357 29030 29568 9524 42914 37869 18157 10740 5574 14045 15564 30510 48144 29540 7039 29522 39383 4179 38482 30745 24551 25967 48913 12013 9709 14136 33729 12568 5571 11338 33551 22789 46971 23607 22768 33900 47688 43377 41152 36948 4981 40314 9934 37644 9427 7673 36051 5356 6992 46975 21951 36765 35362 44428 21682 335 30767 41932 32522 16539 48951 30231 27764 1554 26257 35209 5886 3645 27109 2413 7068 22855 13865 43686 46359 42287 1632 16808 46502 42000 32654 22914 25133 47261 33452 29397 32103 8812 36984 17264 10623 25372 36869 23079 477 40169 36736 33624 42723 3001 5568 23240 44415 27198 22915 6344 42261 39715 33355 22195 30865 48501 6642 32762 18632 19133 5320 16613 2564 43648 11057 6517 8644 13457 10212 1459 48229 14525 13054 16042 37465 45836 26776 31264 48000 30396 18486 46167 38199 15650 3988 34370 16581 27064 6683 22400 19693 12103 14165 32149 475 29262 41521 25680 22483 29576 2975 6867 2923 20235 46142 20964 48929 14557 34540 23518 13503 25796 18144 38368 33359 12719 19439 30335 33964 26341 9882 23494 27479 35457 29121 39053 40581 45773 49909 37605 35921 30839 22179 1096 46861 47524 12533 20743 11797 18731 48125 18011 26325 29082 45687 8506 38441 43558 19377 21860 3970 44553 5156 33364 38994 17377 12094 19442 46062 49697 25093 23360 48825 8335 48342 48142 14276 45418 41887 5367 43985 21547 18802 21863 33009 29985 1358 13496 18738 25344 27125 5757 16975 41622 47153 32650 21770 9690 4587 41336 7543 8963 3881 11301 26569 44850 38760 46766 3110 4894 13688 39956 34927 49707 19645 42451 23798 13077 3695 1542 44947 33113 29129 15192 20807 45688 9828 44608 26335 36418 27599 19236 32502 5882 47788 48510 14638 7136 36288 43601 34606 7954 9630 29706 26920 40687 47182 17633 40919 1403 14592 24609 5031 27559 39238 29720 44775 31312 26294 47531 31471 13598 11300 3944 31850 33446 49450 5417 49168 27203 575 49251 4608 15590 13486 32138 12393 17193 27025 36286 23317 7945 43453 11716 4874 31968 46577 35495 9087 18131 9228 23950 12991 28903 42372 41612 22387 16130 26478 4344 19425 34994 81 37109 48618 39330 28732 39761 47281 34056 5146 28262 44010 37941 7188 38408 27938 6507 31617 42382 40956 3840 30143 46205 44187 46231 8631 18724 34215 2458 19587 39109 46093 32644 13798 21021 7316 10355 40507 48838 28174 19392 40333 24028 49890 16729 45145 49119 11781 21448 9479 41260 37431 3790 125 26935 44528 16714 10801 34315 45208 40426 46696 14273 35305 6024 43549 42079 14785 32838 5709 35155 36872 19001 32059 3743 12685 2878 13042 27456 22291 13163 19135 40431 11003 25482 37632 17619 18519 10348 5662 46351 13418 31801 35308 38687 15236 35748 36901 16688 45172 34768 23599 2113 42846 29306 8575 43301 48326 13607 2023 24380 22137 7745 44973 45981 20276 860 11721 47927 8838 48180 13388 45332 11680 26032 49735 3880 21614 23400 20873 29368 12856 49856 38097 20402 24161 41931 1902 49757 21876 8577 12197 20448 29979 9557 7625 46496 42089 21247 6574 39279 29928 32803 49454 26349 14016 43422 366 836 59 20257 24032 37386 43802 46296 47360 33800 42031 15492 20349 9728 19003 23597 16077 46508 26381 40929 48039 1827 15427 29459 1689 10512 40275 33484 47323 20938 38100 48777 48850 10184 30983 29115 14434 24692 15686 31785 30224 39066 7425 28847 34157 46795 49783 45699 20514 20032 44534 22222 32490 6236 27704 29009 30455 12526 10969 24836 20904 44693 25717 47984 26445 36027 19857 1588 31285 28779 14015 43206 33237 15118 41844 43780 23361 32919 42311 18843 35696 3812 1094 27688 4093 47764 13341 40185 11676 41842 45087 7868 43502 28370 23137 49964 9559 45334 19432 37682 26684 21213 49766 34650 15017 9253 28475 38106 36764 37704 42156 7369 26046 29779 36262 39671 27963 43772 13071 28092 28963 9377 42170 18119 48712 16451 2903 48317 22631 46148 17805 26663 33428 28322 40072 21571 47951 34356 2781 37578 46394 40992 14034 26177 38886 11105 14415 28216 43619 28550 368 40524 47741 34012 31579 40268 31957 47865 4743 22468 23239 20832 12474 47677 4118 35034 3086 10571 31000 35845 45515 32334 36267 13259 28451 28121 46789 34513 22459 20261 2703 10983 7620 1184 23966 44884 47840 26033 6319 45496 20937 8914 14071 20111 5133 33018 15286 23764 45247 35197 9143 48275 3479 47396 24157 28241 30228 6763 14004 8993 19795 49759 5819 48664 10907 35403 45139 8317 15821 5733 41613 43172 27164 20848 34911 32864 40818 49785 42615 38708 49417 12745 13250 23720 49066 28353 32528 47864 30603 12149 33649 27620 14074 36853 45383 5290 37232 9535 29213 27679 45148 22231 20284 11705 36616 25279 35575 35555 6982 24123 9885 31558 13355 42537 6586 47394 18134 8166 37837 31946 23353 12064 23332 31286 42023 7728 1429 15490 16065 26926 22426 48882 9498 27846 44224 3321 12325 26503 72 37939 33190 13609 12159 48049 39185 10394 39622 3754 24058 10107 15543 5771 41338 29830 42481 48772 3282 20103 35311 25655 7791 42083 303 42223 39965 21627 27103 37408 28581 25863 4050 38562 41447 1452 11349 48888 9936 32892 40129 6551 9964 40683 4805 22706 37531 16685 35937 26888 5680 14375 48264 43729 32430 9178 1607 20842 32336 48091 8903 41103 40300 40645 45588 5666 22829 45866 18333 17361 41938 37817 12128 2213 17138 48450 9481 44066 8720 3454 27304 34775 15850 38628 13187 11956 20776 19044 9368 23260 44451 47811 2408 40328 12250 23166 12844 42203 6074 20504 47417 26469 31727 29567 23005 3974 10089 26470 13073 46854 10009 22587 12142 24532 38980 38349 41485 47804 31360 7933 5063 3467 38731 10553 13561 45008 30920 9899 4320 22065 24864 42330 3807 9975 36367 18971 3731 19404 32729 20530 42027 11261 7940 40527 38600 9829 10532 33719 10936 43823 12759 29400 43263 17528 49151 17944 40376 214 42273 31275 29541 25768 15816 45456 19873 28805 34201 7269 19085 26053 34663 3662 42686 21236 34593 6269 16964 26650 34018 14837 47586 10186 28548 36063 29482 7657 15800 47557 37539 31027 23623 30851 13483 39698 39346 3113 34140 39148 31651 49087 19962 36208 15644 19623 44360 47336 45189 1507 40677 33897 35773 42071 35568 18835 11037 23501 36896 909 10003 33711 731 18644 15346 22125 37853 41764 30391 2415 36449 31184 5312 29809 13461 40269 49078 38323 2710 30484 37600 33393 24503 3416 22472 28126 31590 3441 16372 23734 3573 26701 29535 21308 4774 38090 24121 13983 49159 44189 26436 4189 45129 22877 42892 7985 21797 19210 11042 27264 31077 26518 19661 26159 11233 5665 42877 18186 23448 35087 20045 45234 11843 26664 20016 11237 29227 3562 20678 22724 16101 13479 11311 20928 14098 39952 30533 14063 24292 46515 29951 41693 49973 38435 38653 1826 24465 41646 45615 14868 32202 8753 24438 8772 21275 44857 35453 14652 8184 43312 30630 19640 24470 27360 40281 39312 46572 5602 22438 31658 15812 33485 29782 17772 15184 42952 11580 34599 45347 27998 47158 5479 44628 34733 32333 46481 2056 33810 16579 9201 6105 1260 38174 16758 40920 31626 37115 23091 17829 4328 16191 17039 21058 8117 19999 8519 10487 17689 183 2014 37205 3951 30177 13991 47268 30757 22791 35522 24935 40364 49947 161 29867 18162 17423 25997 179 44085 38474 45843 5377 33109 42803 6742 46665 20877 21453 7305 9473 39413 4908 40758 4639 20116 3155 31627 18116 4454 10625 26595 19566 44770 14791 8533 40380 5176 35395 44362 4437 29705 7511 22599 37970 27965 13766 12135 37802 4739 23410 25784 14956 44980 40256 12994 29709 14669 12290 47359 8144 9993 43902 45988 20126 40900 28800 25508 46102 36358 3661 41978 29412 45112 22488 27114 27197 21033 39119 38085 36698 44487 11732 40798 545 26634 3465 41189 20476 43930 35281 9955 31063 32359 5113 34616 43518 30964 4151 26529 42926 41060 5900 40342 27856 24926 20907 24843 18927 23519 18320 5524 19054 22734 25566 15662 13554 24818 20746 26513 34577 18778 21698 39199 2499 49455 36652 39393 573 1488 38679 38879 16335 42378 33322 45157 15926 45643 48506 1955 5289 39851 3023 30430 37248 3215 1350 46217 30301 38350 3830 31114 49640 4677 49627 10230 16218 29646 38899 44172 17025 21259 3295 24673 21460 25807 39821 10952 18883 14412 22934 38959 40872 4536 36627 2990 36603 18451 2206 16420 16674 38216 6332 9255 28269 43738 34939 15920 39621 48408 7239 16436 24376 39098 36000 40144 10879 30034 11239 38125 1681 17807 3073 13618 43982 26358 46606 13279 1608 30374 15695 8272 23807 8207 4402 28673 38050 15425 621 8830 18372 32365 9191 17149 25879 39960 33340 18223 19452 1780 16507 7396 46738 26161 3713 22742 34064 24316 39319 48518 41633 48895 37430 41147 49889 39713 47957 13606 2589 48183 18679 6483 13056 10225 17030 26835 4467 3714 40590 19893 15934 47193 29641 34710 10826 33091 41739 39964 28569 25620 4211 19798 11696 46900 25714 10465 27584 22254 17990 20053 19771 37730 3226 5565 47578 33921 47825 23135 48369 24859 12364 42081 23413 7735 38722 17081 30040 43875 17210 18373 45288 26473 15455 4144 8625 15011 25995 46843 48479 37569 42324 20107 48917 44122 46584 15604 2447 21972 13140 39307 34904 5899 29574 49959 12559 15607 38433 10895 16046 2628 20944 23500 3894 28907 25202 39292 26651 43550 48614 30188 7518 7813 12730 41095 13955 23902 45553 18278 46202 26366 21675 7612 31270 9954 13427 11149 27424 677 28955 10696 13032 4237 813 21264 28122 61 35348 33376 3773 40592 39677 42861 19807 38037 550 2140 9842 49457 34264 25911 9319 29094 17753 6266 42768 20321 9285 15614 286 39793 11277 30353 3945 39126 31641 30258 34912 28158 33699 49061 35070 23249 7792 47203 46208 47125 21098 5378 30464 7313 19091 21885 34354 44026 43074 14304 12478 12912 18159 10314 49293 26195 34931 35479 19448 11610 30054 28828 37220 22378 13974 4330 36395 27237 13138 28236 40917 47362 49136 32054 25950 49170 17741 45533 46310 29796 476 36848 32560 43225 24553 10013 43187 34558 5761 13473 8702 25335 12429 30827 18405 44792 46186 45555 24476 5718 14818 23881 28694 3862 28762 11100 25257 14831 31952 23786 18354 33784 24659 49353 25056 46838 6143 9878 19165 43779 776 8052 14409 48775 47428 48609 7725 21239 2296 35167 27149 17828 37123 39940 35482 29241 4439 36491 39440 26393 9011 43355 10041 4099 12313 30290 47260 1585 48099 35509 38599 12300 25706 35074 32588 4169 16061 3612 39248 7382 8750 12467 43101 32921 2534 11449 9328 42483 6682 10493 10906 9552 46938 31915 10 26484 41594 21074 11028 4421 30405 25299 35221 22119 13845 33741 6380 23267 16947 33696 39428 26111 45464 29818 27540 17086 46862 4414 5712 7676 20330 5748 3541 35984 16617 41823 36730 30078 44640 22692 14164 28214 17293 15618 48502 7878 8058 43058 28345 47906 6092 45458 3665 12505 37834 10608 25009 49372 16394 37075 24794 40904 29588 20597 43060 30085 31689 41398 4814 22406 23138 46629 48231 20704 31333 12984 32099 32109 43320 16048 7137 37728 34528 47458 7135 32133 29440 7826 30197 24046 19837 36685 22784 8650 3554 16754 33111 36887 37476 40924 34536 305 6109 35738 21 938 8453 19006 35176 7410 4255 38936 26933 31343 5895 7128 26400 34857 19066 23305 22945 46490 34876 47071 12989 31404 7962 20802 10729 25658 45482 12961 33839 751 39100 7386 48379 18528 35458 32073 3651 35437 2103 37749 35760 41264 5881 44660 9870 9859 39950 33864 27821 24131 31635 7764 8866 16337 13397 48009 26227 12944 49628 49508 11514 1561 31916 2964 26254 44829 33636 19734 26109 44192 1637 22735 24007 6357 19899 16075 1746 35821 16467 45539 30047 1234 29836 31032 41405 23930 11861 7536 1460 5057 40913 41733 26814 47708 45092 32877 41099 20225 47782 37646 42114 30792 35334 12977 35220 42413 18350 39668 34011 36107 36824 22848 19697 2382 10406 41047 24174 48242 20989 31085 47552 32140 32433 41404 33169 27662 15002 37263 24441 2853 2108 9745 13760 40742 629 48900 1836 45505 20773 3829 41929 25398 29907 27336 13602 2094 32472 41127 24881 39397 26144 709 29781 35793 41549 8791 31885 47731 17548 893 25558 16073 27034 48774 32638 13985 31474 33942 32542 19409 15978 456 11165 16575 10182 45035 31345 33375 9730 10438 29548 2769 15113 23193 9240 3614 33938 24091 702 10167 23812 20823 37432 24706 6868 25240 33431 6041 37965 29078 27900 24415 33249 30965 17286 37592 5109 11825 3821 27715 8942 49019 14169 25628 25277 31260 7430 3427 35838 41415 42488 38314 17278 2943 23151 22270 31652 17493 18712 508 35188 40801 9452 39297 33216 49325 4442 40768 15102 12089 12394 10366 25059 38158 27105 3443 45900 3776 24661 14378 22519 25725 36356 45316 3657 44515 8782 13018 47620 31229 30151 13453 29348 27971 12801 25985 30402 40531 46985 46673 29417 3142 3352 28976 40606 15521 24158 17870 37687 10318 13440 24871 15747 4872 13154 21226 46024 20815 8633 24742 41775 23769 1386 29441 38155 24974 14484 1695 446 16053 25426 31547 28330 11163 36823 27490 11265 30213 2807 35133 21955 24851 39475 30291 39979 26937 43233 1835 4064 49005 16905 17742 8797 7941 11051 47103 18985 2931 14774 23642 47161 18319 31309 6035 8787 4720 27760 48484 36199 10652 39091 43860 32568 17941 19810 30541 6556 3201 38620 25826 30175 4703 12458 20513 42103 19281 1799 43989 28809 34426 41718 33373 29946 9505 15517 15535 7639 28026 19474 12314 22152 26644 7719 37863 57 10412 30028 23253 40899 11465 49518 18297 8767 20282 46764 33268 10816 32576 8909 33659 2556 43396 28213 31623 35612 11323 4615 7186 1995 44527 26399 14872 28951 9308 25118 33746 33561 38896 97 21840 13455 13375 26004 43315 17398 38046 9293 19416 29320 15227 26686 5221 27723 8795 5448 15976 3317 27084 37450 26990 28509 35037 14820 17872 5803 6621 9170 37897 5495 44204 49966 25823 12222 3757 2295 35275 7641 27983 18270 18317 16982 42226 26212 48803 47734 22633 30911 44046 22874 19288 31069 3560 33276 21739 31561 27530 7110 18876 2180 7910 44024 11477 18807 16233 4962 10737 19675 35837 12163 47657 37163 4807 33657 21517 21827 10871 27525 4945 33098 15675 12741 44238 686 35399 13773 33933 14571 7879 23258 9249 23804 11246 32834 35672 6743 30772 4813 28783 38344 44707 29756 31028 22622 14921 18829 6803 1042 40558 11652 34696 49442 31955 37806 43108 35001 833 18962 19650 17808 31112 48613 14274 19170 15854 47841 37460 45359 17219 27871 7665 19846 36742 3875 16778 40881 10329 49150 18607 24500 21326 17246 23492 19191 7106 4010 14766 30793 30106 37643 48303 22369 3545 20094 19929 38995 6267 27826 41328 10298 44036 851 46961 3348 31202 34933 23194 17557 37421 27318 48646 16413 10192 20192 49097 42806 20146 31214 32194 47771 42742 23953 49098 21406 31003 38851 10605 21649 45023 40615 23191 39526 10798 38380 13958 43762 41894 7259 4306 45343 14196 19032 37689 28390 39028 38843 10992 26676 16671 42644 931 48521 10975 22500 44460 19481 21379 46021 33734 36469 31824 45683 5815 7326 16298 46886 49018 13302 95 18175 31726 48695 16258 48684 25460 21245 30133 42777 41700 14212 45419 36103 392 3320 33972 24502 15188 4214 22157 41772 52 35527 2910 26857 44366 48676 10194 44011 2480 5701 7841 29284 37744 43510 41518 13020 24956 34770 1986 23125 20203 36911 36660 38 14323 15306 11275 6522 16299 3994 12224 43865 36052 38302 21533 15655 37469 13861 47513 38915 5083 39443 22411 10338 36710 20905 48199 14175 33437 36220 7073 29232 12284 22693 22256 29685 7614 15555 372 40510 16946 30954 21820 35553 12435 24357 5779 47446 29266 30497 35214 29842 23678 19004 21143 11908 29294 42076 40208 14120 46048 24260 27415 3796 37157 48922 13055 32976 6776 30459 2327 25286 22792 24853 28501 34926 37627 2543 38825 46474 35528 49287 9457 13472 11108 1306 3212 14470 48641 42442 13365 25483 14017 25834 39085 8363 39015 32228 34702 33887 49529 46275 25351 38985 43335 38077 3600 4821 41245 5160 39177 1145 18916 1278 5794 18474 7574 29168 1369 21197 49630 30565 31956 19493 32106 32708 33667 20606 15172 4948 28357 48170 40774 7462 21049 42253 30690 7680 45141 5908 9586 13172 37723 34726 21105 7702 7288 492 32279 38625 16916 24475 4598 26169 33186 19379 11157 49892 45159 41333 12475 46412 10293 43607 46546 15930 40001 14835 15541 22749 44719 11917 18274 12702 45235 39161 41647 8899 10594 3393 28153 33627 31416 35902 44483 741 14137 39471 20644 39990 28733 41274 35178 17196 37271 38822 29531 45857 23457 9647 9912 1251 20064 25413 49459 13477 27606 17969 39236 43545 3976 35342 562 10054 41856 40806 24168 44357 44292 48873 9169 14129 48560 22458 23088 638 39928 9588 3671 24257 20972 39533 15613 20026 7692 16782 25408 2086 45293 14949 33243 42221 40325 7693 3577 34672 35513 1448 34038 20667 5067 7408 34367 2073 919 35061 42923 1580 38189 14674 22607 16417 21566 42430 36632 11180 21609 47431 45335 45438 19952 47422 16153 41867 25367 3037 15986 49605 6738 47943 23182 5072 17073 396 7202 44831 7654 41996 24450 47141 570 47095 8139 14778 22683 23732 40761 2814 29149 20490 24534 8868 42832 29745 43910 29816 31973 32504 18723 21472 15211 25101 29780 22550 36564 197 28874 5285 39489 21224 34824 33496 8004 22124 16768 40209 19386 4808 19928 37673 2409 37253 37838 36521 39478 40402 24798 2719 19656 34459 36275 36635 27049 16924 8709 3494 4712 16111 42344 33161 19887 23467 31647 11141 23505 41293 6565 30421 44194 26026 46946 14083 39516 47061 21113 15818 4558 5473 8293 44571 888 1998 44019 9336 5544 20529 1931 14376 22949 28520 8125 39455 30897 26762 46371 42965 1620 23106 10949 37619 32569 12750 9353 41624 10747 27298 10502 11670 30550 35719 32013 9456 13379 26339 21621 33537 42085 32410 31355 4359 10226 2586 13564 19819 30158 9186 45127 34495 7438 21484 17102 28120 12030 3075 44745 26559 7938 44087 37980 765 38503 17878 10855 10632 23001 41659 31732 44393 28947 47739 39093 47447 22466 25699 22398 26278 43131 24615 21014 46174 21830 17644 7411 30046 18866 1683 23263 34851 22110 2987 33232 43887 19411 17240 40755 35633 31869 43808 5459 27809 37825 40273 40285 22561 47445 44088 8229 39152 45486 32700 10062 20306 20752 1045 37659 33539 16915 32688 24922 38964 21111 44594 13633 29758 35293 16908 15835 28603 19468 3303 10604 19258 45336 47334 37243 44176 35554 18412 24579 8593 19912 25080 36608 34350 1267 40427 47844 38584 24433 20846 46697 5563 1213 20186 3007 22066 48716 2752 11912 47879 25642 19943 1100 11059 16518 20902 15452 41935 24530 16803 43715 24444 13592 48258 39411 7624 33642 31988 34121 13708 23805 3928 17854 9199 27630 19667 11573 24574 16582 49932 31662 33476 42133 33390 9254 39535 47502 12168 13469 20751 48262 12721 32487 18448 5181 31695 26395 24002 42702 45162 30434 39390 3418 11004 39507 24315 41056 35778 19860 3152 1671 35253 31347 18003 33787 9445 10880 49308 42240 8592 26713 2886 33160 19871 31981 46545 3832 21366 46760 13363 7547 49266 23179 5686 16826 9407 12847 23068 7093 42369 17119 43406 4884 28795 917 6942 42550 13995 40249 28974 10242 40869 35752 49519 14503 40974 8078 9887 15418 491 7489 30671 16360 11136 11769 48999 32292 49934 30075 7354 32319 39051 5708 12272 35830 45179 6711 26082 23772 42245 19270 44246 30465 43196 45544 41835 763 8072 33916 4675 18053 23213 49393 5822 14684 30408 9327 48784 42250 30170 12831 31899 2059 35709 32661 11677 46909 44245 23041 47539 45256 18750 45175 17245 48965 5355 46291 15299 38660 46633 14606 48832 15626 39515 18329 42770 35681 10587 9405 34913 37535 22037 6012 4731 17078 43407 20185 45779 18940 37608 28997 12202 25893 30885 48531 10785 41023 16409 23479 27292 33846 15585 25560 22824 34384 48943 9615 37338 15431 35753 13976 8416 21543 17989 23852 36647 11876 34782 17554 18413 11591 49140 25996 16800 36574 28047 16344 33448 27544 44408 32409 28829 13940 35105 40409 30855 20055 44894 9804 28665 16377 14018 40819 32784 46965 18118 38506 16014 20659 44645 25931 10568 36310 25532 34409 14863 17794 195 44741 9394 13966 20966 25294 31319 9767 15423 43839 13977 26599 33043 978 48719 7478 38005 23436 30698 40656 43318 43360 27895 19252 41092 33754 43169 46421 37571 15741 9614 8775 36902 33432 31379 42445 17475 35029 12829 8032 79 23497 17127 14354 1546 37070 9108 28966 30386 27864 46140 15394 23918 2079 13244 22651 6505 36575 43953 9951 37395 29492 11032 30516 11729 36672 4569 18475 13513 37369 13527 49305 704 11923 39189 4761 34316 34097 46868 13539 26201 38970 16711 35615 22185 48424 42229 29001 35328 25276 42402 28006 6670 7909 35174 31629 30352 10000 45177 9121 27474 17724 19132 15682 40810 24201 29991 40054 38207 28601 24564 46126 12623 48491 4889 27423 26673 35552 15332 170 48057 37910 35746 5786 24668 5010 24126 22293 3860 34096 37688 24388 25196 27044 17253 3034 14799 13312 28059 18766 38063 44351 26718 9799 12289 13109 250 3464 5485 17104 43105 45969 38485 43191 6367 39283 11756 20019 1235 36534 47124 22808 1573 30125 8748 42403 7995 15034 31742 45168 16942 15255 42765 39035 21070 49774 46446 31770 1768 3649 15179 4400 32969 28384 28740 4198 2508 42638 11622 33094 44207 18244 10402 9058 30309 30644 15079 10486 32306 45071 20373 2844 47691 1391 36992 37595 13757 1669 45322 35204 7072 41959 6393 37894 7109 33436 8172 46440 7861 27926 15264 40237 18513 17771 19505 5169 13347 35198 4851 22678 23680 43986 41290 32541 19151 46845 10786 27230 42898 46863 3767 27561 27119 5622 15139 39434 5526 37792 31461 7835 38695 26581 20182 45116 45408 24523 41436 25696 40058 10870 36142 47033 39719 30204 36313 38320 15852 5896 11658 22764 26355 27342 22082 47245 44777 32895 4459 34117 8686 36737 9638 23977 8678 21130 45785 25590 17568 4834 46341 26995 13451 22261 4078 7177 15652 5645 4112 17336 44877 47763 26134 29114 46276 26141 21365 18462 16353 10109 1562 48365 24815 39613 45841 45608 47491 48045 31818 38080 36766 31318 37664 5732 13283 47857 8490 49703 30086 32860 9794 414 1315 12400 36213 8092 47090 36011 46484 28712 41697 13276 17382 3846 19844 7291 2782 41711 48233 14229 13791 39772 6133 44734 39444 25420 5518 29655 10452 28271 42349 24880 37496 40751 45821 33874 39874 34503 3551 44754 20780 1101 36729 28463 47616 11624 21335 41606 13933 4357 2606 16448 6390 8476 44433 47949 3346 47453 23281 9245 39560 11711 24568 532 25606 5925 5375 40571 10321 12511 6864 283 33788 4318 21306 43825 33914 13901 6924 1368 34067 21725 30819 17586 10262 37420 39080 26464 30736 39768 16030 35913 6834 28914 35384 38204 12542 40811 44086 48660 25552 2044 22205 26603 32962 26427 42665 22269 5302 4120 16294 22022 16771 30680 10342 47793 35232 48328 2197 26179 45954 39042 4966 15093 34498 16342 36258 3216 35297 33345 6048 8813 572 30423 18737 28176 41755 17371 42383 45039 17827 19690 30936 26711 32015 8409 48551 45819 35582 20096 13281 13197 3463 39414 47742 36244 24238 43454 32256 10953 17910 3774 21903 5277 40123 40628 33772 30347 41644 15149 47420 42379 40329 11648 34796 31890 28113 30176 31587 4517 24999 28543 17166 42290 35171 21256 10387 25902 32493 15257 15767 14908 38854 631 2216 19802 46039 8846 42124 15205 47881 1808 24788 36120 6311 45353 47295 37202 8158 11495 42003 24768 40909 2600 45384 30549 47154 45739 25498 27417 47416 44936 44781 30364 16170 42391 32402 16102 8758 32781 42306 3623 47490 3887 42553 33407 7419 45910 983 36002 16096 21304 39800 35704 31706 2547 47404 6327 7633 23048 15123 11653 13989 38981 35210 1392 14886 37874 19598 41701 27753 36559 22243 362 48426 41254 2237 9164 39318 12131 49354 30236 16182 48349 18195 34686 36123 24964 30366 32988 17022 8010 13021 20071 22501 36857 3362 5462 19782 2057 5078 14132 15929 11130 7235 18168 1060 524 42422 25676 28941 39481 27613 45201 27934 28749 7274 17170 13682 29111 49269 8221 38906 6337 32629 49038 14322 23729 14536 35149 34084 27893 5297 15488 1793 9930 12133 18253 44283 20350 16869 39759 31669 30848 9263 38178 34588 33678 46894 5977 32408 23795 48764 18102 8093 6027 15321 48225 29392 32517 927 37629 45734 34582 13188 4792 29476 15824 25905 36239 3659 36983 8232 38619 9756 48498 2521 48568 15709 40776 28125 18312 38655 48466 17684 44166 11475 36078 29020 19311 44507 21705 12622 43163 8012 21216 23773 44213 34420 41136 24930 3775 26126 9347 23763 34800 41591 30145 9713 3244 25423 27539 15082 11346 30826 37234 9465 2000 14810 10414 10368 40697 38305 13807 45273 5351 11151 37541 13882 5872 48447 551 28821 33545 18673 10270 32934 18899 47013 28881 133 24799 5534 46793 34392 15137 45806 45835 5784 2214 38489 48061 5009 22608 45901 5970 49693 847 28608 20188 16724 33054 41669 15763 24328 14300 31833 18828 23965 14913 42242 3751 41754 6701 10542 30552 1171 36807 23860 12278 48403 27944 40348 11267 12318 11905 4335 48509 18363 21258 5710 17178 23251 31794 41811 13452 42476 32570 43403 38670 6069 20745 26901 26801 13596 42044 23676 17457 48692 3833 26259 4873 35137 37900 45430 4553 1618 42193 37780 41812 34729 12936 47726 14800 39454 10079 5281 43519 9078 32876 47165 39502 28193 35564 17155 361 4403 36532 7942 24264 22757 31055 3948 41544 34756 23840 19226 46626 30725 2054 43260 10479 17190 10132 2292 34329 12087 36803 21729 11868 12763 30383 17365 1400 28040 35430 31051 4562 45516 33653 9425 41014 21800 8588 43843 3955 39182 12854 36868 17271 5892 46752 14230 40838 34870 10705 12005 43267 12560 13072 14492 30797 33120 4958 36163 20812 23611 24074 13070 5121 41889 822 33212 5799 47577 27623 28887 27504 34285 24108 20670 44276 33843 28460 31205 17795 8132 16435 36840 1328 6037 12076 24539 43395 44159 10287 23244 4540 37721 4519 40050 984 16508 26185 48529 17615 33468 19895 41872 17332 5653 35475 7554 45792 25615 16291 42026 36996 37757 47508 27922 34802 39069 25021 28690 9387 28845 13692 542 49921 42694 11806 20030 9365 26347 49911 1939 19237 39572 35749 32072 6665 49986 36403 28547 38884 9410 22527 1660 20548 44558 18841 19979 4939 43665 37092 45801 10642 440 16702 18110 14932 47510 20 26704 8646 25800 49531 23796 21137 47826 9880 17466 11280 2626 15990 31595 47270 40596 15642 32952 12860 34622 29750 41353 36269 24273 27285 38810 17976 24726 39562 660 40651 3791 36811 4911 46357 12818 9553 38710 4286 43984 25858 26299 20774 9858 2839 21732 20594 45894 5616 24473 37722 41940 47644 22853 37371 48547 4734 13478 49946 29245 22913 26412 3068 14577 1581 19042 40045 35490 25854 2881 19388 31183 26621 49139 38913 22435 44575 32897 8947 44743 21523 22474 14942 14591 28826 40585 15115 34462 19051 40580 15833 45706 45645 28210 2566 11018 46194 15095 5191 278 38295 2430 32888 48935 25040 19350 9338 18854 32104 13084 8011 28999 37088 34115 30319 31283 30535 15742 23464 19618 24463 46238 12909 24044 32271 38092 32391 28083 43903 41112 46756 40985 42758 18547 15442 41187 3865 17273 28429 46081 13460 44313 6706 12001 49125 47930 24811 18424 44261 25541 25980 21837 35727 49940 39723 3924 36156 20974 35354 27795 9298 25571 3492 27350 10646 19204 13731 45244 7317 23926 18660 41231 14612 18578 42655 20813 22223 40482 31539 2353 20688 5139 22671 26291 3130 32177 31903 6697 24531 22870 42855 16137 29346 29923 33858 40415 37033 34615 24247 30786 44071 49524 7070 27839 32199 27797 34182 22711 2922 881 33427 19585 11131 1846 23816 30496 7483 7166 40619 36317 3632 16204 38292 22175 42171 43482 46015 31142 32802 24697 48185 11718 21865 34358 80 5114 44992 11916 35483 445 43093 16588 34179 5698 41462 20630 35385 25247 29933 13930 28572 10305 8756 40089 2996 40518 14871 32840 9621 46200 31169 12519 11673 1474 28001 767 3056 42077 14091 33006 26020 28891 32735 27076 25993 15006 11209 11870 13866 21919 45541 47252 11128 9747 27908 32956 45931 18535 30275 41360 32824 35441 39173 34101 4480 40937 1530 21572 6745 21999 28741 16463 29635 3116 24010 41658 26136 45745 12637 48208 23963 26556 5863 42639 22477 31977 42080 33135 12700 25048 31853 35414 38909 47101 16277 36493 48014 5966 48054 11368 22920 24533 31332 15504 1200 40826 17110 3553 4925 18998 4167 26052 27645 23147 11982 1970 41325 12024 5703 9833 48608 9374 6596 15697 46660 25353 28149 23674 38059 6053 12670 7999 27403 21043 12280 16632 17590 1361 3188 9610 13574 9528 14195 12772 43632 33829 21929 19347 14477 3919 28442 11396 26173 17333 32519 15461 21356 41052 3451 2836 11708 41205 20894 40005 25320 41109 5938 831 19976 5683 30934 18415 37736 5418 14466 37832 12892 745 37489 3176 43123 38668 44621 49617 46944 17918 48939 1121 25070 964 26691 1906 25738 35157 38923 47118 34149 38009 3253 44386 41004 29378 2224 12793 24118 236 1839 27940 30214 27925 7747 5278 37488 27276 25546 43408 17853 10048 1597 49500 31908 41077 36583 28402 36076 22244 44712 42212 13285 19275 21708 43018 16168 39905 11447 46841 21375 22314 27878 13521 39704 12861 20861 6915 50 42092 26834 9501 60 112 37142 37254 30420 33888 34653 41091 7568 3685 19977 27224 15030 46907 48931 45195 49616 39536 31775 45651 37765 24616 7020 45932 25524 1539 49817 43178 19617 18298 12538 49089 16615 11450 33730 38749 2470 21027 1583 38881 24872 38277 39234 47383 30872 18352 2892 27257 47520 7403 40670 48996 21681 43580 28677 25038 44306 24857 15678 24387 9917 7476 21091 31989 41730 29341 20838 2418 33179 7883 27500 25134 11644 43771 11687 27845 38225 29954 4145 15525 25166 3861 31240 49545 1363 22038 47812 26999 20314 47783 49775 1696 3719 40539 2976 11578 42152 10914 44193 27171 12528 6718 46161 27140 15891 33066 41125 34936 38954 12337 33532 42707 32854 22274 1600 8824 23908 35613 49967 21067 4005 6761 47150 10873 29993 33683 36842 35962 27323 47866 40066 6394 3382 4134 3300 22188 39259 25737 1883 43430 41304 44266 45811 16292 27966 620 20375 14869 20709 49346 350 36234 6488 17537 16098 16906 46463 20171 8342 42437 49477 41312 28984 21402 7474 26199 7248 14033 17366 6613 18450 47570 29505 35822 45690 46381 40060 15436 36500 25933 49848 9665 16951 18397 29150 18365 27231 27907 32652 48295 19040 14792 4935 14342 31031 47006 4759 46837 34971 23646 29794 9066 38633 19864 14979 8188 5837 40792 36961 37194 19029 1025 44413 29828 43410 17335 43832 44324 17157 4791 11499 29275 31582 24924 18183 12265 24781 5294 11441 7949 42480 4706 18973 37784 4951 10388 36589 35185 1004 8939 8191 19569 28983 32035 12779 29026 45599 33312 46654 16728 21772 46109 12471 6612 37814 27106 34546 23340 16354 25069 30425 7227 3607 10845 7388 29888 36168 41049 25321 1718 13998 23280 47900 47243 33543 46867 45344 5213 20335 39280 1136 46471 47215 15726 16763 48794 9093 175 48111 48439 12035 18728 33705 16656 26661 21301 46076 12443 13965 4085 44326 42690 39061 44255 43026 30522 39861 39062 4868 28590 30622 19117 49846 39253 1729 43401 14770 33727 49843 25447 24685 36944 49800 34810 4232 29853 10072 26525 27457 16029 24492 16980 8223 6144 1076 21329 40400 31152 41531 16877 19458 34521 14344 24556 42745 28652 4238 4096 17262 49792 7873 13464 38603 796 47795 26594 19850 8161 17480 43302 10219 43848 16687 31621 22059 3127 21114 33308 44566 43217 16319 3472 22732 16649 12136 20730 48147 47436 44030 26085 17037 27334 38148 49950 20986 23570 28754 6965 8023 35255 34943 11913 9700 45556 32204 40543 11699 567 29205 3514 653 19933 15544 35159 42651 8152 32801 31888 2463 36612 47627 21620 11142 35386 30615 2951 32635 31182 37854 12633 10018 4253 34815 36022 101 5959 37713 30472 27243 47727 18918 25976 27975 22916 7315 23014 33493 38812 19958 47403 14926 9251 39206 33353 38400 48221 42522 45366 1423 4723 31991 19576 18465 42682 1719 19152 20127 13349 30905 5672 14510 38982 7840 29373 32820 18805 27957 2453 21342 28994 38596 38723 47988 13408 2883 2509 39953 2672 34478 28045 46226 21355 39277 47977 33748 1244 36463 5405 24718 6434 32671 47820 17886 12274 36408 28316 27461 23536 35997 32179 37456 35880 22392 26579 4797 37160 24895 18111 44773 27823 44235 14055 3204 18271 8738 2513 21788 5334 22577 24272 49956 32096 48487 17265 21652 43290 26845 643 17765 21763 39410 5762 34830 15532 45194 9674 25563 39728 18525 777 21580 27138 24885 23871 16041 5824 3 10741 26660 412 3530 48481 17288 49439 18690 1630 34743 23564 2205 27002 20622 19045 48304 16164 18617 22310 17445 34611 44720 7681 37677 3133 29021 10967 25908 18280 12508 29128 31040 17945 42605 33233 47963 24961 26792 49132 12217 10695 9555 13381 23180 20645 49534 16650 23385 25095 16564 45747 23723 15114 16047 42029 9922 3085 25840 45324 14867 10708 39421 23164 24513 39190 1444 2145 30986 20736 3275 21062 8393 11436 4672 26408 24490 42128 44788 27651 16640 5420 17492 45000 32536 5647 15666 22325 9956 3913 39708 47051 32058 20570 39370 33981 14995 32847 44456 4473 49025 17581 6371 8836 27358 27785 15643 812 39217 18937 49143 7249 15222 17241 255 19360 8227 8471 26333 12455 49721 46823 26578 38082 39837 22275 47750 821 22689 6045 8193 1204 28814 32855 33612 22147 240 32281 46762 25937 3102 32752 44004 41456 1674 11819 10791 39810 47745 22290 48711 41584 29936 5530 21443 34103 47611 5348 28867 39284 23015 29849 39757 29790 24304 11738 47931 14028 25500 26065 20925 39299 26433 2855 5327 353 18054 46980 28011 40371 16009 16482 6316 18729 32971 48702 43061 43867 32673 25161 17228 45833 34243 24464 48563 40287 22903 39060 15256 37324 18713 12028 42773 44106 14430 42580 28362 23884 18325 19363 13821 41175 15591 31193 41339 3485 15210 28938 8900 4282 29652 46329 37652 48192 37549 38330 11089 35636 13792 37104 12771 22355 17524 28830 11821 3630 13617 13415 17809 18390 49691 3050 38712 41337 1316 30995 22539 47694 3580 29940 19018 24989 48946 29364 14919 31498 32605 12767 40549 5240 12152 26010 32006 6042 28296 11542 24736 2554 27425 16212 5432 1861 10027 962 2536 38531 46177 34255 11949 16381 3535 1628 19189 12460 38526 6201 44888 19938 46059 49340 38444 45741 11038 24938 26338 35807 48364 24322 9313 9187 9022 23784 38179 24677 15511 3336 41509 30924 47211 44899 22450 30131 20301 49072 5276 9508 12346 1011 31690 24861 10692 34293 47451 16845 38361 5231 6719 17454 47347 20781 13678 7203 21395 31735 11370 29510 17932 11807 44834 23318 5587 18619 40390 12108 35200 22554 12976 1923 17832 14654 41277 24643 33327 7882 19573 15089 47157 7858 48655 39542 37006 22809 6431 6616 269 35064 27887 4591 42963 24783 41466 7722 31201 7207 14291 11778 34955 6205 16226 23872 19322 49676 1783 24949 35656 32394 7286 4737 12402 34200 49418 48718 44900 22801 31130 25194 25578 43576 40363 29870 6875 615 6930 13715 13872 4204 31491 28890 9943 40692 3893 9773 20967 10339 42830 46356 26025 6407 9082 39416 3257 2872 18421 14268 3468 3140 29835 5559 2671 26197 43684 23937 4425 22863 45239 17640 47941 30871 15667 23449 33014 25341 45962 48077 9468 43382 26223 9101 14643 1949 44000 49040 6666 16052 5956 13515 25731 31486 44102 40393 41721 11510 37215 46513 32764 14509 23670 27253 6726 39293 43647 31267 811 8353 12715 31371 27535 38943 4927 27992 12375 42800 24838 39134 5155 45018 32862 41018 4170 43626 13337 18103 23633 6228 22820 40635 39512 23901 44113 44959 10527 21249 42749 28585 44376 8273 13851 4287 43045 23223 47465 19537 10749 1269 33374 29819 2696 45296 24702 49292 23847 49978 42342 22397 16338 39517 49896 30509 12004 32682 41355 35446 4846 47635 46614 22567 25339 1282 47693 34739 27709 43710 48644 390 9810 10099 20007 15679 16086 44579 27349 47653 28461 31551 15631 23367 18176 18716 13970 20352 332 47499 8387 11924 28163 4087 10043 11665 14087 29740 48960 21628 23528 35234 27953 22475 23832 25833 10965 45006 18058 34575 29761 6988 32879 21497 20588 48607 12382 27325 39436 46498 18591 14261 18070 44704 40509 49834 39192 32146 37648 27632 33738 19683 25033 26123 35142 25113 21806 1666 23831 29194 18234 49582 43577 22880 7797 19472 4277 25127 25428 34901 24840 6937 31979 21680 42040 12138 19774 14570 2727 15718 15882 7211 12342 34902 6246 21115 30355 24055 3818 37945 10805 8408 33504 14700 45948 46112 42908 22590 5386 8487 26007 2368 36792 34910 36963 30604 1500 1221 36883 3635 4033 22626 34695 13069 46176 30989 31499 10292 32593 21508 14881 18919 8326 14075 3184 7656 37416 34224 44958 6324 27767 15927 39643 35304 48937 33219 16290 25480 3160 34422 2708 13763 45674 31466 30300 35641 8616 503 20169 10197 40716 29657 32112 28104 40429 27222 89 15787 1425 43777 31256 49154 38904 4552 12147 16872 16652 17852 11722 10769 38509 35462 46087 6062 21359 40157 5088 41323 19982 7900 6461 45471 35625 34131 4832 39202 12866 17208 23915 1313 47008 21986 37370 43066 38649 14712 19548 13805 41805 42355 1977 4074 43354 26235 39137 7289 12666 22887 31858 23595 889 21150 7960 48064 10403 48478 22496 44426 27444 28859 2404 45342 20753 45493 41016 22114 48320 37794 38274 14629 17597 30996 41380 2377 39287 413 43912 14176 15907 34999 5967 45586 9469 13881 2334 38237 40149 37603 29833 15370 20906 19263 17813 40851 31740 26454 41588 3609 7696 424 7270 42850 15749 34222 32267 41991 18444 37758 47496 47563 45097 47609 26475 36762 37868 30759 31224 9862 34613 48042 40109 2083 40255 12118 42712 42098 4893 23426 23669 15721 24370 9156 43676 42933 25347 20543 4180 36511 12970 2037 46524 13199 48981 49769 28743 31554 30242 8399 31685 38697 19612 4449 28769 44223 4130 48205 10536 3815 15597 41545 4441 44403 45798 25391 1297 35599 15803 43819 42110 45868 14497 42463 19571 26905 43090 36130 20657 21925 17506 8594 11002 23702 4030 34988 6705 33966 32047 4685 38193 6117 14841 1509 38168 10495 3471 16893 9966 30639 36109 22922 30044 39380 23571 9893 21076 26331 3806 10838 13095 47297 43846 43271 31175 593 8029 49806 38091 12609 47100 29434 12886 13948 13105 6241 22996 2504 41706 13162 31784 12480 15273 39115 1116 35415 17630 48473 6976 37032 29157 29986 25919 33239 28942 43512 32143 1676 15780 18795 41029 22668 30155 33166 4671 43014 10513 30809 15049 19397 42415 6782 14667 1785 39603 5309 9970 34694 44443 7376 20217 33617 12379 1885 16537 35192 33739 24129 36646 4611 39845 24766 44244 12426 17563 43864 38997 2845 25119 48915 35592 9305 12492 18259 24755 14637 15565 21663 22703 47054 22026 8641 2911 35619 38568 30974 41104 23552 31906 32000 9230 8551 31643 14362 45577 17875 49930 34554 46878 43088 46586 24303 27759 43882 7790 3209 18061 11158 45069 30788 4296 19064 8675 34471 14334 28077 32450 22060 14670 6084 44855 28560 36669 41636 186 33333 38805 3760 10957 11167 29824 21231 5379 21579 33226 6979 25390 25226 44119 38507 49430 8135 15939 12651 15740 31953 40713 34288 47186 44750 14319 6648 9718 2542 35020 12740 33666 10056 22545 47275 39032 24154 11759 9582 45647 34196 14275 49595 18524 17469 7755 40855 45896 40769 6130 29520 2982 19989 42412 22544 31663 37584 31490 45302 33397 43943 38165 26162 37706 40535 35323 39597 32640 29521 41367 3477 8659 15336 43909 19211 33763 33330 46372 24573 44908 2684 30021 34891 11742 27570 17087 44337 6822 5455 18697 39926 10090 47835 35060 7346 34265 44003 22677 35512 22788 772 49295 16312 49729 35620 12080 28587 49754 22595 23352 40805 8224 3248 46812 39216 32728 34095 45286 5947 30634 18431 27951 9294 10966 23063 13941 38256 10633 25492 28697 3008 3439 35283 18557 48768 49456 48329 37361 24183 21299 30361 6025 4676 35948 24801 16452 14941 43242 5853 21874 26759 12776 25112 32980 28910 6542 41632 13557 29924 48857 7923 48218 6297 37589 14485 43744 11273 49227 46638 36374 11715 8924 3647 2246 25283 47898 27478 45385 6217 31306 4266 32286 24006 12000 7927 9780 35228 36979 12483 11678 15598 32978 22346 43774 17199 6547 31299 39568 20226 25333 39782 25329 21933 24453 49991 30795 49586 49997 31125 13864 3507 8730 45478 18272 4866 44966 36791 14819 39011 8754 27783 32160 3271 44190 7285 16259 32619 46125 3567 30066 4011 29447 29615 8918 28759 9863 42733 23096 22485 39379 37283 40889 8230 16444 10699 4812 40983 9116 36986 29451 35801 33221 41020 40413 7134 25396 14031 21223 517 14384 39600 5200 12066 39360 23289 14298 16120 21178 10742 46719 15952 31495 20089 42318 31650 33615 33905 3065 21144 8066 17287 17284 8423 47800 31480 7080 19960 34959 46850 42066 47179 35322 11641 37630 30239 6883 32301 840 33124 6414 44576 25923 43708 3006 48626 16109 28837 44345 44944 28116 43827 35607 20449 34580 37435 252 6796 39200 17354 24427 810 46233 39395 33766 46666 15348 19800 7306 42782 16329 39036 31894 45041 49665 3668 24728 16476 26736 26690 37029 3281 34833 14746 48705 2020 37113 46892 28483 36849 2721 5684 13267 34480 44461 27816 34482 41163 21132 2980 46607 2822 20711 21011 32219 26165 38632 38686 1109 21022 4632 10960 34324 19560 48347 7479 21312 27112 36379 1524 29048 30165 18719 34742 1727 10422 12377 24034 30102 9244 44911 22401 22001 37944 19271 37876 13298 42020 18309 6289 8049 16327 40884 10941 34605 25941 44844 40487 37675 30036 43216 30298 11122 15148 20547 32259 23116 11350 33951 48942 42448 5536 27322 8212 40271 49428 13380 16199 9070 14695 12946 40172 8463 28932 2119 31580 732 5019 45952 8384 35093 32488 10098 38454 12684 26871 44607 2089 14516 857 44498 7736 3091 4918 4880 25011 41783 48120 28618 37209 36036 13849 4137 35239 32404 34388 21641 38103 40839 11341 22899 12144 49992 31962 37405 40121 9441 38032 1686 48612 31857 26374 42570 10343 44856 33056 5253 19320 43560 38136 36298 44525 1945 44586 20214 19627 11816 6524 22653 23662 20978 42102 47983 24978 47959 34875 132 18321 35489 6036 26489 33022 48877 41477 46362 47597 41664 13107 46678 49647 39408 36753 34677 28412 33000 37554 44815 48787 7597 40165 26013 31179 5954 1884 25915 497 13433 12878 48164 40030 23190 45933 3149 241 49264 27905 39817 21541 10661 12373 22198 4669 46317 44058 19777 45266 21376 15664 22309 4882 14496 15214 33411 30598 30766 22338 17261 30048 49070 15870 41980 15111 14199 40466 7105 37841 10575 28758 9004 16457 48845 15782 11898 42938 4115 7021 8094 32770 45152 41989 14257 49810 20092 5826 32614 33185 33148 14046 38894 37159 21954 42534 28766 6637 38472 30438 171 48632 10927 38973 38818 20511 45622 26708 307 46937 22963 14632 24606 16097 43369 48757 16264 27216 15110 25951 10645 34597 5053 40347 4860 14702 18269 17465 27643 39975 25455 6338 31178 17174 37552 12450 41683 32987 38245 41839 34082 34843 17694 36860 22600 42809 29683 42552 5433 32779 27124 40055 30061 36562 9891 38684 48393 49736 45712 6632 35026 29244 39415 4257 3017 48528 14952 45649 30528 42907 28897 2739 5782 29302 11230 24256 5017 33095 11182 16699 31707 41849 10103 29802 37504 7332 23799 21208 21805 40241 3436 192 13263 39476 45311 37116 14234 34579 5687 32984 9529 20112 17773 39734 23923 31356 27328 12282 5194 11496 48636 32437 729 43447 2242 16830 29395 17305 27619 16678 44368 32704 16929 39605 18633 213 34111 31157 29309 46691 3071 10763 11211 19043 20440 42735 5801 3079 34553 41899 14209 42790 2028 43089 4906 46516 26846 23806 20210 37686 32445 32857 14284 15560 49855 3070 11867 773 29189 5372 34153 48152 11586 5562 49716 46725 1237 3432 48905 48457 14 4732 26934 32201 23844 23129 28318 14122 11249 43516 23073 38716 290 8888 31751 20600 19216 32388 17963 34797 8277 40049 4380 26037 37936 12411 48780 36092 31139 39120 36391 13139 30362 4199 19738 14370 10624 32245 8369 33193 20705 16031 24254 11947 27587 37111 13741 17387 49821 14808 24311 11236 4756 30315 47210 8291 34721 13663 45565 27048 2637 13645 22154 30469 37188 32 17111 36735 6528 36318 20473 46507 10375 40941 16895 31798 40245 46791 33465 7081 45503 7825 43924 2078 25087 1397 9404 34021 18506 995 37700 38544 26571 36970 43142 47682 37282 36769 31456 5030 11485 43783 1749 16993 17202 29546 39831 27656 19167 27185 20710 30868 32390 35958 43434 25252 16959 2330 23146 31921 48495 35694 41985 21943 38273 21183 47254 9304 2636 17085 2832 16179 23788 21988 15889 31168 46411 37903 4143 23632 46051 35099 25544 8275 18010 8878 31481 45994 29534 14147 35890 40696 14628 18909 34406 2896 32993 32100 21322 40396 36865 32442 46703 41552 10216 22859 37507 3542 5721 49267 7888 24412 21653 24578 40797 29743 49422 27885 4139 19343 44105 17019 27259 38111 2686 32701 32364 34965 17256 47519 8572 8719 5469 23145 15454 39407 30058 17040 15315 4917 36897 1161 352 47321 44692 1111 14059 12180 3722 30573 33311 12419 23821 1663 38797 19624 26221 47607 44409 13099 16783 30363 41934 26314 9751 46358 42971 33387 38347 47640 20992 43277 11757 10084 44691 17577 38094 36373 13632 21976 3380 43854 22529 39859 39775 41819 26069 35827 7113 27191 38181 15280 7713 28259 49479 17367 20410 33121 43991 4108 7549 39313 44406 16520 18480 38270 47604 43299 23065 38689 12465 17588 36108 45912 23510 12762 21475 49035 4240 19544 29185 958 45974 49708 24678 49109 25813 27053 33443 30318 44405 46856 34452 45718 10429 42496 13014 30244 13695 39399 41566 17803 3080 13636 33589 4173 46390 36329 2282 28709 16044 47843 10149 10894 168 47914 30068 41668 7262 8708 19950 19955 30676 37482 34850 4733 15879 2810 17628 10259 4091 39514 39394 26609 33521 40809 3527 44151 29062 12607 3383 49734 32052 16528 48786 46972 47411 6154 38523 48083 11287 49554 42082 36582 30714 49976 39146 29678 34421 47301 36041 31914 16222 1504 1134 43040 35798 23622 21881 18948 48778 10687 27990 42174 31612 9861 31359 26132 38325 42760 3386 47559 28798 1412 45005 11464 30835 39439 11984 16147 19455 1489 11878 7058 27828 35264 46755 20952 17118 19103 45909 41774 16189 12164 31583 23746 38890 46864 37801 41681 29684 47209 7158 17429 24097 44328 42427 11333 34276 43589 12068 5222 25513 4624 10488 30956 34997 23134 8062 23153 8673 28048 34270 23843 45545 35520 33307 3490 37979 42663 43448 26064 73 3450 42301 3224 9442 10244 49962 5171 18401 39813 17128 16133 27736 28630 49060 45598 32706 5772 48728 13826 48662 20517 28597 49137 38294 11826 37382 6284 19520 6058 40712 43204 21811 4477 3480 15207 27976 14299 24936 1557 8141 29583 22163 45766 42424 26668 40088 7187 32121 30373 24957 42200 45955 16820 41562 5497 27460 37140 1275 23845 2051 19865 35292 9699 29725 2452 9014 31426 47237 36994 1130 43658 14244 15743 26067 45200 6814 18606 37143 22238 18683 15099 21782 46982 44294 30753 27000 30427 30764 7834 10818 24928 15295 2737 4483 31001 30526 15558 5014 6232 34649 17093 47899 33187 35246 21528 20834 37895 7343 16161 4 3421 34262 37120 12986 46449 3363 11565 1535 42078 49888 32462 23454 48990 24081 42775 21417 19134 12158 20512 44114 45827 8413 49730 18095 30255 4276 17701 24549 21605 41183 10766 30521 37378 16708 478 6375 27849 26377 22644 24078 19534 6366 37019 40972 17410 26501 39971 5097 49499 42845 21894 31158 29212 33646 10794 1186 26321 23631 865 42508 21982 31974 4228 30941 23460 46569 45708 20195 34198 14437 43599 20224 31078 2146 45090 20249 40221 24713 36164 13189 49977 2067 10395 29969 37740 16392 32551 2772 5042 49680 25509 48197 27892 12552 42687 17743 46859 13122 28810 38161 10959 14600 28761 4412 4825 49319 43833 38060 13686 40604 46368 10925 29070 37933 45045 646 41923 14472 27263 41637 20250 35033 37071 657 30312 44396 9355 13953 2915 4941 45363 32804 44706 46542 2465 7526 25785 31534 42243 13934 19476 30502 10643 12532 47492 33609 3498 33866 32046 3953 43443 41202 25910 9602 46936 8694 14163 15384 28756 7381 14144 8601 5631 11479 13786 38378 27911 37082 8809 29519 49395 45512 18024 21909 38289 28642 35031 28970 14901 18495 13282 32489 39692 13178 31046 9279 8361 5737 46902 40860 2289 34583 22775 15980 9124 43114 2770 26894 36759 32083 17447 28791 26350 2620 31666 15324 34376 44197 47718 47310 11053 31609 43794 2787 43285 24397 3150 31747 41994 11058 17238 12075 43231 36157 17418 2189 25971 27947 19272 1698 38234 45532 24759 24850 14971 33206 39843 38728 33677 19867 48486 15242 38247 44540 49317 48398 43492 49668 46675 8323 23515 15905 49214 38720 1140 33720 40336 37481 42014 21558 29775 39193 42474 48297 13536 25633 45358 10137 30540 34792 18400 39942 28342 3678 22751 29490 13368 18706 30178 1262 8308 25099 17432 45657 5804 43389 43581 34143 41876 35917 41342 41649 14809 43117 36779 14759 5857 10238 36461 13973 28688 1871 671 33225 24425 8252 43405 42214 37878 43629 45477 3057 2005 23886 10569 22150 39901 49990 6772 25207 4181 8358 7338 19355 2111 45113 14762 5349 44358 27513 13131 6801 47455 2244 40216 32972 14446 48173 34748 45268 38463 34612 13639 44171 17061 3918 12817 6489 19660 19099 48566 37601 34709 19264 2734 11381 44962 599 35182 34618 36281 11922 190 45593 3378 24875 22070 47724 37050 26624 36261 22234 17898 26622 45249 5254 31172 19908 33912 33828 28495 43457 29038 23617 18653 8327 2217 45411 2828 45680 49601 44690 20180 16510 33060 6615 38593 44762 4215 38698 11831 46959 29797 27939 18946 29667 24324 40794 28438 386 9696 28737 48062 4503 8213 30020 16070 27605 15129 36180 45554 31315 17720 43224 15950 22265 27685 754 26274 31277 5849 12835 34232 18216 33165 20724 28570 36852 22460 18205 37381 30148 39981 15272 48333 45021 23874 27772 11666 17857 20725 41391 14142 8050 9865 18079 26210 13601 39951 14400 40934 16988 17011 3730 35915 4609 24013 3653 28302 33684 14380 37966 33003 6819 32556 37735 19361 2618 12183 22971 3154 17690 23172 13651 2252 17292 8243 40052 24008 46139 38565 29914 48666 48161 20819 8986 40529 17678 44353 1965 34057 33854 5428 30929 5916 33712 38892 49598 25917 1461 14737 19506 42039 1936 39204 8461 41041 5236 13409 24170 33192 24963 30169 166 49064 21785 21293 12276 48736 11629 31314 46014 15405 49918 11528 38828 22906 37926 42235 43493 27001 9605 48849 22858 27775 11171 23215 45543 24634 49567 39872 11515 8214 17226 16450 49057 23275 47592 46585 23306 10848 43252 43697 20165 9256 6314 37750 36935 45233 17901 36136 15329 835 6370 25678 14957 1961 44282 42059 46451 23235 15126 13000 10374 26523 15509 28191 309 5556 24039 40170 35396 38055 32416 7857 19428 6650 15711 38413 22589 2919 13745 13383 25047 44338 33936 44355 28490 47596 32481 24921 44296 31530 34592 47480 44849 40991 24716 38588 15438 23565 41383 35092 28319 35451 15758 47078 15992 565 19545 15065 17052 17549 42091 26207 17374 21436 46718 44139 42234 39033 46815 5823 8869 27136 36625 15621 2281 40753 46636 11650 16230 41878 39114 27997 10644 25876 11936 27936 31552 16812 7643 41936 49111 27614 13714 23948 41377 45417 40762 29929 16866 23170 27032 23175 11127 19713 16998 5216 5960 5445 28819 24779 45364 29932 24099 3496 28892 45123 43145 45560 21930 941 44787 10118 23296 28563 33151 28012 8955 34079 5764 23030 24338 3761 28450 26985 11990 1268 48737 12073 5551 4114 30937 14440 24228 13389 3949 1067 10549 25254 49408 37769 29871 23672 33085 32150 29890 14328 26497 20245 30930 48595 20134 42593 48425 21595 33822 2900 4142 32825 10138 10427 47265 28287 10448 40079 24647 23750 29231 828 7007 43192 16954 45036 32216 14977 18886 6678 48261 31279 16023 24620 30758 42567 18642 17757 40199 38546 3236 36881 22838 47 19698 2234 38041 18827 537 46754 29170 4493 28115 47874 15822 14878 22246 30117 5003 25397 30365 5366 2657 21531 43119 8276 1099 26862 3525 35739 15832 19558 44878 20555 10362 7837 24984 13390 14816 8422 21900 19487 22339 30750 15091 13549 9969 18834 28641 4224 15969 36928 17251 41742 25704 22214 43164 20386 34698 37681 27066 21459 3228 21097 10640 8046 36297 4365 17629 32954 9412 25251 38021 18174 34267 31521 39892 41618 22836 4989 21385 42962 30350 22593 23572 49381 43850 17937 43033 38018 41090 49175 346 19875 48611 1056 12931 40146 3315 31368 21522 31462 22349 37317 39783 43674 40057 19 39254 20040 32757 26001 17646 1511 23298 10731 46303 5934 1447 12536 6559 1935 15201 17291 6944 38935 14650 44417 41069 44411 28474 8669 36154 36441 9688 7678 36544 15309 39611 35119 12659 39537 41292 435 11871 46818 10296 30234 23365 37820 35372 29549 22160 5463 17532 23709 12385 489 43230 25901 12440 33004 36651 24245 43393 31760 20677 46290 46005 10390 11958 33112 26825 41484 19112 22526 21407 1292 29506 30229 15826 15437 37852 27969 39168 32469 17824 43926 18561 7185 15830 22433 12198 40288 29593 45634 33685 10589 13519 21529 25652 44493 46143 29406 36454 12625 37258 1182 13222 12227 35094 14355 25883 42848 6812 11046 31199 35566 36800 17575 13758 28521 28099 10651 11603 44510 31677 29834 13314 4353 43097 33790 5033 41517 13711 24089 30948 7277 34783 35533 46281 3528 46532 11497 13687 25684 6578 13654 9024 17942 5868 44480 11440 18120 21078 37655 49021 22620 36620 17392 18498 45232 19342 20806 36145 14153 10021 26356 45832 18814 24365 7508 47389 16548 14113 18779 41283 42142 14294 30874 40743 37586 15484 13322 43469 40117 2241 11619 15446 19225 4870 37754 26276 39406 49491 26228 31098 12077 23778 36118 1463 17922 23666 17024 41925 7976 34017 30979 25749 23638 13444 26346 47439 348 20911 18758 38066 48516 16175 36728 30926 16177 35191 7181 37651 27854 37887 44367 9494 34718 37429 48885 43616 36974 10774 10396 27860 27788 7402 32307 1077 10905 144 36453 18654 25775 24282 40812 37885 13673 13338 28566 39188 49591 6323 28407 39506 16026 310 27416 49953 42184 12489 23561 37968 42633 10817 22986 32580 8987 29217 29578 14906 19309 15739 17254 22103 22623 28860 37080 9914 3693 39468 38108 47278 40412 18440 17399 32926 36929 36456 37445 45582 21503 25900 35368 29982 46151 39899 23271 4020 2741 36438 9232 15343 22033 23865 23824 44072 26016 14185 29966 43064 24901 15569 34866 27374 32184 21298 33470 1401 29723 38258 35080 21353 48079 19995 11456 32044 49437 32026 35127 12195 42620 24497 46343 32196 47965 38762 12720 4372 38644 38925 30330 12791 6969 37590 26741 39460 26892 47311 28128 44765 19147 12904 9651 48713 49768 33604 39179 11848 3430 1165 40365 29175 26048 4245 36694 5257 225 39919 8258 14443 13608 2455 33797 31174 1078 40225 16122 34769 39049 41397 4623 40450 49636 39777 29935 39929 45978 15935 23543 39924 42559 25940 49473 31737 26783 7129 35831 20748 16857 37960 25504 45736 10214 35039 43631 41741 3101 33986 16876 12998 3129 26977 32848 17079 7499 43838 30016 36585 40433 12078 25818 6465 18235 12709 26574 29712 16505 41619 36126 13581 15793 16796 19931 29873 27674 25385 44177 23760 24299 9692 38371 44281 5241 14438 31349 36049 8472 45032 11207 41703 29530 39915 46509 14481 30720 9910 33392 298 23186 16865 12146 9968 46383 21548 19602 3548 6779 40167 25491 23185 29742 28157 36885 35924 14749 37335 1177 7966 12834 20885 11812 27215 35485 11620 17023 38630 48687 14352 44567 21364 15592 7424 34629 27359 31822 14222 45441 111 25824 13237 48783 40453 47813 22173 10896 22432 397 48556 49369 32017 31896 18530 46811 8087 41392 26610 36248 42623 11385 38590 49941 1477 33492 14489 16094 25710 33337 33429 2366 30461 32203 3834 38729 29556 26218 46981 22367 7312 7122 9822 33213 39344 40021 3736 28379 40914 34098 579 9714 4701 31971 10104 15078 31018 32609 48307 19528 44688 333 48336 31510 3446 45119 17482 13542 35814 19740 9691 30057 9830 18458 13125 22251 21553 12102 34556 10266 15792 34290 45606 20927 46315 14041 2552 37624 9697 29915 34332 2411 25535 49258 13145 25596 43008 21507 38138 32562 45183 49982 21291 26560 46262 670 36985 27287 449 16181 516 31167 49414 12396 1008 24972 34829 27445 18208 18818 21037 27039 11893 19799 36375 3845 34171 45839 45991 44068 46349 22818 45476 38262 20431 36194 5266 23836 48962 16434 45781 13875 38543 35165 4313 7198 49388 3765 3171 29265 30140 903 14696 41671 38746 16825 29860 10310 38363 2328 779 15628 39520 33227 19017 33527 31068 12428 10795 13761 18746 30339 26815 2561 20610 45480 25173 42879 9396 32772 49090 10682 37268 18549 18334 6161 10307 42669 18761 6525 43662 31748 7075 33077 34203 7199 26526 33500 398 49432 33529 41155 18508 36558 40053 42231 9536 13873 2755 29177 22810 13785 9939 47656 4678 45510 29596 24637 49698 10578 30129 28025 37097 45930 38721 32323 39301 12853 14534 24721 6954 4901 25665 2220 37963 45508 14676 5628 23199 22264 12843 25959 48743 12539 23714 47544 29580 3387 43920 33899 19529 36406 28499 41364 9123 14630 15951 43805 4600 25992 49746 30448 31493 20270 3118 42986 21581 13313 5130 2971 14272 35287 5021 18790 9348 32425 3190 2731 15208 2190 30775 25747 2139 27718 2403 35005 5387 1232 24106 34671 6302 38458 5724 20120 40344 25478 48883 36519 25111 13854 8770 383 44920 48493 16651 19407 14421 35219 48770 40375 27604 19643 44325 19832 47686 31104 46968 21426 18930 15972 27301 21398 48423 6452 10371 19395 11735 33335 25848 16765 27642 1598 1355 7078 14528 44611 40312 1655 46335 33296 5246 2733 21536 1009 14656 38215 46528 30576 49989 33602 16880 35160 35963 740 46717 10097 10622 42826 36146 10385 19877 32780 20215 23314 41532 1382 4424 24253 23045 26063 37593 7307 48154 46282 40278 18863 1001 43289 5514 19334 26271 13975 20835 28420 8123 31218 30076 34711 44617 30862 23304 39027 41655 11190 16439 32254 49004 8890 47512 7983 23567 1911 38786 23459 43720 40631 4193 6334 48331 14636 27802 46995 36462 19805 36398 23447 13753 19726 5758 40944 34673 36553 45711 16317 26721 31129 16193 38561 28906 26105 12054 29206 26193 5467 44816 32164 33599 44634 46352 48544 22069 35227 40037 29032 48532 15419 49928 29313 7044 42183 48087 44827 36925 33279 22326 12885 46492 3411 27428 10252 13357 29463 27501 21838 39108 46951 26326 21644 49310 37786 32716 12713 36834 24262 34961 40955 28409 28449 10497 18663 44321 48214 30394 16849 11471 16423 24041 48858 48561 38656 9307 49643 42708 34312 22896 42181 24162 22985 15954 2648 8018 14383 26689 8880 44909 6957 46387 32239 40781 9149 33929 32483 42218 14327 18708 40403 29808 20932 42167 4475 42416 13646 11407 47728 44739 25035 6503 403 40727 31978 17168 45897 2670 5475 32294 36789 37037 35734 42991 19475 19677 36854 37354 40254 40890 12049 49823 3762 33342 16611 20068 11695 34408 1123 27813 17973 3740 45134 3221 17859 15704 834 48124 6408 23868 16001 40559 15563 7864 31556 1521 46706 19233 37861 194 2660 8407 5781 22738 8065 32546 41501 2099 34738 19090 12915 9096 47409 49739 22263 8887 11020 45767 43210 4626 3884 30311 2184 31340 3977 8711 30222 19582 35148 27373 20342 22641 9593 2632 12733 49827 27664 21736 393 3061 17500 45621 45757 28589 3621 27641 37888 31960 40048 34708 42207 23981 33102 38128 48952 45746 23683 42693 21931 8833 33664 14542 29784 49494 17184 14088 18501 21440 37506 219 35534 36787 40773 2351 5753 24237 36572 31253 15352 49483 21025 34090 22892 15551 49996 1112 46033 19215 5915 43298 45765 7200 9735 29146 34594 807 11099 12954 11529 44039 26461 30794 185 48341 34569 28575 12537 28298 6125 16424 37505 40012 47822 29601 22753 49084 43934 30808 12828 16779 20888 24789 18570 5060 49224 3270 28081 15347 8573 41808 45884 16406 39222 43148 9236 7384 42393 49313 26710 22816 21146 12565 38730 28500 9779 26100 9329 2792 41498 14128 10712 26961 6391 27245 8999 36345 313 24218 4416 13004 49579 33998 18664 16797 34751 30726 42527 24722 3546 23027 24485 49493 40928 22688 3290 40468 14953 46914 26411 19553 7537 1290 24934 46141 31565 40087 1433 9150 22879 15036 7668 18447 9511 24403 29403 47320 36226 40861 41541 2949 12907 43594 23600 12823 28312 29061 48139 23688 42001 34351 27008 24960 41565 24680 7662 6573 4634 32130 46699 691 5204 45575 19526 47541 9796 9606 13305 4346 30738 40178 44618 11320 34878 18567 23374 17759 13660 25898 38750 29927 4888 45611 38192 21388 3848 48987 37462 23396 21937 5909 36943 34138 3286 23589 37984 12105 27364 9031 39749 44055 17451 35844 1771 25417 25948 2432 34655 44346 1665 43529 27223 1160 25953 47330 723 48731 31497 30187 34248 29328 6363 26848 18908 694 8801 48034 10295 15968 13221 30210 44530 31523 26884 12686 3235 2143 5457 18017 32132 42320 6998 4930 11659 13394 42577 10765 14093 28427 46983 38835 41207 42333 30724 7988 29638 11764 37625 43140 18721 23262 22937 2645 7176 20414 9048 27011 24613 17308 20187 46555 5443 17467 21222 45466 431 47651 6955 20507 21168 44685 37182 16981 9118 47111 41666 6211 26586 9518 8460 24746 24094 33849 3658 18284 36829 24638 505 46287 38419 16859 20274 27987 10890 42858 36447 18735 18083 44253 49899 4933 47351 15180 42513 12669 45210 13512 21944 36702 34587 33947 32010 49203 40377 34049 42194 34550 36739 37238 42130 40014 19123 42997 20345 12237 4865 45979 14143 46074 5974 30080 20104 15409 47175 48724 2850 16587 10634 27199 19222 49738 11567 37397 45864 43223 18613 41720 29957 24751 10756 14844 25348 20031 6956 47372 36230 18136 6674 16293 36915 4564 48789 14133 21875 32095 12582 22585 6372 31325 13507 15548 7395 35022 7896 20469 27326 19753 11577 31678 39577 42315 17790 36876 10201 25235 38112 34338 22802 6972 27435 5839 17091 1953 38202 7830 34188 47379 29270 43426 49695 38831 48638 34957 24318 44590 29858 43268 35376 17435 606 16100 12910 44837 14390 45498 14235 6101 31733 43672 3598 20881 33774 31696 37473 37998 23246 14588 6458 8294 23104 9551 33457 5898 1653 49081 18149 1300 33694 16488 14817 47452 35442 17916 18956 25350 17280 29906 7372 49558 37667 29515 22776 9694 35705 22560 8368 19591 1711 7709 32328 16790 12852 14168 13245 15143 30297 28185 42236 16132 44820 27807 17972 1779 24022 32873 28600 45149 35481 15235 1866 21662 11435 30849 3123 46344 35438 7085 16148 21995 14801 24457 11856 11314 31280 15752 10176 34648 9879 47160 25802 27720 44484 9311 1181 17088 13333 38645 38638 14053 3373 22328 33773 11213 38640 30802 21602 5802 21117 11387 20194 44221 3326 15964 39145 15866 25051 31711 26626 21323 13744 43007 6712 13742 37777 988 10574 1017 44694 4469 32693 18090 45820 31749 43719 13129 20955 15768 20158 29631 10370 4708 27392 31459 39338 33706 16128 41674 13229 6111 42187 20505 35557 49365 26612 44587 21700 29279 13817 36839 21332 26653 914 12140 25765 9273 316 14607 23992 49935 19720 20766 43304 31353 24711 8561 38641 9574 47554 42864 2416 31292 25960 45348 12821 14395 2302 28913 4955 41150 12667 23398 12207 47199 22904 17340 33593 7972 33356 13026 28244 21622 21795 35683 8967 48806 45720 22368 48639 7911 13732 2303 2941 11097 48672 9175 23432 3715 32958 23537 33658 4105 26886 3857 37016 49095 21824 36446 6813 12881 30097 19584 9379 13993 40330 33838 42612 26417 32371 20830 31525 42802 19781 22980 20426 25713 38816 34847 29606 42251 12371 33641 2162 39128 3355 21512 49156 48976 33334 38672 5715 16202 18901 32446 16690 29527 40063 22081 17393 44035 11881 41955 40422 20685 23103 46552 2815 23656 24416 22785 45964 23057 10718 990 45461 9223 21008 43039 8398 46254 17431 49404 20675 40099 20443 16260 29674 16882 3409 15480 13859 6124 7322 32459 2267 45396 46285 4006 45845 43685 23279 25366 268 7846 8980 26351 4765 42562 13783 49323 35900 37650 27156 324 42277 35163 21790 9109 44398 49805 27472 109 14213 11197 37285 1206 10862 24525 30519 44430 28696 27339 10222 3407 45444 3217 1446 42812 45886 44988 40637 14080 38087 30023 5447 42269 43792 5369 11579 30940 35769 46963 17459 49871 49068 29074 7087 46876 43266 306 10790 49054 46239 23919 44196 9030 37530 16731 14077 2093 12963 38867 42689 7756 32311 28753 25124 25752 36981 21272 21952 37390 25507 43292 38217 37342 30960 30410 33632 36578 2156 4667 26953 38331 19854 45812 28079 12718 35840 44873 43364 27062 16266 30354 31268 47978 12175 35781 41535 34678 4668 11616 9805 46734 6876 42266 2631 47638 6165 33062 31439 36910 1021 47505 35181 29304 39573 17810 34423 25641 31949 33177 11558 40419 41656 33584 14178 22682 26770 12357 6890 7683 23692 17442 12273 10141 31813 14888 22740 31835 24142 18085 14633 17007 29975 33884 3183 38072 2553 36890 19538 18767 23059 45251 44825 3319 33286 44708 46808 11138 44651 21570 49217 30901 37164 3697 33299 50000 18191 45888 2812 22087 31307 22837 7309 27999 4979 38783 10283 36850 33371 26116 21577 28968 24585 44506 9262 42492 28571 1629 17631 39251 8105 29113 34004 3592 6369 14112 32151 6638 44195 46745 47585 16936 14730 31203 41503 34639 18192 27120 30892 19076 17863 27915 37276 11618 24733 13371 37985 45961 29439 36019 30094 10909 10086 32468 33389 20988 11627 30500 22881 5437 5992 41913 15197 16792 1648 33451 43016 44073 36032 23755 8608 46070 7752 7379 44211 9707 19276 36819 47545 19911 37319 16380 18217 13720 29316 17082 20515 10392 49790 4182 43564 26049 7355 13499 14538 3967 12444 32950 41970 9440 3280 43149 15582 25164 17991 11574 23658 21542 17325 10868 384 26441 18669 49650 18830 24516 40019 26415 9807 49074 6290 12529 43751 33191 28377 34253 5311 33316 47314 44203 30265 20573 2758 41694 17935 38182 29199 37325 29166 49859 8521 3173 15946 15487 14364 12056 472 16039 49749 19142 47706 5501 14250 48933 43202 42371 25999 20484 23829 26531 38412 39433 205 34170 33661 21338 13775 45118 25357 19412 42888 4657 39194 47083 16848 20160 10691 5583 26731 16909 27644 45122 19909 4924 39936 29665 14773 45578 13650 34869 14973 23000 19531 22055 10131 41235 8113 15063 28190 4949 27710 13482 699 36888 36977 27591 11223 7880 6250 30713 30616 26226 40623 30467 2003 5946 27553 25355 36715 22186 16827 31992 11804 24120 11420 2427 17954 49820 2133 33652 14073 28868 18140 18722 40321 26772 45253 43543 49794 19294 16323 49085 32760 680 38571 28072 31118 16897 30226 9705 39538 36530 7817 13595 19283 4936 16920 8205 2131 25284 4735 46475 17390 11970 2201 42994 42622 15496 30403 32870 30077 27598 29496 8703 14228 46207 26729 29681 3284 33813 14693 5936 10290 14839 38116 11434 10379 49945 29759 43856 3045 23452 35967 40206 5407 20283 40996 19158 17755 21869 31106 26268 49368 9366 5510 44444 3483 43479 26170 33104 44101 1971 425 27267 13465 47938 46037 17192 13594 7865 30895 48360 20531 6617 16149 18442 36231 7445 21656 16853 1891 19198 4820 15881 47241 6514 12717 33254 626 16622 16428 17943 36799 5984 47355 19949 1812 10544 39483 17894 9107 36225 44144 45620 17896 34497 34221 36820 11348 24951 45971 19470 33651 18370 29962 17766 38928 48754 35891 22444 10439 22680 9869 21157 3205 22975 27852 21064 36592 41540 44051 24879 7963 9114 45534 5125 20054 18740 38198 18772 35677 17160 3564 14061 38631 15449 43915 1230 42490 17934 24993 44524 42282 21625 8263 10269 25464 17225 18579 27588 34486 30783 35584 5283 2117 42831 21877 31622 25063 39513 26558 18114 363 33910 39241 15146 24699 5743 37356 46252 37028 25198 17638 44128 38342 13852 41316 30212 31430 5389 9084 26580 34283 12065 26827 31403 42820 47462 15836 33146 6261 22041 899 31596 37494 26124 26192 10106 2984 12027 16816 32925 33971 7125 34070 38594 138 11219 8958 25418 25024 12088 2166 14920 47908 5401 18568 25988 4068 31819 17891 17696 30514 34534 20533 21119 8642 2608 21755 35747 514 25039 13869 9188 46160 4345 28074 16806 12067 28239 47498 12270 8988 10584 40290 652 23620 31216 35447 13456 44220 25732 35982 49180 32209 20251 38449 49678 39130 25014 48156 47648 18551 23416 37833 33517 9046 19317 25068 4382 49187 28237 27347 31686 37366 47402 25894 19957 6239 17830 26379 32970 49423 27233 49784 31761 7819 49718 45564 13818 15911 21367 35132 3524 22923 10299 21336 36861 973 6602 47126 21831 46450 39880 8564 46389 49375 3327 11356 48470 29411 30045 22895 42856 12459 45682 36973 34302 47560 8808 35123 5314 47642 19580 49849 44161 35375 15021 12186 43012 36347 18576 21149 49552 33818 48480 29282 3324 46442 38861 2207 23149 49469 45228 5446 1229 25227 36246 26129 19232 42530 11833 15077 25599 43600 48761 10628 27363 36370 6282 33524 29375 17654 34682 10962 48004 4620 26244 49920 46030 26951 41911 115 17120 33721 38461 47280 21941 41276 1158 23330 40514 41184 35644 9604 40709 4585 5384 14865 987 39599 5599 40026 25000 31553 33222 35161 45231 11235 10147 43348 15837 49051 37513 18533 9904 48923 35835 42375 8128 4651 18794 9421 16192 47769 34425 7132 42592 28101 7350 7234 35655 34044 37156 28832 49050 42685 28143 37410 3049 16028 12233 13431 18224 43253 47481 33119 48055 10720 32447 1924 12567 26121 23550 26027 21814 43654 15539 21095 29811 7768 44070 2027 33 34669 12566 23777 6604 2820 25238 30811 37999 26757 9778 30371 30773 41851 35476 29958 20220 5661 26186 49176 15014 10458 38977 14723 25293 32260 33869 11895 47030 5352 32703 24806 9806 49894 12305 33882 44081 14703 8951 39131 15478 14001 10204 41413 47155 2673 43078 25689 6962 37207 33530 46948 49017 7687 7912 19941 8647 23107 37098 12285 13319 34625 12397 40463 14248 43861 20406 47737 12212 14243 3145 40265 45290 27422 22850 34692 17071 36285 46204 8376 42169 9482 15145 30471 46170 12742 25984 34565 30950 8108 30221 39212 13762 19141 2016 44174 17725 30532 46227 18926 12010 23043 41482 46631 26994 19604 30303 49633 18605 23032 22665 4855 36074 8978 11484 38664 32302 48452 13661 22673 26164 23834 44343 37527 49360 18151 22826 34942 47613 10885 6122 41727 5636 37091 25922 13722 6729 22470 16682 676 27855 9989 24566 29619 4072 11590 3529 42945 43139 19956 5573 31254 1774 5640 5879 17452 33814 12602 44972 28527 34152 33534 49344 46765 5013 27916 4039 39540 28956 23124 42754 11293 13946 15943 13144 30585 25359 47144 45012 41488 4943 5258 14522 17299 6481 33989 7984 8831 9785 28680 3664 18631 3285 28804 40491 36095 16431 22743 27537 789 29839 30377 38502 37635 758 18925 40594 34048 14278 48534 43450 36325 20641 36091 13126 41695 20082 21898 34844 18318 26233 37917 33199 2668 35184 8026 10562 23813 40267 9025 32941 31030 34506 40016 44880 16326 48037 1913 24804 25981 34818 38014 22104 15117 44874 33923 45367 40086 5768 43978 17760 42614 18526 48323 43215 35567 8875 5696 18481 39972 39405 40553 18692 18096 7065 1148 32373 43005 12737 40155 32997 18810 23527 24035 3674 22876 9321 2898 42470 17068 33926 40015 32702 20184 14500 2236 22443 31415 17617 41393 5122 31156 11446 23418 15714 16863 20372 30475 34812 27762 37224 21128 3398 6827 28070 47556 29141 24671 34072 11697 39662 48129 13205 41533 49625 31086 20654 20674 4196 18467 42854 20554 26695 42432 48428 22332 24597 39166 15266 42766 33471 21847 46568 36387 3518 31350 35112 7118 196 39871 34861 17645 24347 3788 23562 5512 47036 9453 33616 19427 29650 36215 18214 33952 43667 4244 37068 14023 44399 26311 21010 19592 2378 14618 28226 45795 28651 13033 32086 4818 36417 13959 13954 12196 15260 16772 12053 39869 38175 46079 33445 42418 48068 45614 30536 24459 6418 42961 46730 6198 6882 16544 7063 33167 14339 23159 25004 32603 23054 14105 6354 26946 10312 37519 4767 8679 45495 29908 42249 26786 45667 47925 11065 35577 19669 1844 48128 42471 42041 1898 41403 8761 23991 4520 4596 22970 16345 47283 27830 33637 20356 36090 41182 43625 35487 31586 5906 14887 19725 3779 9727 25609 47936 25081 41036 45920 40461 9743 13303 27010 42206 30908 22050 38787 39125 105 38979 17036 11084 8328 31376 29024 29554 4495 20421 4260 17502 8464 3959 3938 6346 49356 7989 46622 9350 12498 27355 4779 31144 8893 36361 6123 29639 16108 27552 30641 37107 33458 37441 33663 3904 13738 43822 4324 6758 695 4532 10364 2036 31026 40064 9594 47836 33638 2519 49268 19613 49174 630 16997 41335 18210 7473 14436 47029 32078 3503 19382 22005 31745 27658 21974 34476 41176 31774 997 28337 4638 32918 3144 32874 47664 32463 3339 10045 28034 28187 34250 30194 38833 7806 28267 38589 39751 15649 39563 18125 40664 42472 40947 8267 32981 8725 25493 29581 18496 22769 35782 42155 9043 13898 18180 2221 32274 20837 8589 25878 48734 30299 14312 28796 5498 14892 3294 40135 12447 16289 38969 16489 49431 3633 24510 49816 5354 11062 32915 8684 36942 614 18773 2577 49285 29566 9957 40156 32060 9596 44090 33477 23722 28414 39608 5338 2674 42285 2891 24276 28807 7996 24649 21041 14939 5018 9051 22565 30333 37484 28431 35387 24222 20656 7437 9795 42467 28043 18743 8602 38377 4236 14893 36605 23072 1125 28930 23581 23339 44918 48322 1999 44940 22281 8454 44876 48767 13610 44095 47973 38942 41901 26662 43630 49664 28849 27840 35600 23236 46468 30621 41257 19059 37836 9589 13075 43797 14779 36845 8496 16228 27089 46000 14984 16215 17381 38576 40353 28417 10810 5195 14734 38058 7748 24405 31734 1031 20633 48399 547 17269 36727 47146 26028 42836 20085 6151 46064 37946 24279 30010 31225 40989 37558 28604 32602 36969 42435 43555 17323 4259 35755 7729 33844 25743 13846 29902 46133 8142 38636 28416 49434 12725 24743 26190 8088 37218 11303 28382 38376 39945 18980 27973 30553 29125 2587 26167 23941 26313 28823 44124 22366 14297 45563 42062 48206 42679 19101 36677 36642 47364 5152 49596 45997 39947 7444 41795 44044 40008 46393 33475 25640 43585 16163 14086 34220 34303 17621 36975 23544 19918 33528 4806 31115 42265 45737 22225 35106 29264 34386 28151 36950 36614 41418 17526 28979 28109 259 29022 14401 29112 1649 37729 46479 36788 17998 31434 14547 45261 26086 3741 42434 17067 47819 30260 20536 19503 10398 46247 27005 13223 35036 44930 7663 7937 293 29037 48703 21897 40846 38471 13359 30412 12987 15987 37748 22176 25794 21768 47322 25869 30774 11938 4498 28728 8064 38586 21238 33033 34080 42727 29729 68 44288 11060 43038 17151 22129 33794 46415 13867 9267 30395 12312 34029 17637 9988 7720 23356 11774 5000 30026 34701 42931 18503 18752 11663 17235 23827 45379 1896 761 26448 12267 22145 47781 47070 49162 43102 21781 20772 30721 48212 29767 29184 47363 44600 46106 36003 37679 11776 22773 48986 48973 13335 17855 46917 14363 6498 37696 30261 42970 11487 33715 29238 31676 44749 10973 48889 17955 49690 24995 14157 5396 37407 32041 41123 20456 23148 38799 7127 14572 26728 1623 39736 6187 45907 41569 39504 37379 33674 30507 37483 8075 14035 7939 9816 15494 5454 26883 28173 35530 21428 49142 38950 7455 12974 19166 38847 18355 10432 34509 6169 23131 34947 35884 42927 11253 2061 16049 35448 22018 43083 34668 44970 824 49535 7149 39853 45918 32320 8266 2961 29633 3616 39760 34339 15377 7706 20793 17789 44780 21678 11148 46977 22617 14125 10876 35671 819 2493 37250 38134 16480 8706 5335 47326 9760 18007 44020 37733 45663 26044 15611 15372 45701 29881 34088 8359 45697 5284 33950 41211 22705 15382 40808 31406 16483 13344 8001 14351 39866 27128 7567 44454 37647 42911 2582 33546 12203 45698 38704 2249 19201 8583 6219 4919 12540 8442 5504 29696 8682 1900 40778 1908 23894 39462 40440 33654 14664 11489 32852 40128 31882 49426 29355 34827 36057 43099 47599 4621 12916 44664 7028 16217 5041 21288 36189 6959 30704 48648 10257 35455 38972 71 23943 8856 28928 15687 2017 31108 12302 17707 15874 11985 5904 12127 33541 6842 26332 43072 15200 2352 30457 18331 40556 41837 39230 43265 26535 39459 47928 15251 37438 46009 46455 39094 16256 28227 49764 26950 4500 1469 11399 7609 20008 14725 21261 33600 14678 1591 42220 14573 27858 20398 7802 7480 12399 18290 30449 37336 48696 33568 19333 10944 39569 27761 33698 43568 6304 6708 18273 14998 15026 27872 3461 26582 2467 41194 5564 49131 32637 47328 340 47526 28936 10159 16851 371 37161 48171 24925 40927 43561 16314 33105 3051 19289 25943 24235 28871 1493 11178 2265 37261 47582 33508 41848 23478 4366 43343 1498 12260 41587 15546 47915 45262 21189 11000 9554 11119 10471 36357 7758 13928 28161 24586 25822 19868 5049 29254 35910 12116 16529 35643 41040 42677 23122 23601 30486 46438 20028 14280 47605 14788 26692 22471 14493 48610 9475 17897 39133 39636 30456 27079 45921 18436 38206 24021 26458 13832 49878 15445 12628 32401 41216 19657 7991 11054 29124 3046 12744 23797 44356 26636 34065 4999 27787 4028 13159 13698 13658 3611 28007 45003 13858 17370 22184 116 47082 2860 32963 2875 18455 14030 13838 4968 30505 27158 30844 21893 6293 40630 42738 4453 36229 37964 41001 1570 2679 12816 23316 15779 36580 17592 43118 43080 20979 49127 32350 7067 49828 19245 18430 2496 4944 6360 21632 3151 3186 107 5919 45448 21569 24361 33673 2962 260 49023 19418 5777 25477 45473 19923 31572 15785 34941 30237 24331 32250 9426 9721 38895 44892 6872 37257 2151 33875 29814 32754 600 21563 42398 11824 29558 22866 21849 20739 34181 49913 13525 48637 34078 3853 31809 9913 14014 37695 26394 39876 20649 9654 8785 47227 42528 47495 39554 26494 4573 46674 14689 15707 1966 2109 48454 27800 17860 35569 20692 1589 46588 19635 12631 43916 42656 15965 28785 48785 34765 21101 40546 25897 44470 11946 47591 18839 29401 3557 36758 47645 32057 19704 13266 10492 2471 14566 22932 11903 10078 13438 36631 37314 18182 29495 10866 18811 41423 2137 44887 38647 6206 17908 40134 11892 27293 49619 28204 32137 41623 23475 32246 13040 13183 31189 7170 25217 12681 47758 23386 45252 48513 4191 27933 9060 30945 30864 32380 37124 20311 8324 49514 19803 2818 5237 22661 7491 14269 7074 31562 14918 31391 37668 43627 49770 28734 41966 20329 30605 13152 6681 13247 29815 47589 24434 17513 7486 9422 13605 38048 41702 28464 30030 44064 9775 32992 5203 36415 34199 16107 1431 5928 36657 15475 42673 28242 24665 39742 1250 44785 32093 37971 43200 18505 26986 34892 36999 41572 35355 7112 30674 2694 28369 14187 6501 46488 36610 24689 43418 6587 37112 46501 37718 38123 23661 6790 32012 42198 11281 15279 44538 40968 24329 24301 26359 7881 42985 23344 47414 14970 14803 40511 41527 4907 11001 12572 36359 34234 46935 26629 21493 32818 46773 49482 35514 32621 20341 10105 26360 26954 46510 15287 7580 42670 15772 26944 46926 7055 49801 32101 48726 45526 2469 25182 23555 9781 1175 33689 18970 20344 16376 20868 31776 36237 23206 4750 31261 40479 216 28622 23156 25433 23069 11853 4420 27061 37907 19514 48956 46155 5595 32531 42722 28777 2485 16770 43161 8562 33301 44934 43840 35598 44250 3783 35349 4845 8076 16659 49629 2356 5554 21210 44414 12611 19057 37859 25766 29785 48404 3365 4111 47354 9631 29023 17786 37787 32591 7914 22136 10995 49520 3402 23226 7398 28982 24771 20895 43598 12583 32923 46165 3999 29267 44254 43501 21028 38281 49207 3172 16840 9349 32444 37829 7803 9866 28957 39221 14858 33072 19889 4097 30537 30246 13925 35979 25151 13100 21525 30243 36378 2576 14361 34665 44181 46261 26627 20571 34512 37452 6947 28084 20647 34736 13114 25404 46001 1887 29035 28245 36188 41670 33909 15252 2203 20696 34774 40662 5702 163 9755 27607 41826 24582 17775 44007 24883 49277 43394 11840 30563 44624 33099 12598 10591 38939 38912 29087 33129 15700 7760 26102 7608 44285 11772 47264 22794 45180 28703 7922 7852 12176 21471 10836 49623 39934 7583 4209 22691 5062 7215 49509 9432 25016 1987 44742 38099 24641 44186 33850 16500 21125 12820 2388 40163 31052 26213 13848 27458 12266 43264 36776 23603 6857 31468 37130 8654 38776 36435 21984 2811 30763 23887 1994 430 39694 39731 45878 14096 44679 3594 11809 8961 42876 9855 41378 15967 42211 16197 41802 19248 23 46990 15894 40525 13729 41051 11789 18892 8082 27571 47188 19253 12930 21721 15845 32938 14487 37762 35920 24050 45717 40908 30867 18611 44639 37717 24547 43336 12870 36939 41220 48760 45769 12729 13712 47166 34785 5656 32097 10119 20355 3898 47926 4775 10129 33903 21926 41791 4900 13547 47699 45675 41483 31373 33093 4777 12952 25462 33970 12841 4300 27741 1416 45546 33032 24870 42905 19297 32904 40523 28136 16735 3376 40719 42295 38411 9021 45245 37497 10304 8095 43859 31508 22218 21094 40480 10570 43120 34571 43800 36432 7362 9817 24887 38144 29912 7727 3646 13428 6389 2529 25066 29660 1736 39219 1633 13874 6283 18643 9514 22277 48298 14722 9372 28054 9266 48598 25831 18616 26062 34786 21394 19729 7869 20324 14611 3131 43209 3156 33695 12634 24153 17059 15472 8544 8402 13339 21511 25569 20093 40830 38456 14617 35248 21024 11340 8652 44964 32304 17356 1852 2806 24739 20328 21469 30637 47484 2580 10278 33549 25368 33606 49347 41030 43003 2179 47767 12765 5422 34468 13526 15323 36069 14047 9061 37770 13887 35128 25233 29180 32942 19415 30144 21801 24648 38605 13306 11834 40181 29618 29536 8747 35560 49448 45078 13416 18954 16400 46662 21841 25044 17443 32022 8101 40714 34132 40022 8688 31448 9506 4332 16232 28360 15931 48175 17419 43992 45328 36138 2774 1069 6495 19945 27949 17718 35664 18476 40215 164 30164 2383 41820 14705 15250 36590 46292 8364 29589 44698 3952 34085 34950 36596 34689 32823 15958 17768 6274 13289 47259 33747 49191 3273 26385 48799 10929 48750 2565 17401 15270 36523 23168 11668 32683 34309 12061 39496 33008 38303 40469 4755 41853 23387 13227 40902 4603 33701 48590 14850 28148 33644 11260 24787 4729 30056 37707 49841 10945 3684 29153 49002 14197 34207 577 41233 31141 43785 40667 5766 20909 40150 18849 33479 20472 35974 47382 33962 5869 44516 37247 22536 24581 25103 19315 3696 16712 33013 49475 9326 26725 11702 30349 23028 2928 36035 6462 6929 40734 18279 7302 18577 21890 39232 48549 47068 21171 17598 8651 15386 32968 34868 45993 19214 15530 13134 19274 4386 47059 17635 47152 25157 22330 20560 37358 19998 12104 2191 48133 13376 24339 49234 43892 22512 21866 35578 9568 6645 5006 40848 8504 7718 36700 6253 12037 31220 19433 15274 36279 16090 49402 41952 21532 12913 27130 49865 48604 35905 38948 36012 35186 4947 33580 5705 42088 22451 10854 8016 20821 29955 17888 9611 6463 18745 12454 23310 49297 2240 28433 10822 39519 7108 13092 5609 24584 24175 38629 8374 44191 17834 24631 6664 44942 41223 47672 38490 46996 39071 30860 44259 39941 5234 9243 33264 49401 30822 33693 49710 25748 9752 47377 8098 627 2788 28069 44147 1551 23044 39530 14315 22844 3669 30600 330 49571 16363 38703 12550 43350 8628 41341 16822 15567 16881 26919 46163 2395 7037 2261 16692 32396 17712 23554 27995 43247 5068 26104 3841 24184 26601 49839 36784 21422 22352 16667 21537 4225 18267 41329 19695 4891 27400 5539 35777 2420 31625 16556 21467 2188 39058 35932 21013 42408 45304 29159 9250 10125 20446 44065 14067 42329 11698 47197 8091 5085 14864 25308 5091 45847 34429 35066 36402 3854 14662 16154 28378 16567 29433 48093 45428 9883 5453 29983 42915 15519 42785 43167 16552 2050 30166 25525 1426 9072 25245 38197 18443 18002 17671 41181 38758 5914 4580 10188 8790 46994 21470 36320 28848 46872 46156 35086 28049 30136 12488 22758 42037 11964 48106 36064 34791 27486 38804 15970 5932 25046 23855 30980 14706 1820 40263 29944 48875 20741 14657 21452 43963 13421 14146 12310 33622 6343 26996 14189 58 49465 44656 23783 10430 12933 48474 6643 36452 31433 21882 10819 31683 27262 22502 42134 23425 30468 11061 22476 10179 10703 6112 25007 12556 21596 27838 4539 19002 11891 25974 37759 1157 37464 40056 36413 26709 46169 18304 30049 28263 18915 48148 41280 9357 37512 17002 8005 12309 22074 20565 16498 43955 25126 13879 26414 30238 36648 43990 49620 45354 3582 44034 35505 24166 17887 3534 1242 18699 26739 20395 22823 24898 24043 35310 36571 41226 23630 19138 15330 10888 156 11010 1680 43814 48095 47929 44381 15685 14649 15608 6291 24750 19718 40898 42512 27294 48019 25916 21108 49731 19286 13089 42643 26229 8536 760 48198 23423 37955 4736 29050 28969 29961 47018 30906 1055 14743 25753 10237 12294 49901 8111 43524 6609 32608 45727 44989 31624 34788 48846 20424 42407 34987 41964 377 37423 18952 31176 31128 38975 10565 13950 38064 2924 22204 48812 19331 43235 49588 15991 28400 30961 11941 11047 4994 7195 29636 30921 17463 46193 33707 17639 28778 21413 21357 5844 21195 232 49083 15902 14663 13808 29054 46286 3278 32231 38374 1594 33019 42272 19058 4601 28494 6079 45531 27212 21902 46506 46749 20122 47626 37165 49882 38693 36015 15808 15789 11823 25312 23408 7763 40033 41915 28775 20280 1073 24719 17818 44126 49948 5836 13265 6059 33368 15735 25409 35436 48362 9928 14880 41717 17599 22580 48472 22004 26625 40496 42159 34607 3555 29342 16919 15012 36548 22410 2559 31741 44589 9034 15355 13979 12332 4560 20637 4545 32438 48210 9462 45330 29220 34173 12792 21766 45635 7924 12545 23741 11852 15448 20135 14058 3890 7236 49604 25664 42182 40485 16645 45561 29452 9477 29973 21457 44503 14583 40298 45163 1129 46220 6445 23016 37491 18709 28682 46057 29390 42843 3620 39904 42135 45972 16817 14794 11791 23039 288 30843 30727 34330 30112 48910 35949 43352 39762 19965 1631 40660 23822 45826 38022 46681 36186 123 22704 14469 48193 39996 40770 49624 2077 23984 15198 40389 48596 4342 2537 31567 40318 35596 40790 9158 30375 49167 31512 4763 48730 40643 13748 45631 48377 41121 47661 27482 40073 42925 34254 30022 34016 15512 10837 35126 8240 13847 2279 49506 7031 33305 45345 5846 48909 16789 17112 44421 13759 17123 16662 9314 34116 19510 45942 4747 46786 12995 45502 35710 19951 38045 13505 8539 47213 8274 7585 21946 3826 5657 38166 29791 24243 40763 36795 7013 4697 40368 28348 16952 3700 24003 7734 6597 4835 43021 6727 24223 25023 46800 26818 30799 49213 13121 6997 5154 38297 19884 1798 2953 18552 8741 5676 45946 4390 40952 1755 34522 13150 45094 2666 33482 15112 22356 21036 41148 12466 32747 2568 14192 24283 17593 12462 7576 44668 49745 4913 19664 1317 10026 12967 37290 44005 3992 48283 6002 21945 39270 29610 6485 2354 47628 35711 18659 31296 16393 22196 4455 6467 13725 22615 47332 26568 35236 41792 44546 160 26364 26755 41065 5990 2021 49466 19856 17770 7095 39744 39084 29862 15404 21203 30992 46159 28831 30647 27811 9105 25530 41903 45935 24255 23307 40059 47975 17958 20722 47346 41982 28078 37062 19597 19356 40600 37453 8923 6885 29090 5393 10915 41425 14732 16242 805 29285 30818 28780 21947 18893 17214 34794 17929 33435 31709 15994 40744 19046 39740 6534 17205 2345 11814 3859 48421 46731 9312 27981 27477 46166 11371 40489 10820 45170 47176 14710 17242 26876 7164 10595 39387 6839 11168 30655 7092 27391 31145 3637 9104 41321 6247 26488 7495 42118 20036 8231 17605 46385 5964 18928 7647 14999 14805 11945 34674 5891 27302 27625 7477 5173 23776 48396 21219 13006 4533 27012 28924 27100 39322 24770 39404 40658 461 843 23105 8881 3410 3793 8063 36388 17099 28854 28945 6234 5228 42367 33930 39889 26543 4222 49405 13916 2890 36724 3263 3723 21201 22469 1102 19709 12901 27441 24979 20552 2307 28467 34161 17328 2232 3120 15151 37015 34603 47987 49389 37799 10231 21454 11369 27196 26084 44592 49321 28594 24077 733 36346 16701 36242 48944 31153 44926 28404 29831 2933 12231 6789 38694 10859 35862 2897 17257 41084 21629 2993 9042 23759 28856 11110 9987 45223 22421 2163 18038 23259 38569 40685 22700 20011 11555 21003 15550 36393 35973 45184 37018 47858 26913 23516 38551 43959 43582 32439 45953 15596 809 26887 44028 37534 34231 5166 2558 6702 14270 24821 37711 37698 10626 28531 31287 14283 44832 32385 16886 4903 16131 5682 11506 49194 23698 43116 6948 43801 14546 24001 31117 35024 15228 32658 11378 14501 1216 6539 41473 17881 10289 10462 23350 31443 4278 13942 28456 31972 24621 39218 48081 24797 929 35285 2842 30163 17489 29662 5079 37085 36705 5969 24004 27985 3584 933 35691 32351 36254 18586 23907 24040 35125 12874 7649 31320 14305 910 47756 14386 42201 14866 48381 39378 12494 12735 34411 22736 26858 27566 21777 38663 14911 37279 1030 16723 17892 37296 39019 37855 23064 28663 41379 15010 4530 17538 28705 34089 25213 23302 19477 17899 29832 43153 19848 8285 14790 12008 26280 42868 10069 11234 34419 47302 15433 20994 42788 37074 16950 38293 2074 16095 1456 766 27749 2393 46663 19874 9038 13291 43113 7383 49879 47845 7212 45442 8663 3672 47528 32863 30252 42401 36442 29700 48881 44602 32810 41665 322 34204 27654 39288 13157 42977 11307 22867 26133 20294 37622 14478 20480 6135 15175 6905 39257 35885 23873 29882 7638 18782 38244 49407 13272 27104 41370 42627 33217 47205 22216 45540 42149 2219 5591 20866 3009 14929 41621 16141 23942 45817 15238 7159 36181 15514 1767 24920 29165 30728 26971 1988 11362 34134 39937 41130 25522 15292 8889 7253 41834 8336 405 4996 31839 18997 14787 22200 38563 48141 45858 42796 7607 8760 42143 19098 28477 24910 5434 16623 23551 8502 48070 14410 47862 25356 22894 25836 31161 616 13102 42792 34759 17320 15061 45494 6028 22812 46830 13275 46816 18252 21017 1691 19948 9782 29722 1878 13342 35196 33343 19758 31716 48588 4270 18626 32641 39113 24855 8934 13943 30154 7836 48132 20167 2245 42487 42101 16355 20582 13308 9017 36598 22662 501 28977 11036 3267 10781 858 34328 48345 37893 22045 6733 44160 25003 19773 592 45065 38040 4212 46134 8429 1332 20756 8825 12194 45613 28066 49689 4175 33065 36967 2024 18380 19508 10076 2786 39794 37177 35497 2031 16902 22588 7897 18362 30513 13529 25304 18419 29800 45225 15940 42288 750 39072 24791 35678 15365 47509 21910 41672 37330 48642 31753 14631 8606 37048 25332 29437 38183 18073 42086 32741 128 37972 28850 1302 47500 47547 24576 8885 35541 26737 7615 28610 6736 16814 41992 32071 22672 33781 2196 41444 10833 34562 29258 6828 49211 14100 16628 901 23841 38221 32156 6405 24493 22363 22722 31154 3213 35502 27033 17343 46695 21884 19337 8974 30955 8911 44928 1956 49958 787 47516 12758 5207 15304 46547 28062 45679 2011 34600 19570 36029 20499 30101 7358 29564 22357 14691 16873 12121 8883 32166 23973 7496 8319 48894 143 20747 26657 4369 44184 30662 19891 34076 15486 49115 22714 33867 47722 10658 9345 23154 26868 36094 17614 35025 49949 1013 8079 21498 2909 17135 39644 6720 48287 37631 1088 34823 37559 37059 36024 26256 42797 48456 44996 7506 27773 5553 40211 25584 37349 29489 44233 411 42457 42373 11330 22575 38643 11033 28138 37422 9673 2284 44495 15468 28971 10135 24147 35783 21539 14741 13392 1754 1442 42328 34431 33837 29263 2466 15796 37568 7513 19512 29456 45229 37184 9664 30270 34609 10930 16960 18322 29182 49462 42724 29119 41983 24985 47343 14260 1257 37304 30595 38933 6739 44175 30876 33647 47910 7623 14518 32699 36487 33089 44809 49235 7891 36514 36141 1364 265 20663 11845 33248 24250 16445 32523 40715 22767 9306 14972 19060 47753 40988 36547 27366 9113 37026 11177 1888 33878 21088 1458 1782 44511 47468 12101 15577 35279 30466 19321 20509 2634 1694 4024 27831 21540 13494 31942 32867 32844 46301 26045 41489 17144 49936 12113 41500 1024 23152 2251 23609 25387 18126 37388 45548 8624 28223 26066 37889 16494 25702 21575 18949 27754 8946 26449 31836 8428 41359 35225 22329 3680 2959 36293 23474 31431 18789 36112 18520 18407 2053 38962 38814 25117 9085 34341 14382 7232 24266 28710 7252 10500 37274 46844 22721 22779 45861 16807 16455 19509 17979 453 45628 11056 21630 20025 41793 6636 22003 15636 41890 23999 45990 21248 39893 28985 44585 21263 37776 27521 9920 25392 15466 37620 29454 8585 15956 29198 15122 25415 19830 21242 27394 18130 13938 16584 26258 29866 28044 30645 3936 36767 40661 26282 19268 9049 14134 49427 19408 6487 13774 35226 48268 33861 26446 21610 12214 13988 35410 10211 9102 41287 33975 7117 40374 40147 29042 42603 35583 5158 4339 12221 19212 49705 1534 17473 8204 38460 23357 26902 14210 42683 11884 5600 47073 35716 19063 9671 13268 22454 23517 34604 15693 34728 16206 20339 28965 17726 11331 48012 43194 22830 41022 849 14302 48578 22959 25239 5365 20592 41645 27747 17355 17919 14065 29710 32340 25457 41111 47224 25307 4776 18427 48335 36066 47838 21600 37076 24011 2771 28535 43716 40222 25143 10561 963 6221 9979 40639 39839 41132 43465 46711 11780 14553 46187 32055 42339 40420 46443 49206 32670 25020 7280 106 38715 28435 48739 5722 39048 15957 34524 16900 6831 14764 28858 27824 5693 30582 38999 29210 48130 22376 36328 35298 45431 21907 8362 7578 1249 34801 3287 26804 15345 18670 46453 34777 29123 25192 25045 17141 17709 45167 15632 3206 23529 38390 12855 16158 11521 38269 38552 1894 7329 18391 41556 7206 4541 44350 7978 29754 6310 46857 1959 11186 42606 9575 38180 7254 28432 27153 32912 35480 38946 19636 137 402 44673 7737 26575 1544 42585 19515 4340 16305 22052 45813 39300 12160 3813 5507 247 27058 16371 746 1927 2921 13910 37738 16839 17550 5691 25336 42827 34177 13565 11595 21936 47483 32276 7627 20922 33486 45550 8584 6572 43853 14540 17268 11498 25991 46246 32357 40723 43573 8982 21613 1137 46834 42179 22078 21321 27286 24959 36809 47352 42549 42621 25162 31039 8630 20825 1133 23228 27 11571 41019 7551 6538 6410 27942 24765 28920 9960 14938 28037 31630 45014 35682 44979 3746 40844 26619 34186 34242 21177 44774 49149 37866 43643 41800 46067 27052 48313 25975 14815 12579 9719 14532 4250 18688 43438 32384 28683 27837 13563 24792 47094 11437 31681 44418 13426 10806 29271 29085 20987 33058 41946 26613 27210 4491 24756 34541 27529 12071 35107 8582 30700 40098 18491 5633 41450 7482 13439 27562 15116 25862 78 48247 28178 45100 22343 17591 3502 32540 21527 36414 44485 44008 47262 6183 36360 26036 40624 3909 41086 14526 37844 24994 40283 9681 1402 20403 35307 43498 46188 17574 32500 34202 8116 63 1227 20926 25266 34631 23463 27782 39488 39117 34551 13909 22839 8435 34504 34719 3920 40625 18629 48440 27955 36106 6285 624 9618 7753 47405 35715 1932 4235 39369 31513 43257 2656 45924 10744 18359 790 2444 23699 1641 29634 27178 27790 17625 2150 7885 35988 25375 37660 14266 8320 8470 14936 41263 17861 36859 18340 44990 39894 25736 32068 20223 49343 32521 40228 11929 46355 9206 38557 13813 40561 7284 17384 17247 14733 22805 14286 22737 40360 40530 36756 42791 10203 13329 34920 23838 37812 31132 30870 3978 26024 49015 15268 5262 40731 22790 1422 28333 16169 10196 37951 24226 30173 10006 42035 21069 40349 37618 47619 29537 2276 24216 25707 15823 42140 41458 29256 40777 520 4555 48085 49124 23323 2630 4248 44053 2457 26972 4102 28085 44394 47440 33965 30681 41855 9715 28015 10700 24846 41454 10169 27447 11039 38381 29542 15096 39798 46880 17658 17397 15717 9738 42575 27020 16546 5649 26773 49919 38927 6265 13932 11202 20735 29239 36200 9227 14549 38284 47434 2081 48244 14602 19541 9144 5226 41965 40075 37719 25371 4570 47041 41614 29716 46111 24902 32505 11332 8483 32227 28291 48310 13353 21237 14987 17750 16364 17114 47895 33053 22888 4388 26296 25013 1743 26589 38767 8341 9218 684 20323 38615 18289 37665 16336 10445 10256 35935 28470 23363 11794 1420 5808 29749 7466 40882 31212 17711 39105 42186 18793 23053 28394 45327 13454 10517 10771 31810 30538 48291 38423 40038 48890 38004 37908 31843 29516 15288 4549 22806 33081 1261 26039 4058 16069 7356 28574 27952 6879 9733 36396 26522 15353 22057 47019 40141 42340 49688 39564 39057 35728 12366 17582 8560 8919 21482 2697 10207 18762 8242 42443 289 31926 11689 32423 38891 11343 19596 28624 26437 7716 45713 8546 3523 46110 26305 24509 41115 32595 20893 546 21165 15447 11012 20635 37756 37384 31119 7026 32730 3457 25771 43893 20993 27369 41900 28958 12982 27724 38329 36602 7459 9766 34614 38432 28328 26658 46771 29208 22187 11551 46671 34763 23504 33821 29055 34395 21167 15203 8855 28392 33223 23612 47969 31599 6623 28794 49583 42205 37146 22063 20474 21386 39823 5035 25835 12657 9660 8292 10143 21728 41281 9961 4426 18572 42870 47047 37973 4220 4492 10919 38706 32169 27462 38505 35588 39779 35650 28439 8524 24072 32957 46941 49286 18667 39056 8178 20047 37141 42764 4190 8017 43603 38874 3721 16569 3914 376 12541 36900 32894 41439 19749 15602 35418 42099 2489 2560 30883 1372 4751 49113 19329 1824 10461 13419 37763 21845 17064 44620 11541 33768 9359 34968 42668 6286 48820 33253 40092 29792 26247 26222 3372 35524 14139 30608 924 15109 29379 17345 17341 11026 6490 32316 47919 48352 667 23070 17215 47081 46680 42763 28380 13591 34679 23047 18403 38410 33918 36720 36526 31628 24350 26403 27859 38774 39900 40741 18534 2851 49306 12656 9297 4249 46008 10534 48771 42213 28361 1960 22098 31674 39995 6847 8960 32983 19140 18237 30285 21333 49682 1738 8636 29156 13972 1856 10096 15528 21254 48565 24646 25503 28275 25906 27877 6653 8657 2098 47419 7490 7710 33633 43542 5924 17530 49028 33188 38770 4079 46643 3433 22817 26273 41161 8743 30801 36392 780 21281 24207 49694 33804 7420 39374 8891 13522 30691 19980 29045 31986 29380 20700 30259 16055 14609 48101 21597 16320 15162 4757 39381 16838 43734 8031 36045 44814 21740 35030 1323 6378 2635 41105 27545 23003 33764 35519 7412 2459 23272 19641 37079 30820 6096 32966 8563 9036 994 32946 44462 221 2433 28462 20624 30186 38952 26288 25928 11294 25886 39103 20281 33573 44871 13399 38132 13532 8492 49782 2958 34120 31963 47633 18646 19647 25832 23610 21445 3012 41258 3022 31366 10631 25064 23993 27681 19549 48800 27487 23888 30575 44436 19125 46953 49637 17217 7348 49033 9162 41921 4116 17915 5361 38219 27970 33171 24563 22900 43862 3259 9389 48957 29500 45224 41977 13888 38610 37821 15783 44365 13884 7808 39967 19219 26072 45926 20363 16124 27752 6986 41426 2007 47007 36111 9134 32632 1590 49029 4946 3375 37815 33313 26260 19287 5414 2250 27146 13578 30656 30162 41919 35391 42147 26788 12264 40028 21399 44445 44021 27229 45135 41410 8917 29033 15683 20033 48241 46644 38434 32647 24629 5089 19194 5506 31817 45390 16860 24953 43481 38000 45568 8403 7160 29337 25358 31752 2461 36683 32308 41126 49974 1860 42111 44795 18569 34397 46979 37 11745 45226 10683 26006 15508 25242 5205 1478 28545 30042 703 11467 39227 19373 13615 17940 31694 28376 3364 45397 43949 17788 33347 32882 1619 42308 21836 16466 1335 29494 18203 32880 23160 33973 31532 32627 6230 8913 16956 45936 22465 27037 21151 35357 20733 3054 24398 23705 34595 45823 30708 29230 10361 31210 2906 46579 18005 30787 33631 42482 7952 32237 12783 4522 15798 28368 27468 569 7193 42112 13151 13951 20804 64 14780 41796 44697 33656 46259 16419 49830 33319 37640 12271 16646 47770 49743 21667 12617 47789 27069 39472 44728 28813 19674 26443 7339 33224 43998 31113 35883 4976 48769 17495 42816 13511 36781 20148 42646 24712 27886 10865 47725 6480 29847 19551 42944 24187 2199 46244 49788 1756 8895 42920 43824 35047 18137 14324 22573 49897 45099 7715 36380 36306 1745 33513 48682 27991 1537 24197 43262 35043 19555 49279 29207 587 29268 25107 44378 21957 16024 21147 9892 48419 32739 13559 36084 10520 20348 31327 13028 35120 3299 18510 10441 40699 39746 36083 20118 6137 12518 17946 41941 27426 19706 25281 35992 31865 19105 25517 33726 41170 32583 28902 29999 7033 7867 28870 20164 23863 4853 31838 21449 22596 34010 17839 36101 1775 17164 43701 19694 17931 27506 27766 16794 20523 47443 11398 28973 8931 42228 4311 23403 1552 22787 36717 2945 11106 27375 46533 43620 48938 11847 2607 233 7739 40104 15393 3166 16994 33196 19234 49357 14397 35078 35515 48533 18477 33988 39323 26387 46179 10825 27827 43782 1246 432 35187 38498 14432 6121 35504 45072 21393 44839 29311 5589 43402 8209 6441 36653 27108 38264 46433 35954 26021 13146 15516 9247 27073 28253 6747 4368 25400 49662 27194 47177 7534 49102 48021 26597 4973 21416 37927 7621 29269 7139 15319 45738 10178 31744 10554 44854 5566 30406 3200 23513 2950 13203 45960 33863 19224 40864 46467 34015 43640 32577 24460 12098 26058 47169 23525 10004 46999 37957 35388 18124 3158 11193 12788 3107 43702 4556 12796 26572 22394 23100 1348 38947 39427 33078 39205 31982 30381 6951 32731 27739 23814 10974 49148 44206 8485 24330 4680 35260 1093 46780 25168 32653 40807 35104 43730 21767 26730 37909 49065 33967 24172 39552 9181 27538 11802 24757 48455 9585 12425 17509 39697 2075 41969 14798 29057 6848 41605 4166 46192 6436 12372 31250 39350 17722 661 17125 2305 22217 33365 15303 49994 32539 7431 40678 1569 43548 9620 37872 27610 28336 27219 32796 48633 26832 20362 18339 26805 12201 11315 30648 2121 44407 31324 26841 41573 40200 2346 49960 15646 830 365 26261 19419 32029 47185 23192 19449 22025 19790 87 14541 11404 45437 39491 4150 18089 13890 1725 387 7561 17211 40119 38520 5883 22165 34069 20973 39132 5037 15629 11602 30938 26174 34009 27494 47817 20468 6478 119 12873 20681 30146 30445 43125 39722 666 43342 38167 48265 1605 20650 17440 16602 10650 32289 18891 1662 12044 18845 38162 49709 11455 37272 5211 40608 42358 25817 12407 16198 1325 44016 14707 2002 7674 17787 1536 6971 38524 783 19073 25663 648 3135 45771 28742 32153 14447 5118 21136 24639 26419 27918 28904 13235 18634 469 33672 31093 34921 12363 14426 45066 10199 23648 15428 17900 22381 47115 39868 48679 34681 43400 37599 5304 42808 34640 39787 3440 21637 43574 14608 44108 21185 31044 623 1203 20316 40362 31901 12595 30453 6775 3241 3836 36058 49804 21131 8784 17986 14747 12739 9977 11336 34731 46824 3002 4654 2633 11911 14377 9687 37919 36001 40897 29092 40841 270 34286 45995 23730 32426 38035 8228 26520 31177 17735 18313 2112 9167 46345 12811 38618 49847 17662 39750 6908 21993 40885 43096 24913 48434 12697 5586 44821 42890 38213 7645 28397 10521 6492 7629 32048 35268 25001 838 10162 3470 1376 8477 32310 49063 16438 40711 3597 43435 37311 30962 736 6984 43468 30999 43911 31089 5789 12390 44853 38945 40779 34455 26735 8262 9587 40999 33963 48301 25851 13328 37343 42640 12935 14511 24480 3701 42160 37678 2999 3850 22730 14321 39675 28091 8818 29200 3192 43666 44858 10522 12137 19092 12343 19816 24905 5679 21612 26576 35294 12857 13706 34762 44199 20394 42957 41284 27624 39355 10934 30568 25244 22302 7038 18816 41326 47374 49006 30185 6520 46986 17903 27082 7150 7230 43753 13924 28738 12376 29172 43499 28243 10745 8315 10545 34720 39912 9860 1057 24552 47798 15004 41457 30670 45154 43386 41504 24109 44315 6159 25317 10425 48810 4844 19601 31763 38793 35743 29717 17508 19406 8440 47680 43308 32920 28763 16296 36053 33785 17433 44723 14900 38447 34062 19021 36247 39315 42728 17407 40467 47901 26554 24141 11562 15055 42255 3828 47479 4660 47119 28073 38688 6459 26720 23747 8749 9850 28313 45453 775 29381 150 10415 22213 46374 27019 24240 35771 22542 46333 24966 41713 14851 7703 21450 48934 29918 32448 47386 1120 2494 41777 3448 31389 6309 25638 27820 41135 11523 33044 28340 38806 28021 20004 31938 43586 49802 18677 12819 47022 48950 5907 40544 34805 38209 9749 42842 2270 12535 8894 24990 37301 35416 29290 6749 19437 35632 41351 29102 46086 23682 8658 12216 21052 12947 44040 8493 35405 29545 24417 47309 20429 48269 28866 41297 16847 16034 32535 41673 47482 32589 28294 10541 22258 21818 39977 29442 43682 8444 41240 47839 24514 31257 3513 23227 2153 12547 23216 43718 7701 13810 11133 4153 42900 20069 28720 23906 36016 15281 6365 48353 46729 46728 47016 32485 11364 26714 47127 41048 6722 49212 19227 9722 32514 4644 4771 30511 11581 7810 32305 12052 11730 276 48863 23224 433 42558 43928 34764 49906 5948 8305 13215 22058 48468 22516 2505 3004 24955 6318 26907 42591 20763 14131 18624 38341 25588 8281 43015 40859 3462 3873 26957 378 49497 31150 18336 35216 36457 29479 30683 40611 1802 32977 27217 13648 35465 40011 41157 9184 29501 15736 4748 23002 36837 10539 16255 18826 47282 41432 26232 18324 32901 10528 33671 43837 38356 37931 38318 40771 10689 14310 44079 4016 22296 35265 22965 20673 39264 40707 41722 28542 45763 46587 13971 9948 18420 18077 13116 24882 44782 26943 9390 38140 2532 43376 21163 39063 46518 33083 17822 33820 24230 7889 29326 37858 46775 39349 44971 45250 24026 37521 20377 27946 23650 30654 34233 3521 47027 25216 43889 27449 15062 36104 46619 14140 27284 8771 19496 22009 4877 35152 44803 28554 33068 10844 11024 18532 18255 39371 16357 26870 43228 38993 40681 19968 33566 12803 16235 28639 18990 10228 5532 48427 14301 35693 48191 25932 9364 3771 30667 13400 598 11076 42388 39237 9802 17461 1874 19954 3903 38316 37988 24652 13919 3905 10067 25949 29462 35849 3727 9296 7871 46038 45803 41437 16862 45514 48475 33038 33017 28251 49884 25859 39007 1032 11215 27309 17237 40912 26329 48270 2735 20701 12875 36307 22694 14007 968 42219 25820 5776 23250 2540 25054 11782 34112 43077 37782 34229 31187 13531 20302 17877 44552 27896 28889 11593 20332 31642 34761 11468 2865 32255 47536 20151 33490 35296 22383 44963 42197 30880 41526 27499 35839 28476 40497 35525 38083 34155 18662 47212 1916 9974 9130 15182 28511 2379 17606 30834 6072 32303 16396 31143 48515 42821 44234 30073 16634 8080 41371 31533 49925 43470 20255 4484 10032 47755 13721 31384 47164 41799 6936 22856 36348 16911 13097 15834 31223 34052 14027 29428 34781 48879 31929 5500 46075 24195 29901 28192 20401 12743 2843 34123 27882 10420 34944 44309 45308 29557 25903 7571 14756 29702 32596 35051 34723 23055 5952 35111 39933 47287 33281 42478 5116 11262 12520 41010 8724 40217 41340 11800 9157 13893 1732 28419 49421 4226 14452 11250 12338 28228 33444 15457 8350 30990 10964 10324 26639 21085 10039 14392 4928 35957 24309 2343 44999 30922 21218 24682 5077 8764 49699 47702 26263 10723 19375 22116 45356 41042 906 31872 10261 1387 46778 10454 26702 43347 9623 15165 24684 7184 10581 17613 38821 18 10770 48330 10405 47780 18935 7669 12167 29547 35079 8268 21065 20462 36312 43513 33853 3679 39403 45863 10931 3447 41480 1730 11714 39724 35062 8796 27371 6065 38798 28065 4975 28171 11887 46260 2545 38504 40153 18188 8044 25607 49566 15933 41514 31394 5692 10360 12773 42176 15737 47818 32064 6656 44584 27618 49165 38473 1862 33553 20516 3996 44557 48589 253 14156 14567 6978 14000 6278 7847 49342 18353 1703 859 49011 17974 5265 21124 1150 37989 27097 47393 2798 15350 11488 2659 36205 17728 12851 45452 4710 46035 29485 38811 15075 22909 9067 18618 18555 22955 4037 5651 48430 14543 30369 18227 14097 11828 14889 40710 38073 29460 34789 38061 46105 23903 14285 28750 35390 20897 40627 32386 10285 20912 38406 27018 6750 14564 19747 33803 1311 39556 2535 34986 11035 46154 14111 11179 33433 39474 42386 36450 43908 16155 37986 39012 19429 23476 48288 38486 804 33724 36545 17434 14593 20147 40932 30796 48078 15895 38903 45756 47114 33755 12896 40201 44561 16310 24601 48936 28949 48201 11639 4523 32631 31847 224 22940 820 3956 30971 37195 33870 26171 2144 25701 4804 10264 23880 19124 21618 7173 48665 44458 48574 8597 47525 45098 1577 28222 48831 24209 45074 4423 34591 22077 14563 30640 22813 10157 12600 7594 13374 48113 4515 4559 23013 13894 16509 41615 3939 31815 20500 41361 2526 12597 31140 13558 42018 10317 41066 39623 33860 8732 1265 28722 19858 23443 21604 23155 12420 29695 32168 4154 43660 33832 31718 5594 23577 20712 38500 8450 21188 19903 29965 41990 48373 30320 20826 40837 44925 9197 9375 21696 3245 33028 42541 18078 36509 5119 8922 1041 17449 37308 5521 34863 47426 282 36089 7404 47740 40780 15813 27047 35477 48829 49118 12629 5208 29947 14711 32453 29343 45140 31339 27627 35669 40032 28612 19634 33181 45983 41973 48658 13297 39789 6491 42784 34662 32898 11206 43419 6552 6793 27712 19494 11983 3018 18263 48137 17961 19658 34816 48184 36906 40940 37039 13264 48338 32965 13083 35419 14978 23509 34432 19599 1207 43132 6442 19997 37133 33472 23012 25587 23762 40232 43878 47543 784 5004 19568 35353 49504 47747 39000 29410 14251 24374 24856 35725 6030 28803 15276 49226 18820 46077 8251 45915 38235 10061 30881 13270 29036 45355 45011 33786 32773 8226 20627 33557 26178 9537 38855 10474 9675 38864 32710 1147 1685 43755 13228 47766 27071 17642 35019 20969 17820 10912 35665 36272 8287 13012 33245 26424 9894 45104 12139 33449 8003 28611 22960 33932 40338 36336 20366 14527 6188 41059 48284 11408 12515 14688 14802 23324 13101 41149 25381 39856 395 41169 4665 658 11552 36240 37401 4810 49237 32378 29067 331 25425 3781 1713 12254 16926 28323 33055 42313 48540 25600 46493 49521 25028 19663 23379 8576 36754 22954 1996 45371 32049 22414 10229 28013 32899 12012 49548 45506 40039 10254 28341 9434 19153 8077 27770 18757 34713 31961 17673 33064 25677 48959 22484 20628 12112 14665 39946 46720 47600 24265 19609 15136 36937 20939 39914 42148 39289 37066 10319 43346 177 42436 20157 21526 47668 10490 34657 25845 16753 49362 5694 12247 49282 43983 25214 7182 43809 19435 726 37480 19254 36054 39153 16774 23742 13992 24143 31369 2966 43279 9459 35628 30912 42937 32630 19840 45083 23651 11751 28133 14095 11160 7767 35428 20078 29551 38949 27670 43760 7698 13366 22245 26362 11846 21429 18610 17351 31517 40484 7321 2685 28440 48741 33314 15568 37824 47830 16910 33320 6435 6855 42654 43476 45073 5627 38036 23419 23621 34273 40653 6440 46213 29095 26483 46512 44740 49478 12354 16813 9302 43203 8381 45941 34972 12506 8746 21246 47469 20048 36169 45951 48188 15771 46436 29247 203 49328 26831 17207 23916 23547 3570 48788 11901 47882 3038 30442 10946 32775 49173 39726 5552 37329 21693 3589 4448 21651 1989 38508 5464 29821 38093 20537 15806 42454 5994 44424 1791 44807 30530 3322 34539 44778 44913 3650 30619 21545 1764 33503 22494 4764 30032 22847 28278 40925 5143 45117 44134 5096 879 47162 22122 43866 39171 44388 24402 23546 12360 14293 41396 34368 41452 33421 38343 20212 13804 8623 30558 33080 30628 23637 4648 66 20983 8446 38312 30372 46426 28051 4953 23205 18903 20945 7378 21104 7260 16704 4937 32366 5182 8137 22843 24401 40042 35053 43611 12591 21066 11040 33836 42860 36785 35556 17734 457 1437 14648 14150 19686 9965 2035 38306 9513 1482 3096 33031 35570 21971 32042 48213 46535 20729 31887 10164 34359 49034 33872 14704 40878 42756 33489 31688 44384 30082 8090 5419 41652 11842 2275 19619 36846 27666 47120 44112 4135 9740 187 11103 18101 23347 1312 42852 753 9292 45333 24784 18912 14010 23911 15328 11518 1050 35654 14720 46908 31538 17687 34660 32935 45520 46476 49927 48779 43452 12442 980 42067 36796 21672 23338 25448 26515 26623 44681 8202 44349 5987 29701 37914 47256 7218 9081 26747 18635 37760 2106 5120 8649 9320 17624 28486 32327 8512 37701 4289 29632 46840 2512 45203 3981 49036 16938 571 8340 18736 7504 29565 35629 39670 39521 47075 20903 12804 37245 1339 15265 49885 25109 23217 10669 45166 10558 48236 40162 42230 11074 12941 8168 44442 24182 415 45237 20369 34360 16764 47449 26810 22071 6541 22212 16665 16927 17610 19625 49756 30209 23308 13211 21196 4007 29728 1483 29845 17045 39088 37364 44300 43062 715 11734 3817 27687 16713 42917 38488 26092 21889 16762 12990 16045 23219 29218 37522 22155 47913 45155 26496 46084 28152 2311 27368 45362 20405 6898 16302 34549 9843 10301 45076 1000 18171 29894 4986 23114 13506 16388 9509 356 10988 44251 18146 24491 36606 13733 14962 15696 31022 20615 15719 21305 27696 14135 8481 46852 23113 45840 43563 14964 41768 44755 6170 14246 9764 2283 40392 32743 41575 13327 9881 9590 30053 522 16930 4905 892 25222 1907 43391 46504 31147 18030 13348 38246 2138 41537 38701 39304 35101 27135 18608 38313 11513 27974 36424 20876 31165 7517 28421 11278 10707 16493 14736 5831 3631 37691 8586 2152 15170 24144 33321 2064 25270 14399 20616 28592 6342 28139 18575 36914 4869 29386 10499 30742 33383 325 28184 24057 27015 7577 39745 16716 19490 2195 33906 43624 19586 4505 9415 38120 38918 49243 2332 38639 25621 4686 16648 46520 48376 19744 18197 7226 34533 16146 37992 31020 26056 34589 14758 18411 19136 43423 12185 13585 31488 6780 10249 18428 27646 25187 44262 43757 7723 36682 4361 14396 39249 32510 47746 40874 45402 38514 40471 8343 17587 12942 13839 29161 2557 34020 5608 24069 21638 29465 40295 32905 38169 37230 6808 41373 20581 34619 44682 944 15456 23171 20305 3453 49905 44812 43356 8794 47034 32913 28990 11466 44757 8289 33325 38578 16012 26115 6173 20491 11880 37058 32119 4069 31310 45165 40000 11419 31388 1434 884 27095 18241 30215 30294 42053 46427 28975 42396 20707 43571 9561 48178 14373 2063 34456 4360 10150 4529 36216 21585 42974 20855 11491 45191 25120 20297 21034 4364 14727 28609 25077 34907 2149 24179 49968 11979 3478 47345 15843 33478 48195 7667 38914 2819 25686 3863 10961 8629 18112 19312 32474 40257 49895 32891 22675 17331 15545 49868 7353 872 38905 7740 47474 15052 10323 47932 26910 14784 16991 11973 26057 25857 19159 2294 16412 10300 34110 33158 10823 36193 43287 5606 4325 20662 3293 31053 48649 41753 24595 36332 39765 25379 41735 1410 47799 28940 15497 48098 35871 25315 34887 13113 45956 31364 22994 18257 35562 1153 34979 19235 23848 29518 48150 7697 5793 19937 49877 44304 375 35786 7833 22495 21347 10621 31755 25349 35205 35109 49951 37135 1567 24029 14343 48998 24354 6575 46232 2370 20898 37122 28202 46763 11098 897 44373 38738 788 33466 34867 44164 11914 8715 33552 21495 44654 31293 15601 46668 1208 4896 37299 37433 39356 18936 46925 32826 12315 19369 4725 23869 13236 48594 11827 7273 21289 7365 25468 45652 41699 36365 14523 49092 27290 49761 14306 16008 34981 26648 8505 49003 29191 37982 583 40194 1951 41416 37139 47244 14005 49560 27526 1858 32418 15586 19308 46623 38789 8110 14233 31826 15698 35065 5797 34574 39716 49712 26922 29 1409 4071 2183 19992 39930 13233 21303 10537 26131 49922 8523 26106 7783 37857 36013 559 1059 35707 18960 32557 34750 36284 19870 18996 11478 28564 5699 11968 10711 46413 6592 3608 6454 16252 38028 42063 14289 51 10599 47852 47020 6786 15138 42787 23900 1560 18044 7816 24495 3922 49453 16944 13364 33536 2058 17849 2675 10508 42946 2462 27142 27143 21756 31361 1264 2588 5440 26209 25586 45944 15471 39878 37035 29361 37826 46042 35876 31266 44264 33155 28189 9091 25026 4974 19301 10478 29623 49702 7233 42321 44188 20447 14653 42943 41523 4404 44006 37327 46445 10647 28760 18225 25867 49762 10751 6660 36185 37222 20175 35810 27396 18231 48392 9211 49424 2952 32678 22162 34130 46952 32937 6909 16596 42500 39285 22803 33560 11733 17603 19381 35571 42701 15380 36946 14348 13466 6852 6352 17681 43583 26031 49853 12100 9190 35370 37499 35587 13412 4321 7124 13737 33409 45068 30329 20058 30756 26969 9547 45284 28093 39615 19108 41600 23602 17542 27258 12573 44776 22795 25791 20957 32687 34151 7457 42814 20827 29953 34001 32817 29825 36567 578 43296 28842 44308 45617 2669 13997 19485 28801 2147 8516 2940 19176 28272 39685 34925 14514 34877 17564 19934 33257 10044 18386 12546 8225 8538 38114 25537 507 22702 5319 48985 34974 8099 38157 18008 14141 42818 14042 8910 30225 21207 40613 11739 47015 12281 22148 31873 31990 49539 40853 37291 37387 6186 39487 48007 25549 41218 16660 9367 31912 19606 21758 41960 1929 28056 16967 34883 34518 32503 19071 35594 39727 46650 18398 9725 17231 2287 3366 12679 12241 25585 22525 35179 8427 26700 11123 36713 2488 1132 5044 7731 48013 3706 41926 21899 49622 10496 13799 34922 40475 23905 24854 44846 30127 47612 34617 27677 2439 14996 45426 19517 32142 7640 284 21769 34817 4188 35335 21809 19554 5374 19862 540 37628 47985 7700 2065 24261 47043 4876 12993 31842 6322 43798 34383 976 40168 16524 39701 40641 8380 30340 29019 36697 6569 35257 10247 48519 35970 38648 17611 29292 38012 43330 38564 22455 35751 30055 6631 24867 34948 17884 44450 27007 39673 20050 555 24625 33494 41421 15878 42210 35803 49233 37550 44658 31722 41261 24737 3795 32069 10557 22030 32719 10586 21026 17470 9959 12808 48190 9002 26716 10579 26447 4126 18239 2874 49345 18824 2751 23588 31935 42771 32465 28019 38357 21538 33391 24886 37149 11615 16351 17471 36292 33590 30561 5410 47433 25709 20213 28701 10383 43276 11519 36962 36814 8826 20522 38768 42794 23989 33845 39838 22194 36364 48041 30116 9337 18240 21762 43176 17321 17496 21009 37303 45084 3958 3306 25188 3823 4262 318 3137 38992 39332 10344 33442 38549 42919 26620 24132 38121 43141 40698 6259 46802 1801 30806 4586 26297 12170 13049 25446 9252 14969 28702 40350 47132 33717 8823 32024 26507 18763 40345 5295 4575 4367 23523 33969 23299 12286 2730 41570 7799 42887 43041 11632 36551 48643 29690 11995 12781 5075 35463 14596 44048 28479 25474 6892 35013 35714 728 39690 18143 7012 37346 48808 33208 31692 34566 39649 22228 32951 4422 17505 23080 17727 35470 28668 40829 3965 48108 1371 44975 4305 32549 32176 46272 10473 21723 28041 16506 4067 20642 29081 41026 20319 46045 14576 33802 4698 27332 21087 36866 31427 23582 43993 20695 15841 25930 12863 13391 31550 35 29402 28799 6415 33338 25346 8817 49648 17458 41869 36238 45109 36009 24565 21923 14332 18595 19118 31657 4631 4428 22189 11706 38232 28118 2678 33555 10535 45300 20189 1314 38547 25672 25376 3247 49781 3707 2969 45365 49446 36376 36004 41918 42747 4510 3576 48464 39147 47040 34809 45782 44666 45522 29911 11919 42385 39095 14585 27534 47072 39825 33052 30088 11081 14109 21724 31090 47744 3710 15254 26425 47407 41782 19469 35888 42993 28508 7415 37996 44120 27850 12025 30828 34122 42517 24278 37147 4915 2255 40495 20884 27841 30114 645 4497 29409 1752 47859 2473 27550 46705 44984 41249 46316 9471 35113 42995 48886 47106 32499 22558 4766 952 33815 5525 30581 11662 35976 8580 21431 31492 15846 41610 17139 1353 34735 27601 31779 40341 36813 27631 44383 8459 41352 19540 8600 36021 40226 1253 11166 25687 26480 3106 32253 26070 27432 34690 17731 1611 47089 22948 33509 49993 39852 18141 22140 21063 25843 172 11962 20444 7691 16315 22684 26850 29656 45903 6292 32916 41568 13257 21370 35474 41738 21784 20487 8981 22695 25838 42752 31645 32672 48912 26511 15132 26040 9944 21697 12096 28061 6426 5142 5638 6403 43029 2569 43937 37842 2285 24382 48030 15791 43134 48859 35529 39420 35364 9054 45422 7712 37269 29689 5860 29287 41833 32090 28692 16630 11894 8181 26893 7114 21798 15351 26253 49791 23119 26300 48593 25756 14738 37690 9612 19574 49231 7628 19471 4406 14508 30856 22521 21055 10333 4186 32771 35907 13048 12674 14562 1740 2876 35544 29869 40987 40434 16328 42839 15262 39425 18509 48126 27873 3219 37555 19608 43936 48251 26929 28422 11537 48181 40193 32492 3636 11302 17521 40476 11655 11222 29365 45081 8737 841 9417 39258 31043 4809 36579 28808 48025 848 22890 26285 48945 11992 12934 4768 9351 7014 20021 17173 18622 6993 11472 24675 18871 36909 11993 10789 33753 30180 38727 6179 19120 12335 33879 1813 8971 34046 27692 39575 32625 11025 9222 3165 11635 36920 36276 43790 13441 49613 18261 42878 7333 41850 12009 27320 21072 11950 17723 4607 5668 34845 3403 16390 17874 13325 43091 20236 39029 48932 43858 20742 24070 45677 23833 16718 20035 44766 11327 41250 11328 3750 44361 12590 543 32280 14491 612 24100 5482 14072 36960 23242 10730 28146 48855 6825 9165 45213 11150 47952 30063 48374 12359 9075 42005 33619 5370 49852 41692 39766 32162 27611 22614 45429 13485 20557 28792 7142 23851 21765 25593 44080 34146 34980 39669 22950 2500 34093 39618 8473 18734 5749 21251 1905 24965 48311 39720 42150 46608 28658 6935 48465 32405 39902 14789 4800 33198 38362 2436 17679 27067 9762 47721 10937 39741 28198 35928 34813 36124 10060 39688 16398 32261 42695 42144 32266 12414 43220 5209 8250 30617 47325 46470 31399 44330 35565 31782 8957 48535 16706 46323 41046 10377 20817 47493 11795 40984 5317 40100 14240 32961 14462 4691 30916 41737 8438 38607 45044 6716 16288 26573 24548 40772 7076 13043 41677 42579 21384 42354 184 16720 27356 27272 31668 18580 44158 6181 20115 23412 5720 12327 36722 21015 20542 30110 5177 30584 37501 29374 11664 21509 47000 22893 22951 38057 22172 10665 33396 16683 19959 1716 23470 16461 3702 49872 16742 4354 5642 24340 33704 48499 24205 23331 23282 41474 30331 9424 40488 13403 10958 41102 9189 30740 25650 25671 31374 29644 1345 30658 39102 21082 6271 4057 6891 24752 49309 24786 2934 41358 6356 17198 21562 49232 35343 4527 42859 20309 32285 11507 12983 31789 2705 31717 4171 32893 18895 34624 12996 7468 7555 17994 45420 3370 34436 33402 29648 36243 15873 29602 32944 30387 43532 42046 28097 34995 41840 19736 19423 7905 33703 20734 5670 36086 12130 18637 38008 6388 31450 7918 40084 17212 49750 47867 7779 18302 26975 46877 19498 31719 31211 13459 14387 28919 15815 24909 5066 19037 10015 39342 16695 641 23399 42325 6330 5828 9915 35697 21447 3005 5582 29413 29084 14885 17627 10978 36623 13586 22597 39354 6717 18311 38415 47573 26453 43436 12165 23765 26457 22321 41374 29795 36659 12058 32288 7341 33467 36516 1308 41873 41057 37725 39325 10248 39141 44162 6543 26315 38214 37030 27367 25979 42901 34463 25778 46022 41756 25567 39239 49409 3690 25564 3906 11750 43743 47084 33618 35811 42543 36173 33288 25705 43965 15942 9136 48848 33662 42312 15999 44799 36535 33287 8733 29892 41790 49758 48405 17850 2211 6010 41631 762 10408 10963 33982 1336 39486 45566 37816 46392 25042 10117 21311 12673 40850 19446 28716 45685 6252 5082 24897 9068 48483 43596 42132 20322 4931 25289 26782 8526 45270 45641 23703 135 14281 38777 19383 19764 48409 3258 18155 10951 21834 32226 39645 2487 40534 23173 45693 16072 8604 43222 24954 8591 38187 1319 9194 6180 47953 9633 27080 33497 24313 42583 33456 4730 1012 42680 27979 5385 44665 19578 16846 14890 22946 19681 13902 49410 4129 35938 3013 18019 3539 25890 24732 42730 1684 30015 39320 35812 32036 45297 13432 14303 48592 33907 47602 31386 45105 35233 41845 22783 38850 34707 2873 18665 18463 1609 41550 31892 6087 34154 44906 44866 3265 30963 16654 28473 8396 49955 44588 25755 28306 39041 15153 19885 6980 10563 4274 34670 8173 20518 15786 33348 5671 5870 33372 31414 29063 36007 6673 25856 9358 19575 5787 16347 8925 1901 49683 25510 8236 45320 49386 42829 11835 18934 24366 44118 27311 24428 12306 16932 40817 43404 39773 48443 7741 2104 22902 3199 40504 31672 17648 42662 37391 8175 31758 48324 48814 23341 11713 14172 43610 27399 4840 41558 12151 6368 23815 32129 23962 44615 47180 36273 43 40145 1087 868 41236 18027 29318 24610 26194 40483 46406 1578 25659 39269 42195 2617 28112 28752 31435 7566 47066 22656 29089 4080 30113 17179 19327 19213 22324 17016 38388 2590 20020 18145 29139 13248 14454 32075 8179 5224 17682 7775 26143 25808 12117 15160 24071 5001 15141 48089 44847 37848 2309 25875 23753 45181 27596 34693 1154 4929 28207 42776 31806 9737 9154 23579 7579 36316 30092 45378 14468 21286 35836 16549 7773 3084 18283 47923 7828 24133 165 17748 6961 8612 13015 5726 19323 40002 44228 22956 41536 45446 31370 43735 41116 24554 40373 42602 16976 8860 39184 48903 10053 9386 18351 36641 4229 12234 33100 5202 22036 24981 37487 38827 44568 46120 38916 29228 46905 12839 4940 20413 19705 2374 24456 19208 22860 29016 3357 23174 3011 5862 8282 26498 39691 30414 40977 46661 191 31768 35991 32021 16999 19228 1047 9286 33760 15240 32990 10548 10101 13709 1202 12330 36706 20849 37953 10984 14425 17608 33915 4693 31110 4793 45389 32663 20971 49780 16275 9099 32326 40003 25978 35901 18804 33791 15064 5949 734 49646 45838 21215 15595 18700 44756 37424 18376 22601 28838 14838 45315 16129 14287 44305 33577 19741 46988 3643 31096 42303 5515 15087 33955 13777 17352 44646 17021 48368 18923 16496 49603 70 32127 45243 23826 25015 17664 43030 4218 2101 39797 22845 26127 7688 39309 11646 40520 27218 18033 10189 27469 30390 19717 14830 46918 42450 49413 46753 13625 10258 31265 21100 30915 2649 28437 21958 33978 29179 8027 26323 47575 41285 13047 48023 29799 12868 10297 29216 3331 9570 36218 43086 20782 23245 25849 6516 23684 33559 47057 45306 36940 38813 48690 1053 7454 30572 30780 16287 29590 17158 14123 3703 24703 1091 27746 41239 44879 43687 8391 7015 24858 26432 49523 44390 3934 41171 11263 35000 45702 25377 43951 19035 44478 34586 8701 16591 10900 28114 49505 5376 8220 37538 36522 32284 47569 3207 56 40246 37783 27650 28132 1497 24234 25454 37246 7156 32567 10326 12985 14254 28200 34258 38039 30397 49541 15805 5136 7611 41461 17783 32211 34978 7671 28561 44521 18982 26225 3401 22096 20550 27163 7604 30019 33405 21348 33765 10322 23202 35124 4206 37602 32076 35110 12732 20556 420 1223 35223 28332 932 46630 14154 1829 19265 9009 29387 21060 12275 9342 14519 28877 35550 24888 33749 1231 15155 8751 34074 9112 21476 17252 40868 43441 39139 28510 36055 20221 8187 28117 12481 11453 1825 14894 35521 34826 36989 9825 4053 10615 15761 37639 11255 5775 18258 7926 31219 10142 6696 41199 2745 24795 40950 16760 40921 41208 23952 15311 24688 40876 26752 12205 11431 43609 40990 19484 14765 28790 9581 11113 3986 27408 49573 30124 33132 47695 37503 8723 14115 13252 1254 39497 14682 22436 2748 24738 27127 34642 45388 34602 19107 18059 25122 30271 43679 5392 3095 24785 31927 15462 44465 2331 26767 46302 31684 37942 38747 4247 4785 17494 34058 21749 12333 33147 9515 40235 16585 41781 10286 4849 38554 28156 1863 4514 46835 28303 20190 15619 46320 49288 6107 4983 12859 49452 38869 14458 28768 1797 36468 15253 12218 24270 2178 42554 7980 11991 25323 8726 874 49954 29370 19033 47955 42608 38027 36420 16458 23846 13135 6050 6068 12903 28234 17084 39651 23252 22811 23643 6849 23934 23960 3579 37426 26390 41732 30687 25275 21140 48052 25154 43981 47606 7772 31234 45326 429 25777 14578 22498 42024 44718 20455 40816 20618 2927 23890 14965 48187 29786 7360 36923 26074 26775 13067 887 9151 24877 33205 49807 42582 5271 2315 17956 20636 11376 35630 34771 38139 8610 24176 32734 45126 44932 14740 20109 38858 31958 48675 32707 46831 4546 3232 15376 17999 20228 35170 31904 41828 31007 1517 26682 27382 16003 8061 130 37339 27726 45216 19218 25647 27622 43919 30105 47406 7470 14513 231 1659 35817 25754 22191 24482 39250 8532 38152 46597 40560 6213 19892 31805 19349 44895 27387 5871 35217 11266 49461 20784 28372 45416 30099 856 20620 36324 28365 34895 38339 19497 21780 25896 39155 26956 15657 23793 13900 10641 5538 14314 17835 39907 4048 37818 34975 29493 24544 34430 37805 48955 44945 30735 32763 5382 2310 10334 35016 29393 18296 3358 31166 34440 7194 35023 31923 14983 12557 40103 11292 45911 45640 29308 8452 48504 6692 19030 5619 47448 27338 49197 7231 26216 45517 43835 21134 20788 6841 49351 6985 44783 29132 15029 26885 16227 3504 4041 18009 8579 43923 19319 29697 44227 49776 20056 22252 30928 32182 13050 35667 7155 28507 6300 7146 13749 49681 299 5557 19649 16526 4718 6545 45966 29996 43283 10610 4843 34348 5299 11244 36425 6168 44529 46011 44547 16955 4886 35103 3399 9371 744 8354 6640 35684 443 20265 27439 40538 43652 7335 6907 603 41956 710 40361 11298 7800 43147 34361 42883 49675 15659 5805 6671 18785 5814 14507 13273 31316 12287 3181 40378 13193 2277 4155 27648 33514 11109 1462 12356 19020 25956 46458 5104 14931 8418 15173 25017 39650 40650 22075 4543 21953 7666 30564 48809 36917 896 37588 13674 27796 24891 33968 4613 36034 25282 9877 29708 47757 20694 44609 42823 38393 25102 39693 38700 44655 39619 46478 19745 17258 37879 13176 18714 47574 25688 20878 15862 4470 18718 48033 15320 13937 6690 16918 28505 46685 36440 4537 22531 24310 29196 13509 39329 33136 1288 19852 38236 33235 28105 45824 9237 36030 30107 263 36497 7916 7769 46928 3067 49585 9646 29249 25402 48032 36947 30632 17981 24375 20501 2082 26693 10678 1 39247 15810 21717 19881 1225 4407 17833 37809 49164 5713 40277 13662 923 1814 45646 10112 45394 38974 15302 45049 19838 9341 462 16036 1555 36266 14739 8962 9662 18615 27568 41643 43669 26527 498 37153 14177 31715 12640 801 14715 5310 3985 9849 29202 17386 21760 12041 5267 46382 46628 29498 42185 12171 17379 1545 625 26372 22248 1672 49638 11669 46280 8549 36178 44641 25032 2210 23301 40973 13013 15533 18300 44981 35006 33024 6413 32033 40174 45321 15220 18753 10970 24868 10515 35412 41024 33542 3297 10877 42714 46044 9519 986 34897 41974 33168 3537 36321 6946 12747 16185 27869 17697 36353 12789 37594 7214 39785 43826 37536 12978 40391 45768 46617 33097 28488 27450 14414 18837 22535 19031 5248 11504 33709 33992 37517 18218 9628 13824 2286 17227 36377 14804 46131 27792 24190 12605 20018 23322 37912 26117 37560 27822 7310 8548 7340 35735 6416 18084 33783 9616 33242 33045 44581 8129 12999 48002 12339 22344 10847 16427 8765 42190 11474 21319 28194 11384 21390 22193 41062 27065 18473 8690 48974 46447 32624 36540 46575 40515 31897 32789 38953 7047 16516 31823 19501 30543 8768 7096 3090 10679 13577 19539 24212 17612 21089 6662 48818 4202 8882 5499 47292 40229 1276 36363 6146 2434 28516 4659 10999 27527 11763 18754 35829 46061 11344 15056 42350 13795 26925 19291 23178 36938 4436 41124 12571 1280 39187 18347 8932 41002 36065 30966 41313 39296 12832 3308 36014 5735 10123 16358 35860 23099 2426 39678 33959 45610 25218 36430 22506 23958 18587 39261 30734 46361 11858 30739 30487 47884 32714 21400 30544 2695 21194 33824 35645 29073 11838 7795 2614 24700 49290 3886 40455 1380 37176 22448 5624 49093 44670 40748 42489 48065 29512 16642 42652 31713 23659 4715 38119 12894 16601 39467 47658 23626 42717 21315 46497 14742 16592 35341 40161 10232 21703 33742 17132 17626 19196 24862 33108 30746 45046 15842 24381 15432 23987 3963 31944 21920 34787 4957 30659 11682 25994 36903 21888 25982 39485 11920 40262 31913 43474 11671 37054 36976 39252 45399 28080 9905 13862 5878 24073 37952 19403 47954 9474 35834 48688 3675 28582 15037 5324 27467 19789 33127 13981 34183 49615 25533 24466 29116 4013 36597 42038 23533 29431 10660 13541 2004 36768 32398 6785 31959 47478 13552 5239 29559 28038 46346 4341 30994 41106 28884 3824 3511 48723 46240 13179 6203 21038 36783 46119 33941 22100 43972 47441 22486 28428 31284 8257 23150 3866 19970 4106 20179 21720 39634 1897 26587 33463 3316 5233 38455 9406 18088 18885 2223 30000 41715 43721 14615 37406 33585 39989 17905 3174 24545 40873 38248 43351 33035 45279 18479 42739 24873 24396 4789 10193 11965 24822 37187 44150 13031 21689 39158 31423 25550 11767 18332 29297 38820 30625 19398 36277 45562 416 29987 37278 17409 28911 1097 23297 31919 9937 7822 19919 37934 20099 5740 48267 16543 46473 25767 49059 18132 4525 7501 14647 16253 36411 38872 44241 46277 2601 6563 29327 7636 10434 12948 5704 11083 37892 33041 39827 27169 14457 35484 46871 5282 30037 15171 38870 8510 12034 6591 26630 1942 31829 34209 16379 43205 38579 1046 8714 21922 36177 24658 46556 1518 46957 35450 27573 6051 45351 34873 18161 28751 24341 4490 20393 24296 4795 26758 1211 44099 10277 49300 48358 47696 41780 38592 20483 20475 4280 15552 3712 14713 36117 8776 21683 31238 30358 10273 48230 36333 21334 12867 15119 29155 22489 21862 13877 18749 23101 26158 36362 13182 6093 42033 27593 10463 44310 42423 3456 6200 8879 47676 1084 26486 25783 33847 40202 47365 33830 31045 613 40679 49471 37808 48048 15127 16553 39790 42865 14597 13219 22353 36786 8834 47888 27093 24214 33073 30710 19668 8827 17297 39850 23266 41299 8952 41639 1617 36634 30248 2019 27862 9770 38068 46080 33520 19278 21878 31638 18695 5026 27745 34899 2441 46034 149 42649 8451 48843 31056 10127 2602 1398 2364 23792 1508 12630 48159 14126 41131 29088 29963 25983 20076 10284 38788 23265 20708 47477 10841 40896 22650 8318 18894 36172 30765 18457 41468 33366 35996 33298 26029 8185 49247 34364 24435 28135 39885 40077 24395 46736 25330 46103 18507 46883 15633 32837 24298 26184 1450 23928 46803 11087 28169 37396 28923 24958 43243 2546 26592 1470 11224 10839 44505 38010 19630 2613 17578 5965 31855 41778 30198 33228 41165 26003 5150 34808 38453 22084 36131 31300 45552 42446 34715 49163 48442 24793 44597 38163 7634 38719 23066 39268 43221 37954 12869 47956 10417 9927 20611 20100 43842 47350 27719 9392 48683 22543 34637 44779 38391 6098 47961 43467 48700 2766 46407 28934 36778 7241 22141 28168 34548 21427 40557 46939 27569 33309 29312 49542 36771 46530 34164 49864 7030 40893 15378 4592 29422 49228 34024 15959 32533 22127 5371 41607 37174 19750 1992 39090 38986 4207 2164 1411 36170 35953 4572 31033 27317 6906 3408 7589 34337 46855 31317 44735 25627 2829 24211 40802 14044 35916 34271 42755 29841 14895 13411 18150 19302 3431 12574 5821 36818 2813 11576 44183 6152 44924 44563 8238 20607 23988 44845 26098 2525 37084 27147 31465 46634 7442 22156 10943 49470 1108 47267 46769 36506 17950 21657 46206 44864 18439 39453 23034 44022 11460 26156 36256 16442 3333 25179 31496 6040 4595 10611 9053 6157 12585 40562 28387 5513 34473 13920 44273 8143 44169 43514 6020 28000 22509 19762 48414 41173 25965 38015 19785 19607 13666 21371 3024 36263 28324 39555 28351 42380 30439 10001 31013 10726 11093 36382 10525 21265 38772 23133 19097 21214 32454 22992 14381 10783 22167 33195 37752 40997 785 13045 27291 3093 8778 6519 20850 22333 11313 1342 20577 4577 27269 24708 30313 5778 41611 49474 25403 13128 907 26322 37031 46029 29039 6166 21318 6641 49618 9055 22174 20621 16040 16565 2438 5412 5238 568 16368 39070 27626 38184 19486 2440 31438 48155 13655 49669 41726 9831 26140 3266 42096 42495 15960 47868 27694 22499 15538 45786 44231 49121 41625 34331 45432 47666 31680 44952 46792 20953 38076 7064 18156 3136 44886 28086 30677 46676 30821 27113 49370 46401 14398 31581 45898 29345 38089 44104 30249 5337 12693 15401 16535 7265 14102 40460 15522 1263 39939 33725 33940 48469 11544 47890 36696 24672 31017 16243 32936 44606 32161 35140 36315 26435 49923 39695 14910 38635 16697 9907 27701 31308 45880 41704 46522 3870 30422 44537 47856 5331 49416 13593 15470 39181 37475 31019 20824 34441 26874 8260 45853 21411 43409 428 8603 24281 3476 47307 20450 44752 33381 19712 6398 1781 35420 35944 27945 19715 8441 17589 21260 1881 25954 38003 21268 25470 19920 22382 41760 32449 45922 17688 21606 33012 3415 33175 23362 22282 25386 41858 30325 9520 29609 42258 792 43300 8140 25264 5025 30649 49420 16580 9094 26847 31097 40220 44209 28350 28447 28898 45760 24512 26078 44917 34882 16224 18978 38334 11860 20161 49599 27402 28584 20365 37649 552 31511 44422 3159 6544 38764 15669 46318 3604 17147 23883 43483 32910 49256 2032 39430 43009 16888 32727 12836 419 38194 37851 49182 25199 49280 23446 9120 33733 25022 21029 4331 24151 47587 32367 9309 22723 42305 13957 37737 27099 36932 47590 7686 2186 32144 15100 30310 48866 32989 28772 48162 44509 17405 12514 32574 9303 36422 43740 38322 36524 15723 30096 1366 17985 43886 14011 40847 37414 1790 43614 24562 37385 30398 32698 40435 14927 41847 42951 25012 28170 44956 44699 46813 24844 46544 4681 32088 11601 42795 4089 25773 40998 49425 18768 29450 7788 19459 13142 3334 4103 24332 42048 13164 49379 31566 41008 685 26838 11717 3392 21446 513 1296 28774 32180 28286 30266 2646 45957 45722 916 21023 38495 9122 35272 12091 31100 28289 3655 32025 15046 30392 10365 9693 48657 8665 30385 23690 44479 20803 34178 1124 21328 41893 26130 37270 17917 37131 48619 153 15166 17428 48067 26286 10603 38637 36576 10987 2490 20792 32011 43327 38326 3388 5438 13027 38519 32949 29079 136 42916 42441 15399 5577 24717 16223 28283 34632 43455 12953 19719 36539 37518 21198 31693 3705 21271 49014 36893 3505 24594 24817 24619 21670 17233 9787 21650 38875 11145 28393 38218 25957 24778 918 32299 12917 41561 33149 3495 38105 18675 12682 31419 34635 15531 36191 31736 26732 48226 3292 11638 48102 9908 7934 18018 17703 47335 17686 37990 42131 34374 10893 27906 39418 44491 35906 48407 34458 12705 39658 30768 47717 1830 19511 27722 48260 19266 45277 40910 30264 3237 47077 27078 19193 49294 31884 39873 18294 46920 2835 20080 30973 45107 22 42769 26895 20271 9052 23261 36322 37069 9823 41320 48801 34489 29214 16531 18178 19849 6861 18691 11539 24102 20910 2262 28273 16798 35059 2789 19259 48744 7145 24501 30431 46558 28111 48355 36121 12473 5545 17057 35316 27436 46229 22211 7352 44907 49171 36150 12020 45661 45892 3803 23957 42486 36070 18484 26183 39116 48602 11410 26505 15784 28175 23288 1484 30348 32590 22976 33034 7993 7034 6676 38781 48583 43337 46052 21792 3596 16590 23229 30512 17304 21232 45883 4662 7689 33042 16211 35363 45276 6952 35658 1210 29296 44467 24229 1320 34189 37280 47564 178 26778 9613 41712 35903 18809 10442 15706 36271 20965 35605 37540 45361 19300 14431 27804 36412 43670 20317 7851 15097 39291 7102 1794 45124 10506 33865 30404 42248 32651 38601 41143 28277 26882 7895 23837 3211 44173 36340 41928 36428 29778 16229 20247 22402 5436 3035 48036 15047 174 9040 29865 49202 33744 9429 44339 42726 26034 18432 32768 3425 35009 16721 18425 40139 11114 14223 21942 45982 17109 32354 46805 47752 19128 6603 49348 11971 18013 14966 33360 31246 45491 1845 14832 37072 842 20272 29151 16864 44179 12050 20538 25465 37755 6460 9283 21250 18560 8051 32118 46263 44332 17871 21141 32220 2963 3347 43605 25150 49383 31162 9173 39625 17576 2957 49272 38866 23243 25715 26760 41626 18612 38940 42598 30156 14716 33172 21126 26867 26768 24725 32659 21200 30360 942 16962 3031 34298 13892 40337 45584 40586 34325 48410 46809 2821 48790 991 23756 28711 44009 308 11954 12504 42523 41435 418 21879 31377 37005 24826 3786 31452 19900 39842 45567 15070 26973 18995 35015 8786 42540 39997 32649 25987 10120 3138 27589 23586 10165 21793 37151 25575 16285 46583 41976 6999 42960 7406 8835 18599 13249 43711 39588 44960 19981 35631 2429 16341 36397 27454 38791 19102 9595 26940 6420 17966 1792 27083 3964 27941 38053 21880 251 9641 33983 26373 43615 29980 30025 17749 3371 40739 814 33540 3239 45547 7130 9275 46091 32027 7838 18031 48722 41979 45085 19417 37623 20950 22569 32849 36028 18389 24219 46377 39637 39733 7981 40069 28346 34294 45639 34304 23913 12925 1214 33607 43324 9572 47501 32814 6197 17295 18900 27757 11752 41034 43737 13091 24796 37099 12211 30152 23967 48217 47922 46107 6581 16105 35146 29877 9483 36741 20380 38838 24630 22938 40593 27972 38137 23208 30947 37485 23241 4829 8425 49394 19926 3677 47760 24636 10572 32738 27857 20338 8632 23132 5426 12846 10863 30443 44041 35965 42028 38705 1715 2155 28155 25441 24180 13501 40126 22307 39223 23752 10808 1385 29950 44501 24852 35382 42292 26234 36477 40718 30899 36663 33862 10654 27548 18848 29173 14186 39198 43198 41814 13395 4133 48477 31405 529 19413 14915 10849 9454 42546 24455 47903 45278 23925 20291 43678 13571 34451 17816 22610 28765 46712 4501 22117 33270 31898 12635 13170 17403 3547 7815 19696 7237 45115 4702 3960 38252 5664 49204 10827 11725 22716 4391 17481 36537 5652 9758 16491 41078 36654 39096 3575 49010 26242 20460 13111 26753 22667 9318 16626 10538 29223 16784 27615 39988 29607 12017 2901 8839 5769 49406 36640 36679 42056 20698 32173 5081 23514 2502 12362 29140 43894 34119 33626 31073 34535 14945 47958 37916 16558 41493 31939 37345 15337 23985 40067 19710 44969 45285 47375 23506 26583 16629 770 27556 12184 17326 23420 34596 16188 4333 17243 47967 28338 20882 16793 10664 11080 30280 159 248 29480 29617 46593 11836 49301 46987 29300 44167 26080 25472 43590 22905 30631 13192 16996 2299 22537 43977 34806 43218 19502 37377 49100 18106 40071 10087 26088 23083 48263 32111 22663 25786 34445 15098 1997 47506 26949 31699 27107 935 8283 49056 5170 27348 41289 24705 16719 28536 11617 10547 32406 1958 40179 19378 36127 9332 44180 36714 46646 8718 14333 18368 44687 16563 47716 17055 12381 11225 5029 47714 18944 20313 26688 40114 14594 47135 18907 35875 27038 22420 5328 258 8301 34630 40540 4630 15231 9563 46595 42042 23708 19260 40887 30359 18775 39006 36062 48103 12654 35361 1742 34714 31489 48280 16207 1512 15848 7875 26148 9774 15855 29052 48835 35947 31795 48821 45475 9924 30342 21369 42055 16295 29449 6015 33769 35229 18050 6444 16972 23049 22202 1040 48972 37347 49088 15105 27671 1957 24066 13788 6476 48914 25616 38054 1049 10124 44732 2797 13474 10049 25249 12210 30033 5930 43056 21273 33164 11651 13009 1709 27256 4670 21047 46124 14479 23384 13324 16078 12738 26348 27091 42322 11849 42897 39559 44341 18780 13177 36870 28329 1934 49760 40108 7220 46621 42757 12283 3549 27682 13210 27275 42151 22681 37231 32457 39752 7331 2092 15414 24098 47647 5516 6840 42452 8990 29611 364 28986 44499 24326 22439 24383 18308 37775 17815 2402 39106 20241 48699 39157 1014 23983 3871 20457 38031 8426 28201 22229 25648 31067 6486 15245 17738 49811 1178 40621 25223 1612 10047 7301 1327 38427 43044 35276 7323 25570 26607 1807 30356 39652 47092 48389 19336 47187 30147 12349 22878 9648 29389 17602 30232 9564 6856 29366 8639 21096 31787 3588 49244 26094 34091 21004 24239 5034 24297 11994 2763 10274 5592 28458 32657 11073 12862 22113 48727 19766 12269 37013 22453 16080 40457 39367 10386 13463 27842 45219 43733 8705 31252 14221 48668 31922 49495 18429 27507 3493 17535 40791 24127 9873 42361 12029 17224 34898 48678 33464 29142 19000 28279 26681 9538 6606 20843 16616 30672 46913 8798 21284 13545 22868 32806 8033 3377 20351 16399 36241 17427 1005 22962 13370 25461 6618 24052 46655 37409 33238 18065 46645 37495 8269 145 23875 1912 40946 30081 21802 83 42153 24063 28487 18098 18164 40958 33331 14032 326 9619 20869 1152 11412 24600 33001 25534 5626 43160 16746 427 40266 37022 16937 32639 10133 8127 29640 13052 30607 5528 39136 21372 11305 39039 3856 37867 46309 46115 13035 44596 15249 37671 5950 29017 40513 13169 39294 44968 15858 2423 3041 37189 23487 27959 45893 36210 7257 17865 33922 13642 29773 33841 8253 36515 12716 11268 15694 34760 6941 16979 45271 19761 6034 32229 6474 4661 9448 33304 39541 36988 39087 42624 30432 4726 11055 34525 44716 30520 47366 36153 846 21616 31014 18947 39498 27634 31851 6554 32240 26991 31424 34063 16504 5383 22473 27473 43705 15402 23359 7601 33990 38153 21391 955 3305 11987 27070 29334 6700 31769 26376 26047 19680 13719 40605 24611 39382 35231 10002 12726 26249 19648 31983 22981 23819 17422 16828 18015 26309 14393 4046 8635 45984 15559 23781 14955 32270 19339 41486 37004 38321 43698 26251 9872 11361 5829 12261 14336 48599 47625 1599 11192 38845 32896 41031 22241 41445 4256 17424 29349 41788 42949 32534 44116 24342 20360 34951 25929 48677 45209 47356 39365 19391 25325 21209 5015 42109 10088 21129 30494 15641 22690 49672 29571 35745 44642 4970 36668 41141 25132 19688 34638 5897 17221 21145 20404 2816 29407 33960 4679 14644 33261 39047 41204 981 17317 43566 44946 14692 13442 39059 34909 31155 34002 43812 33156 29181 15914 33723 35067 35211 45207 25269 42113 20293 12060 24369 27050 16339 35478 37242 31933 24831 11041 20201 39449 35737 45691 31585 24976 7049 11256 39014 32538 21776 39267 20204 35286 32524 13287 12621 33354 7023 49101 9301 21987 48927 41770 6983 44063 2243 4565 19380 21561 22220 44152 18198 16513 38333 13086 30554 45846 42093 32158 42337 17150 38580 2783 4627 886 20874 2677 36871 2687 15811 41198 27186 43570 40351 17029 38796 17791 46266 17097 43592 230 4243 5848 45507 44885 7533 44518 9990 38849 485 21592 35452 38611 17456 34259 23982 37185 22304 10381 22807 40671 10904 8234 30578 13886 27727 45732 3081 1252 26789 19631 29470 14907 1776 6887 46592 9401 47743 8513 34257 11674 10869 43431 18345 861 6016 38990 44700 23035 9020 14179 24076 27883 33422 13117 11508 28607 157 28619 14241 37523 42475 15373 20376 43137 29528 43553 44798 45465 39473 4985 21557 14009 13537 23303 34547 46094 3831 26277 28028 36287 10883 49592 12706 29044 4801 18211 21079 3896 30942 4496 24096 39208 2683 15232 957 14796 5723 29671 37773 28181 12293 16657 30840 34970 8057 37436 5199 15164 9657 3114 5321 46664 38826 39260 28558 34113 6658 22654 47671 11932 43656 4267 40238 33231 40822 15753 48100 43390 11374 8147 32995 19078 12011 32967 33346 4640 5523 49079 37827 22260 11317 18104 12301 3195 19160 13961 880 22029 22159 2038 24202 21643 19813 43931 35950 23390 23761 19016 36501 8736 42625 24679 22929 14060 15416 8296 23774 10263 29508 20412 37302 42736 11801 29943 1556 7373 35459 9903 44375 1892 22967 33937 5032 29788 44023 26452 28100 20519 16172 10303 8930 9135 29103 9929 22197 26911 41539 21478 47549 14975 4625 33648 10241 487 36203 15023 38164 40516 8530 29857 35766 47485 22804 18232 8332 30873 49722 17705 29762 48351 1981 40793 38853 23062 45509 41055 37761 2706 31479 42648 20619 3225 34564 27376 5685 22822 15483 12386 26398 33976 5279 36179 42660 36774 25611 40352 39764 16666 22288 42057 11786 1307 16408 46342 3508 28865 21568 6067 3396 36143 38528 25241 10821 26371 7123 6153 17191 8766 31996 44684 26149 13206 26694 20354 26878 8752 48237 7060 2495 43135 7298 25679 44819 711 24618 29670 41331 47093 608 15762 3254 35897 32953 28265 44659 25097 33241 40292 35213 32798 15243 6667 24657 7854 20081 35843 12564 32056 11883 28567 44374 30241 5584 27172 22327 13510 36855 43788 11248 12431 43890 44097 18169 17005 30682 7632 45549 22106 3670 11517 25334 16557 21480 41879 1917 9376 1480 24505 39508 7658 32207 25518 36997 16262 10676 12939 48235 38025 2593 23749 5963 21854 3581 23195 18189 34390 17925 8286 35893 33745 18651 22594 18666 1940 10051 30555 41542 8430 47584 16063 17113 48628 4867 3878 42645 49172 34680 38575 11140 33623 7091 18516 20374 17691 45714 47234 16238 28744 16693 9652 22011 43307 31190 13912 34077 42257 39908 6881 26442 14121 25411 633 16861 10662 3053 18435 35759 36604 38098 12448 22164 44038 12883 24394 36815 48220 17281 26139 19200 29382 37315 45753 14793 24060 22517 47060 47107 16165 28009 17169 20544 14341 41128 3301 44391 1038 1180 7071 32884 47315 38431 35373 31194 25135 49772 10042 13124 23358 47298 37155 1842 23899 25594 21420 5198 12824 2026 49245 31771 11766 13735 33110 27608 227 7605 44236 44921 3656 23893 25369 9986 20346 19583 31909 46027 45369 34935 48994 44701 17274 40575 10606 48674 11704 39601 5944 41064 33848 2743 8270 44872 1886 28989 43439 38042 20799 42097 46875 44977 46098 12268 49527 13717 43688 2830 24241 21404 1481 8769 15849 16273 20155 29261 16618 25121 46243 45287 24274 9155 21425 19662 9919 33670 25298 14480 15919 24987 36282 21726 33144 25730 24952 8190 22958 9234 12069 9562 9702 134 11205 34477 10144 32959 16871 29525 3789 38597 38383 2360 32732 15024 31272 31593 48027 34104 15651 36757 48035 15584 4653 18148 16785 3329 16093 17541 7943 3064 1404 15801 43659 24423 44891 49700 38692 11779 48680 12239 17453 18456 2603 26388 48514 41998 35978 9381 16781 35855 47869 14337 40184 4070 13922 9824 4803 3400 21665 23970 20327 18957 34247 26270 36221 32822 22040 46195 16453 28623 28529 11188 30415 5630 40253 15003 14767 48984 7545 19479 7439 46418 44208 49183 8265 20605 15819 18230 20943 43925 43921 43013 5288 38885 15606 7465 43709 43608 26147 34399 42146 33620 2015 7860 37779 34133 4122 9378 14084 46056 28301 25313 4358 46578 12404 20686 18846 10449 20545 4304 38263 1679 13017 28165 16487 38857 42880 41054 40116 4778 25327 8901 26340 4161 48815 2390 696 21970 20409 36455 27510 48274 14441 41864 36922 4026 43124 35969 12644 23625 1277 7569 9013 14171 39755 40234 37144 38286 45301 17065 6399 10482 47700 20728 8983 25142 9963 42485 32808 17821 1117 40695 35780 7452 43806 8394 48436 19916 20595 34766 37471 41917 8055 42838 23853 18842 34890 5888 17234 19052 27316 21352 21895 38606 13246 38222 11546 11196 25935 3394 16178 35648 27695 46615 34037 4443 32185 28154 48759 27977 6320 31041 20034 49082 10071 48500 15050 12416 28625 1753 16020 48817 30039 20106 5729 31679 22582 6264 11803 9139 9832 39718 42387 4336 27583 33461 35506 41159 44893 21843 4307 42047 39836 22306 45710 32674 11556 18153 45409 49299 13488 27274 39973 31352 41319 14898 49866 31546 20459 3474 39074 36918 23462 22347 17107 11535 33806 10168 18726 10977 26176 16837 30452 36330 541 24268 925 354 33090 31148 5095 8618 5581 757 24059 17054 38803 43052 4548 3108 3629 7738 16144 20958 23716 31338 756 46480 32643 9852 14673 49983 33114 7154 40070 15362 41089 42090 30539 37262 32392 48765 27273 48282 18684 34934 24481 19600 48386 20919 33759 40500 43813 27655 17744 48640 25361 24287 9316 31372 37118 17420 12997 25690 43520 4752 21211 37751 34071 44400 18204 15654 44385 29394 19924 9000 15897 40218 36549 32552 17952 37881 16267 32215 14750 5343 1571 27763 29613 24591 29104 24442 4279 18760 20562 40618 49789 1548 35042 23143 21158 21791 11134 15016 45642 6704 49916 14535 21361 24308 34102 20689 35398 12022 33462 31703 10327 47690 7832 7522 38440 39804 24734 2571 3811 4393 24526 4837 31290 44508 48880 33691 13384 8383 17596 19855 33956 7097 45600 42581 36485 41296 41529 22523 30547 16594 21184 25364 3595 12918 45950 42429 31418 5227 43778 9971 2259 26011 28614 38898 29543 4176 41629 21419 24940 39111 31281 11358 40717 29046 25605 9382 18742 31083 3852 20933 47401 49576 19009 13677 7423 39781 47432 17659 49052 32085 44121 33441 31081 48246 26900 2477 32275 47387 7812 23580 29064 7172 2231 44551 38038 17394 38733 4967 40143 27202 47395 8379 19792 26444 25100 11963 11064 7917 28248 45721 46551 9192 31965 48904 7389 36115 15993 36658 21154 39317 38956 12618 32711 48852 12200 35796 44943 16621 4823 4411 39263 5920 18034 3895 31437 47580 3809 14062 40503 24893 46549 25556 6164 31656 29707 27508 43756 47705 44432 42417 35327 22778 10036 30610 26519 44939 20461 4881 12648 11531 2445 22941 35918 1476 25936 25636 28503 16415 5788 7126 47074 1976 10668 10233 7946 13905 40957 5115 13576 4666 9050 32154 25237 2165 9672 41886 41866 16162 201 12675 45381 49763 18836 15485 3414 30370 12014 42948 9750 18799 37732 16068 473 2476 27678 40445 20312 6593 40945 11318 11139 9598 27532 43173 33572 40597 19735 38428 4647 38553 48471 31425 10851 28108 3276 25291 16624 36037 22747 13857 34447 38860 34417 8247 15025 13204 14317 11156 20755 29362 2538 47846 13831 22731 4022 38616 49106 31615 17866 11813 23480 19646 25435 3309 28514 7705 37880 43177 19367 12246 44705 49326 31457 16076 1241 13967 47178 43490 36858 40918 14483 30454 580 33752 31614 8874 17360 9797 43491 35402 41166 39646 30504 14599 26952 28686 3908 49181 32174 14052 30184 22408 29193 23427 8811 25726 29059 15537 26665 20378 42166 47257 48755 46641 16460 33898 24448 12392 14993 23414 37372 38753 35634 43274 45587 26217 49551 12696 41038 36162 43732 7862 9331 11569 4471 7794 26566 12405 30174 41896 1859 40478 31867 47518 20222 16686 44136 7531 13840 19146 40663 40398 19793 49737 10017 12610 37581 24407 14036 17096 36716 35073 12799 23234 30935 1436 15339 27994 11017 31138 1880 22570 37012 44284 21704 46884 10413 18219 4184 4165 47849 29919 40456 22422 23889 5632 21297 20144 912 39140 44012 33369 12895 17172 11977 36479 22912 3599 38699 27307 26859 41256 45160 15901 30646 24667 5747 6877 46693 47471 10593 29371 45715 7003 1119 17515 2226 32040 36882 30841 34323 30428 34676 6056 8556 14081 25873 22814 15844 18364 4363 12079 16119 6787 334 2175 41657 31724 30079 19351 26605 40439 17719 11162 36828 22660 9746 11548 46733 41242 42903 3587 44425 28689 48656 6017 23842 10038 41865 18167 9461 22754 36877 4195 35154 40970 32559 38224 10093 25806 4178 4689 6536 47438 28455 5490 24061 37922 3043 40522 31778 2380 41221 39037 23825 32518 29056 47272 3105 8038 27958 36137 26312 36405 31543 4160 13168 40612 5560 9890 19013 25914 3522 24884 11090 25774 26675 31380 21358 7041 9950 46150 20077 47240 20357 35235 27370 40379 29744 44610 27781 31640 35206 5902 16625 10082 26230 45132 15312 40682 6469 20862 28678 49515 43496 40953 34753 12577 6425 46339 8216 24095 40130 47286 16819 15068 11904 8731 30699 9242 43432 16278 14056 10198 46050 21005 11720 20347 38651 22604 46785 40186 33491 21582 35238 12153 14346 42363 13504 4971 943 27288 15390 25666 10835 44916 8346 18395 25741 47201 26570 35511 17752 8297 31648 22968 27227 37078 19626 39614 15364 25799 34831 44616 30611 26211 40044 38387 36400 21677 13255 6281 42706 20237 39107 16127 16186 9967 39923 19969 48797 4594 11339 35540 49747 18215 10007 48781 38779 41327 9264 28327 6355 23731 7977 43944 4077 36542 9992 7818 39610 41275 34433 4784 20310 714 49580 31773 25345 20098 447 17027 49166 26604 34022 20388 1622 45329 33873 4075 23715 17396 43136 34886 17737 9600 20961 9438 12141 47785 19048 38598 19985 20690 33103 12081 5503 10787 43960 10617 30975 46912 31059 38809 8598 37313 8841 21501 31476 27377 8762 42759 7059 6175 1468 42841 39165 37239 30216 18872 22592 30477 49660 29768 7446 22076 21345 6693 6871 41407 7726 37196 49043 13945 22139 27898 34169 1744 4213 3027 21658 28374 19518 28256 15542 14601 30803 44662 33200 25803 28172 39632 14502 1135 45998 20090 37877 15435 41303 9736 23214 6163 42772 41497 31602 2960 46851 37981 9398 25798 17010 10843 9161 30744 15217 9423 4164 27236 33977 4261 49252 34496 38301 16231 33194 11505 44818 48828 40284 2573 32799 34706 2230 5064 16210 30729 25520 2170 34474 41950 46776 6802 38243 15578 25290 9063 13726 48056 2574 7953 35539 47698 18917 38725 8773 40948 41212 22109 47470 29822 1285 37394 35762 49273 22464 8036 1066 33481 25362 5730 3689 48463 30707 33139 7002 14369 33889 32807 47827 29972 31357 37672 30200 7591 37511 29913 41582 34643 24373 42928 29509 23140 31577 47194 34820 8871 18929 43818 2062 35273 33020 20629 6878 49537 21599 22728 41815 43049 47271 28797 20682 33142 37289 25310 44843 42368 18035 48751 16787 35493 43331 29608 19005 38299 17148 28674 13986 45406 39700 44434 40410 21551 8157 32955 28386 47558 49980 628 31720 42545 26128 40289 2524 8489 13226 39630 9460 8201 43486 23025 42502 36467 24698 13649 38702 39389 43365 24741 18483 25228 42886 43043 37741 636 3132 1393 11754 13652 39465 47017 14256 2176 9591 42274 18604 26618 48253 8984 30755 25484 2682 23382 7492 36047 29851 42599 24899 15134 1950 2698 45724 25625 49349 7510 35312 12534 8637 40693 12430 46683 37597 26265 45323 48701 34321 19921 43649 43900 18490 28885 34834 23591 5865 40862 39345 43706 32696 49155 46806 11153 44982 44275 13903 42617 44404 8777 21077 35164 47659 42958 30842 45004 8596 14661 20508 28144 46684 18342 16015 48232 4597 8365 39026 6518 39641 38023 25136 45980 7475 31601 14590 27247 9803 3238 10875 11637 28669 49701 44564 36351 49449 35740 41446 1287 46264 9295 37186 29332 17957 10550 17964 15223 34982 17175 35775 37911 38907 36093 14311 37393 4303 21659 40492 23932 37510 29224 45626 16681 33961 31708 42516 30814 19130 38416 5423 18361 28655 25005 12712 8927 15358 2043 35136 30679 45077 10288 31163 18433 21913 27843 88 47337 12132 32092 18254 7761 20665 7516 1346 21905 8970 7548 13239 23300 36125 10902 23507 6335 6443 22781 20871 10455 28666 29080 5084 11768 13487 38424 7469 41255 3556 32251 10351 4629 41381 42175 7814 2096 40187 31323 317 26275 42597 33979 10073 27932 23969 33266 7535 9221 40971 44464 6928 18305 24027 46757 23284 12708 8019 17806 24181 42942 3982 29110 30179 26330 23862 35032 48871 2342 18904 25617 41525 2048 27509 46173 131 39705 34573 39987 7025 4864 20239 39075 4288 3543 21220 15190 12002 1640 11433 13410 41897 48707 43604 8160 27751 35816 19050 49338 43776 46289 11463 32633 30120 34145 8048 35007 37847 42173 25432 34246 4990 13445 6427 36005 21546 998 43975 1075 17907 12258 48860 14190 13816 21906 29887 31931 32924 49824 43746 16694 11013 19651 10380 3374 42930 9571 7297 17250 28747 9931 48747 45009 13647 35929 38276 19616 47946 23477 40584 24645 22097 25543 32615 20152 34105 21706 1973 20084 6832 17263 17558 5100 25945 10939 46197 47894 19500 31660 28017 8876 13171 1281 37890 37662 985 37360 31994 48215 36464 3417 49377 18797 36081 24452 41443 16237 49374 6158 43363 16110 30135 12512 18515 44182 7497 717 33925 1381 33630 26281 39432 11839 37114 49826 16241 26591 10483 11597 2548 24776 3724 13217 8043 34491 6245 46658 32361 16082 18220 18170 8763 33796 13186 47131 14529 13841 21363 40381 29891 22181 31313 8954 5706 11161 24390 33578 12026 17146 40024 30907 48216 31879 11885 27833 9213 8439 16370 26050 31387 48285 28967 44632 33107 23557 6688 45623 42106 38801 17276 49105 19763 10357 1146 8704 6724 43319 25742 29041 32889 22993 4419 11290 96 36921 48586 19991 2417 5998 24320 15159 4172 31126 4241 992 32511 19011 10754 7596 14753 46304 22634 28746 35980 17864 6817 16734 37850 21594 42202 1737 29721 8774 39846 16401 28343 45816 34053 20534 31671 35404 14193 31400 11694 25562 33954 6268 20478 48585 19707 23854 18346 40306 14586 8177 6746 11347 20471 48176 22649 28952 28095 39799 7664 33588 47618 13001 41580 39272 24271 24894 43725 16115 19783 23979 15998 21996 16570 30344 12850 9137 26600 12612 27629 13493 8995 18315 32290 24484 36550 15443 20754 47137 35623 4433 17873 16486 7928 41273 29071 9015 39674 14655 42594 19746 33291 44647 48819 6860 15773 47145 5695 16477 13309 35379 20364 5639 25322 21257 49732 3420 6703 26413 37108 31667 35857 47299 6740 13860 34461 18732 14110 25795 46596 20860 31442 15124 5098 14551 33180 19561 3359 25395 5287 10260 31401 16791 5192 25261 31453 32841 4773 23442 8279 29012 28315 35240 2575 30118 43855 13326 12521 26468 3728 31730 43522 29257 9214 39778 46698 35548 32662 34758 22379 27021 6622 13137 37045 40994 32815 12031 17514 37810 25860 45212 19556 40423 17153 5835 29922 8500 39445 6838 22384 28232 15988 37739 12181 8953 24217 43525 31103 24430 45589 30012 39017 13317 43905 759 46949 31639 38908 1765 2407 22507 49230 42036 17713 11321 41530 12384 7850 31064 3837 34180 17346 25724 28326 41357 31382 17882 20114 32424 26317 30172 47369 32607 4542 39935 11859 5880 10136 38492 24812 41366 26510 49832 16750 23768 4824 20783 4447 24977 12256 46324 17879 23061 43810 1614 28352 32681 28403 42783 37216 32691 31206 1414 41511 9272 37223 44674 18769 13231 27791 36505 8976 7781 23371 47196 635 49298 31723 7619 47675 14203 28295 38379 32712 23685 13280 49199 49080 4579 40192 49289 29350 29893 38621 49910 2308 21741 769 15088 11379 15054 12510 42084 46 25452 5050 39544 42505 22079 38142 20022 34007 39758 33010 49283 43804 19410 34837 43288 16958 38859 7084 4293 11291 25287 6550 17094 42618 6214 27520 32943 20794 48166 15071 19247 47966 24289 12291 18404 31790 28142 28076 25407 37148 23321 11401 33596 38346 45128 5570 25683 9502 12143 49557 13165 15369 44364 41108 31702 48485 31588 36708 43942 25924 22007 32005 45889 13156 27087 20331 32417 23790 7584 40213 46870 2414 49024 4302 1726 26451 44201 46772 41499 32212 18625 38808 6097 18983 46758 23531 31021 37950 1692 16348 34345 46922 10121 2298 15441 49755 15020 46183 36474 31024 25565 22978 12608 8896 40047 7529 38024 27590 41551 28844 31469 10272 16733 27413 13624 48694 4836 37708 17255 29183 31509 41749 44937 26262 11636 2998 34349 9742 3475 31756 18063 45312 39275 35046 9212 19387 41967 31589 9012 18943 48383 45398 31941 48807 30715 28300 27315 3040 41168 40394 26547 17404 42767 6243 23724 46604 11172 46903 44389 9196 16325 11319 25292 32720 3759 31924 18630 4381 15498 34195 29126 48753 15838 26054 45750 42932 47130 6276 30705 23097 27847 11082 33586 47986 33591 41246 28532 27672 18538 32610 17042 11684 20814 39210 46391 22452 19145 9856 21458 8118 31383 18652 3488 22130 37724 1505 35987 49112 29065 10990 20001 44500 46025 25939 24399 36639 30089 34059 5922 24662 23060 20320 29942 36421 9845 28024 8056 15131 43898 17391 16609 14038 30478 1294 29643 44997 24177 6156 18055 8805 25263 21961 35595 12592 6548 15169 22335 36303 40132 49307 12292 35805 2238 13904 12501 33716 6757 19733 2688 31791 36703 2938 228 45460 47775 41431 45472 34251 17438 14947 44447 7519 31610 33399 1394 7859 1760 30326 3289 4002 48497 41579 20580 45047 34688 35887 7573 17183 16340 5807 13833 33426 29848 33798 30889 13982 40315 9686 18589 2419 30424 19068 14660 33210 20761 16887 31849 23649 12326 11799 10903 23089 46017 6116 31874 32337 29162 19676 38228 20051 33985 44736 140 24018 15185 10986 19443 2100 2177 22423 5322 5235 10451 26279 22832 18703 28631 4920 25961 47815 44229 49870 42912 18306 1027 5825 30719 17376 46825 23817 27030 5461 7279 27498 40230 36249 35627 21381 22632 12653 44260 15523 43174 32051 43768 40729 41201 12756 22235 23548 6095 9708 42799 3686 3745 47279 20285 2689 16974 18067 28632 8006 43891 6212 11796 16499 19182 16788 45257 49815 438 22142 6970 45519 15892 23295 46071 2937 27088 36252 38030 32139 33207 38265 8392 26404 36148 12645 20060 34916 45024 25268 11931 38229 17143 32497 30011 46879 24945 4769 45015 46613 33931 46469 8968 25634 9362 45943 22012 1430 35397 13551 8404 11068 3838 29281 24017 25797 48824 10616 33953 21714 10130 27239 20875 23481 36725 32999 20980 14391 25067 30542 27168 27834 48114 27698 19330 2767 47425 32016 48752 11324 29429 48669 30292 40324 4310 19385 45376 25519 3941 35071 45602 10853 29160 26824 28659 32778 49260 30769 9160 18621 37727 19047 24171 911 45854 34485 39104 16963 32347 39303 20549 42439 44993 22697 3330 29777 10613 1851 29829 39256 47571 32690 23040 37658 24827 5102 38743 43383 24863 10426 4563 10709 32434 6114 43680 1687 8107 10081 18627 28208 29843 14994 36577 44448 45215 40659 49179 11015 14181 5368 16501 24747 41559 649 17180 31 36110 35423 45142 45804 2623 38429 23404 12329 2132 22428 43238 1092 43374 37297 10503 4221 26120 40545 22279 43258 6009 5517 11944 24404 11503 5187 42947 21589 16691 38626 42600 30951 43325 35048 35095 38711 21796 26093 13659 46336 3047 13294 382 26095 35551 12215 43699 49240 36444 27429 17868 41547 49419 26987 19370 7447 22090 39081 26200 28653 18243 19304 43987 8028 11194 16934 31057 4658 39918 26060 28010 22645 35879 3310 771 42642 30450 44431 20623 42425 9689 33771 33339 15948 19023 404 40138 37606 5833 15 689 30123 39003 9106 30436 1415 38856 16961 47774 10435 30134 49657 41213 18825 40506 34407 16755 42217 33404 13158 25065 23751 21823 45057 40721 19659 38047 16085 4724 2989 43183 27148 40603 28771 29324 2264 37813 49062 19757 24599 32622 7089 38525 15759 32660 8373 5746 29577 49000 793 9933 6411 14119 45412 43559 18875 18023 11902 25488 6926 38773 19284 48617 13789 34040 34249 35351 1247 40316 595 42122 13498 47388 35966 675 27480 47253 15326 40959 36732 6021 21280 33306 43254 35407 6567 28426 49938 17348 20740 3691 45120 18707 14349 23074 18981 16352 26769 19298 6893 36980 34561 3784 31393 14227 27931 38595 12992 9510 43477 44998 1389 24973 30139 48140 43000 5219 18115 42563 4086 12965 14205 35134 25632 4408 27389 5157 47341 20859 7659 9980 19430 16775 34494 29679 44423 10444 19829 31840 44817 19732 38819 27756 39172 45111 18717 46331 27306 45121 13603 12464 34865 27072 19025 6032 8414 18099 37572 20230 24635 17653 27249 43175 36048 19812 32043 1849 4316 24592 6494 22514 22833 18029 41708 8638 7190 41172 11771 5484 11890 7690 29298 35993 7449 2322 44833 2736 48476 22102 43831 1604 44475 27362 25139 3115 11975 5474 30854 22921 44933 35959 32679 24038 11873 3428 23142 8411 6204 48266 1272 6073 29504 42208 25614 3626 29317 47733 34773 37017 30051 12417 16676 25805 659 34567 47996 28331 8278 36982 21042 23627 47037 28714 49178 8488 41315 12057 20039 49907 18972 28593 1652 46976 20995 37244 11534 35722 12441 3929 41472 41248 25912 33385 21959 19067 441 16889 22898 9643 49157 20359 47507 41330 17584 19061 29293 29226 21917 16478 16698 40486 11948 39639 5663 47218 12777 6063 36527 14782 35675 23211 30282 15573 38608 23112 46210 14433 40552 2837 43207 32077 29164 35576 20714 46788 20968 44457 11117 34401 49589 43556 32945 45199 6570 26310 42975 32412 15561 27617 24847 39561 24557 14822 22278 27228 25085 25792 15387 46073 10782 40866 47238 5460 28992 48308 9541 8552 19523 13842 41944 45873 9597 14595 33714 33293 1499 23532 11289 42525 22292 2808 38266 47318 35491 41142 18166 40820 34162 1194 43372 17747 4347 39916 26269 14544 24104 46006 43002 22405 7171 25728 26852 37656 34465 47249 25708 37870 32858 10722 742 665 41881 33690 46635 18138 5675 7165 20634 22961 29145 13544 34952 949 8822 49311 33384 5058 32032 43567 17163 29360 11869 35713 38877 5637 11019 32783 21274 40961 48793 10956 48911 25090 49606 17519 31226 32370 46724 3998 11978 25989 32721 4617 37318 19015 44633 3742 27879 49364 44902 30273 39001 38739 42449 16414 39593 19453 9603 39500 3634 45427 24598 42139 39999 43462 20174 47344 41243 27397 20464 34141 19440 25909 33827 36664 36987 30684 4397 8069 24178 11481 31062 22564 18873 15909 29686 44747 9626 16067 818 14575 6564 13274 29680 11561 48520 601 29011 28240 40622 34915 26008 46313 49329 12775 22456 5124 48645 42232 41650 1028 13931 24518 10255 4398 18822 34167 10576 39550 5569 16957 27068 17804 33894 23696 40759 31390 45530 42237 27101 37251 4811 30534 49485 36565 43111 10728 25812 37949 43278 26410 15701 37171 21992 23405 27075 3869 46400 26806 9645 42107 13417 43638 47532 8892 1706 10139 35706 41859 34272 15896 13704 31346 48441 1197 34165 16977 48833 7250 7138 27493 49239 19978 8484 34799 4910 22852 44496 21969 47761 36023 48840 20558 24900 26642 42891 17831 27024 18747 49334 1915 27381 42565 29715 35321 6590 33259 41441 29426 38493 31122 40907 17585 46049 38464 44744 37468 16405 47623 32238 4746 15777 24163 28401 46550 8950 13530 9765 17066 9466 12678 8097 30760 42661 44289 29478 13074 43208 16433 19082 18160 38937 35851 301 9640 2182 47568 3899 1838 26479 46020 21225 25970 14148 45401 23951 37843 4571 44722 29109 25846 15507 34415 327 38941 37400 49837 26836 42657 13351 45742 32346 14574 7935 22616 34958 41068 31584 10485 38677 28964 22319 35939 46256 31568 33564 3799 5165 46483 39402 11383 5093 29787 5834 8124 1823 39144 20097 21586 27232 6774 25296 21601 12687 37344 45056 8138 45592 37582 45410 5117 45435 47091 21073 38657 18185 27131 48316 25295 22146 43250 10407 15458 48844 15997 40449 21861 27657 20853 19338 20132 31209 7056 11181 39162 38200 18416 7655 21699 37428 28634 37332 26198 20075 22416 45569 45445 37203 6990 24092 26188 55 3718 17716 6326 47863 22399 28145 30157 35792 10767 20798 18466 46175 45173 17560 16429 5770 31058 9815 20954 48507 4879 558 6358 35392 18959 24302 29714 26150 20940 30784 7472 18833 29673 4602 44751 32257 39881 48378 35945 24511 26506 18897 9678 21848 3797 4251 34444 18523 5357 37326 35637 46350 44650 15044 1370 3987 39400 41267 18933 437 42366 41827 5741 44823 188 49631 44919 15107 24193 14862 6325 21307 32566 32537 27405 31395 8037 39703 9653 35262 45156 30393 42145 9079 7432 21810 12578 28875 49339 30493 30612 11201 35252 4719 6190 31503 26122 9949 17134 47853 17618 23613 28491 14675 44622 25083 41822 45349 8972 30591 42370 29625 483 27200 21856 30972 43104 22006 40293 25459 21515 40436 38965 44232 34284 17430 16447 33639 20470 43750 5429 27705 8047 17338 29511 36615 39732 45178 5780 48792 29007 29711 37167 34412 47833 48795 14944 19207 23511 43704 18922 30894 11146 3628 14619 3063 36159 21490 13747 2124 24191 17503 32933 374 22442 19990 25920 49218 49350 18558 31883 6397 12148 17279 36195 23109 26963 35732 36945 24541 21112 29436 18173 30182 23733 7460 48584 46767 7557 45591 16732 20303 13030 1964 1293 18068 15412 24019 28254 12826 21968 29117 46189 32358 14003 16903 49999 2742 45146 12106 10996 49315 24735 24062 4980 42718 13600 8246 49067 29457 10928 48983 20113 27683 31025 25030 8377 5466 31800 26015 27063 7024 49998 3304 48545 44746 32235 12023 35585 6531 3191 30072 18564 46083 18751 44494 8348 5313 6655 33762 22224 28396 38842 42524 40587 16855 44453 14040 20576 21813 49192 7303 48670 586 19221 17930 48949 44542 5838 27771 3312 42514 35758 44439 41801 25463 9210 18853 47378 46465 12082 15283 3720 42547 31378 6654 32128 10897 33274 41638 27395 30433 24878 43534 9900 47173 19723 26345 401 47854 44216 11451 20915 48947 42123 27740 19834 19364 48149 40388 35501 44830 35877 9682 655 506 23668 28309 24033 8264 48813 46132 30925 26656 20150 31821 12569 24421 639 39067 11536 40444 1547 42264 5979 23085 20786 40892 34472 11118 9209 34166 43994 27577 24536 17339 37008 22032 9826 31248 30888 24306 8555 49441 16441 33326 44429 28106 40756 23593 3220 718 36924 5008 44904 26420 22303 34542 39966 38203 18913 7617 22943 46710 44319 35389 41119 14331 18423 37273 1035 2448 24389 17965 37598 13978 33511 6226 49829 32247 40343 29968 15053 25645 28484 15360 12259 29273 13524 3328 2319 22417 25029 16002 32242 43852 24572 41251 14094 23675 48928 22901 40799 28094 39347 42390 17869 35741 25208 21857 32979 6837 4054 26418 6379 4025 48255 32484 36512 32686 3933 27708 16953 5937 49120 10793 13085 43554 47472 34962 49412 41924 27988 49048 24487 44549 23896 39931 15385 18571 19817 4914 31413 14555 36972 48158 40916 12092 32213 27528 3954 42227 20266 5856 43799 46321 3531 8280 5972 47181 40112 11359 6263 40845 39672 13740 29552 43079 43870 1167 39909 48978 27853 13834 7471 44123 31420 19261 30247 28246 1766 29329 42094 48867 46956 40577 47216 18685 39164 27750 22670 23779 9282 19702 39858 30517 34508 33567 7467 4203 32188 13036 46245 32646 36339 34184 40356 21122 19841 48681 46028 16010 28356 29398 3020 44025 1383 16605 15147 47877 49796 39422 27635 8288 22092 21179 32744 32107 46553 48059 15206 42619 10618 3639 47964 28935 35100 11872 3277 38998 39984 24252 42779 42310 31830 27321 24429 47128 31995 45214 17975 13871 19622 8803 8349 39844 47832 32352 2320 20693 43345 23654 14718 27576 3991 44395 5605 3076 46216 7174 2297 29331 20419 20528 28366 20207 7821 39925 25384 25185 35004 32839 6177 47052 20172 33595 6773 4474 23921 4121 434 21392 6238 1039 26182 35180 49600 1318 46750 11960 45672 24188 4216 14078 43392 11512 24758 13936 44014 48437 38086 15237 23775 29666 24927 21701 38769 35237 15334 34664 42074 24137 42750 23018 12199 3565 44949 18987 44075 34438 14855 11394 26289 45799 49626 35486 30805 2738 1817 7582 3052 7842 12248 19492 13450 32003 8617 17739 32466 6022 29771 37444 43367 4476 16832 32264 34854 38934 26378 29195 45144 31998 10280 17462 14108 39281 15724 39528 15298 27517 8412 32831 11775 25075 17936 41346 43781 21852 29443 28212 6468 21331 43562 47219 1876 10356 2833 18832 40901 8862 19150 3029 17362 29620 27261 14724 4762 45524 45114 33063 22551 41874 36149 30483 47475 22669 48395 41039 27220 44696 28305 14114 28064 6227 25718 11354 23922 16669 44784 34998 28767 30593 31075 48756 46228 10792 32733 18874 42108 9717 26562 48234 31520 22679 31936 26678 46534 13402 32053 20197 14821 21560 28980 35172 14626 42798 36936 37567 18698 36991 11415 735 17319 27867 48673 3572 29990 36801 3683 44836 24472 48022 18478 30730 37547 32087 42857 35772 20024 24233 49809 22642 45241 18693 28704 45814 19961 34227 28468 34893 22995 2627 5971 15092 47503 33603 37797 20879 7120 43723 4960 43295 16066 33295 28355 40655 1085 40895 36068 43065 39543 14992 2615 21494 34334 4479 46278 2785 21227 40752 29920 6508 19109 19772 24477 2173 38646 14917 17583 45101 35538 39565 25148 47968 36816 3739 2313 34335 49490 33893 12245 17702 5855 9171 42936 23693 13356 22508 34832 24116 30853 36492 8898 28886 25722 6584 28670 5541 38043 19804 34128 32008 11155 22800 1472 40458 28406 1564 9517 29513 6820 28230 48733 22151 19010 7552 24496 48897 29367 1963 5700 14049 32740 12794 25669 19825 18499 8304 35002 28544 14891 15681 934 40428 2643 44738 18831 32811 45007 24221 40465 25374 29260 28311 29291 36214 41882 36584 38401 20900 28987 7562 30327 27378 30953 12472 467 5225 10942 33382 30702 32850 16533 37380 30256 13037 47595 6272 43505 16986 22647 39806 13262 7855 46670 48624 31213 4713 36338 7902 1248 15213 48290 1192 43236 34725 4146 15368 8728 16316 46012 25681 33023 5210 13702 39805 35091 30007 36895 8804 31878 18360 48615 41174 6089 36308 46420 6721 16013 21039 10566 40259 139 11608 1682 18812 23770 6585 10759 27956 31954 30985 48040 37417 35413 36280 43032 20288 11050 42844 8850 36543 22652 43675 6298 39702 1486 19796 35975 1064 10276 9663 18265 15775 42400 16577 46828 563 7947 22930 10530 37046 49274 7704 10656 45671 589 45484 29538 29698 23584 13814 2791 43480 2260 39882 8020 25821 1930 14368 19072 15357 20738 32376 6071 11422 33417 45136 45151 38960 32178 31164 44311 20254 35378 38255 11520 15922 20775 49876 26803 22982 42323 19984 44440 48318 28605 44149 3704 9731 31171 9356 48245 21807 32636 6470 25273 42359 11940 38609 4912 10556 25055 3223 31559 47163 5725 48706 12594 6052 45106 38871 2134 561 33775 17559 23287 31605 11439 24903 44143 17819 11582 38581 25499 45513 32677 3272 4664 34658 12890 32886 45143 32717 4060 3603 23343 36235 18725 46370 48418 6624 16593 5792 48151 2456 2757 41609 45772 3644 47204 48977 37434 39553 6450 30482 40430 5435 3787 30479 47948 10484 27026 1051 10947 18072 6223 41816 113 518 36176 24334 34274 47546 15038 25243 2583 5301 8734 23377 12551 23885 35012 17439 24386 15615 3434 33811 37086 25115 47534 34163 19456 41734 41852 12350 4457 36480 48492 3240 36033 6644 12446 18598 45856 23810 20599 280 10200 25363 48051 38741 15656 2483 23428 34205 4518 20525 4217 3222 36319 27557 38989 16134 36 42732 33562 41490 16037 27420 48766 33793 43042 15297 22463 18343 25882 38327 27006 5575 33610 16933 7140 39463 17527 40464 21415 49016 35284 38836 27390 3134 39897 19557 46591 48422 23695 19666 37158 11866 16346 41195 5854 4027 10715 49869 24608 16573 35337 982 49714 37958 48732 23954 27380 13407 1305 11252 24344 2956 30626 7661 17780 10208 15746 36594 37455 13120 9847 25829 18381 26542 44078 24876 47231 6500 15745 32598 42805 28723 32960 2861 1471 41350 34047 3593 45580 1295 40081 7637 22313 18979 28119 12711 44841 36749 27042 15193 23406 14554 25712 37192 35640 49336 167 39361 45654 11906 2359 15839 37094 28231 20256 4959 44297 18047 48008 22088 30328 42189 450 14085 15473 4157 35224 39786 43244 11210 34505 29186 49597 45678 1803 44168 40836 40009 44082 37172 8433 43651 25861 30807 35886 29533 44948 40888 13068 20370 6207 34928 15757 1176 47288 45295 15413 10210 45574 23929 5218 44369 39244 7083 21090 21935 35618 16475 10812 5256 43154 6244 47046 351 20640 3921 13691 22021 1651 33438 7242 33944 36822 38574 44218 38185 17698 23411 41505 2713 25551 7488 9791 26787 18046 8385 6713 40675 13768 44109 1833 45457 6835 10590 4319 8664 32769 44733 29058 36926 46774 15400 30749 39446 961 206 22385 22169 10797 36473 45629 29363 24478 46901 48975 30562 27244 41282 9419 2076 46783 25458 26981 35730 10993 31928 7045 38259 42804 37024 17676 21007 25131 16965 11382 1532 11972 7223 25619 27094 20467 31910 44676 17960 34840 14474 16777 4838 9723 5790 9744 16454 39682 18974 24084 1015 27175 19104 6619 32007 5547 273 20541 6805 41557 25787 44835 14923 33488 20430 5648 34100 13103 36619 30149 33071 49042 33415 41291 22831 45573 11078 12124 36867 27546 47138 46573 8985 28939 2154 2954 44714 4015 2030 3179 25850 37932 8351 22192 11524 44786 32782 25260 36513 2335 29068 7986 43617 36680 4526 24674 21883 28646 6896 28925 34924 35853 42196 23568 28555 14935 27542 17516 6938 17547 15128 30732 31071 32809 4141 32248 18139 29122 33454 44729 26181 43022 6131 19866 7416 16922 22491 24724 15340 43421 32543 39470 1918 27700 27519 4444 27713 45664 42030 42672 14218 5094 29820 7877 46319 6685 8169 18855 5404 5767 10717 29408 6055 23098 35717 28533 31242 43820 8100 22987 18327 24012 10997 15505 8457 2702 25476 46136 30219 38784 37227 26860 8189 5197 48203 6251 29383 34879 11129 16761 48805 9343 22603 19292 46251 39328 38931 3749 37041 43880 28606 47816 5190 18193 29105 28944 36629 35765 10950 31814 6 36135 27155 48517 35756 45752 40573 24125 25201 18032 32900 10824 20982 35931 22121 16891 45987 29766 31704 47228 39326 47467 21182 22360 27786 24305 20720 18741 20771 12114 17553 18681 42331 9092 21080 9734 7778 25977 6233 44806 46742 11910 12059 19879 44033 6851 10146 26808 40078 27003 16551 3973 3412 45192 3578 29192 44047 41519 23118 1531 3469 22618 49041 5330 35983 29171 41807 2723 16749 32613 14916 15731 39684 23717 35847 48157 38355 40441 26840 28916 5339 30253 49786 28534 6083 42976 2126 13518 40875 24462 35872 24983 28681 33278 16604 4192 13251 8517 4456 35961 43415 18921 15677 40566 44672 24644 521 14622 35852 41910 15944 38115 823 17668 2724 727 35266 28788 33061 31828 28662 4452 32198 10092 12968 10245 11216 44336 33416 37515 14795 47994 7163 24025 36847 33780 24845 39545 5244 5184 11480 27340 28250 11526 3957 3509 17948 15973 48906 8832 20996 9239 49547 29307 39877 48991 7717 34060 20822 38988 32455 17389 31322 33344 7893 43456 33855 46853 6424 3473 42882 3146 48525 16679 27282 3203 642 27279 36253 11075 49075 22412 1575 49133 4574 33310 19565 43635 13476 18335 10315 38110 13112 1526 13540 49727 9996 11545 29642 39023 7500 37375 45764 17607 6353 2592 9676 1678 33565 30569 20273 43736 48896 31907 37683 23123 26264 14326 8203 39592 48412 9838 217 23955 29351 23277 35649 26734 31950 29653 20757 25229 40644 3666 19156 28102 10932 13352 26266 5763 19144 35194 15518 46182 20216 49415 25481 18945 2194 31636 34930 18016 28724 34410 49108 25635 47749 49765 22947 21828 36566 43817 33084 24967 3694 18039 48165 6422 33159 45 31094 23011 6869 47399 43193 41838 36898 46761 15684 43305 48575 15035 34932 45188 24208 46416 30661 39803 49138 43361 8432 20574 16503 48458 22713 7651 20493 15450 43773 45171 4197 16868 35652 8465 21611 17660 17490 26989 11815 17275 15974 25439 10320 11723 18639 1702 39450 37337 43787 16176 39174 5660 15018 2884 31750 12882 4682 2859 12814 27690 45876 38742 9566 4551 34734 36072 36561 9261 33946 25595 41265 6047 26534 22598 14206 22828 19174 42987 15795 21230 8680 15269 698 23606 17927 46978 26397 29425 1941 24907 20585 27017 7151 1920 46138 6914 5989 16472 46117 30384 49931 38538 40442 43371 8975 14856 27385 38226 15575 16142 30623 11397 46826 2847 12683 11189 49122 37551 38683 14166 7052 1058 15653 43803 4017 19644 16823 8312 39013 49835 15716 7757 21574 9098 16709 10221 16150 48223 11672 11690 44370 8491 28901 11429 29626 45161 8759 15689 29339 14974 28249 17867 35256 15703 39311 25913 21012 40583 44291 43303 9195 17108 32317 25200 14744 4458 36956 16949 35590 47637 25096 5889 33351 26055 44678 34752 32697 14499 20353 33592 44555 30379 13836 1751 49458 1899 32108 27899 19155 48652 15875 20586 29856 17536 45060 12964 12928 25412 28436 27190 31363 16858 35271 39457 19530 19094 48907 6303 27057 39642 9152 35356 26928 24848 26493 43121 8956 29675 41272 32612 45796 27675 34584 37067 18276 25899 22538 31781 14225 6830 34557 46624 5040 28399 48816 26406 29423 19682 32695 3177 32263 40175 29672 24992 11494 32516 24537 32991 17782 22000 37286 47995 30703 7721 23424 40013 29484 1933 35846 795 7461 22726 23369 9577 14037 46191 49257 25190 29310 15403 17133 36458 17928 23697 36270 39243 9284 28731 16362 13029 10620 21963 31804 21106 35726 49249 13153 23859 45282 26035 36390 13220 1080 1196 37570 23309 25494 13343 1341 7051 45636 44307 42906 36904 2527 8372 4628 11174 38832 21349 31365 22481 30336 6634 43246 18869 34963 35754 43444 47768 794 25547 49845 45138 12387 7361 28672 41185 12760 8367 29614 12603 21175 46743 36941 9464 32062 3449 22480 3460 4567 8222 29405 1349 19703 16914 46616 29524 33920 42191 3112 9045 47719 7040 3601 18715 14635 3218 49327 23326 25401 49186 38275 42117 8671 45754 9281 7094 4387 28513 24808 41332 22727 23141 979 12038 47214 8716 28972 46667 3426 48686 31975 5997 15396 39233 12469 5643 38173 28482 24774 46885 8136 20584 1889 36533 24225 28559 20407 34568 32309 15876 12769 14882 27663 47797 23198 11572 48174 41933 48902 26316 44905 7103 25006 39699 21753 36760 14201 2481 47099 4760 12884 110 319 27742 28648 16511 28276 12457 48930 21233 17997 10714 29733 47851 35350 13889 30551 32244 12649 34538 27118 31432 32295 17327 18879 36836 29713 27819 7000 43591 47096 32692 10829 48941 33220 6294 12620 12988 34888 33162 10670 297 25197 3404 33731 23468 46751 15925 25340 13293 23828 24325 10384 17426 40521 38402 38938 1804 3916 5186 22864 6816 2160 25060 49044 45222 28660 32558 10501 44382 20520 5711 43933 20658 18759 19769 13589 42641 46297 13039 34960 4317 5555 40969 47777 399 4728 16653 16522 32859 36704 43128 24362 48075 13243 5688 6630 46893 26301 8861 44377 35135 9624 11707 42681 39717 4932 25668 7005 209 38230 29242 30009 9115 1492 46993 27116 30218 44727 39524 23176 39774 28027 12427 22095 12433 10543 34487 35494 15936 41962 13939 18521 26 17468 26499 39480 6307 40528 956 36182 43693 37162 32429 45851 9659 12806 1806 10282 40570 27121 3405 45805 37615 41386 43500 24583 7599 49779 3648 32642 16378 6639 26528 17923 9650 6966 16945 9035 34150 5172 23201 38351 35526 10681 31010 26153 42918 12865 14313 14371 33924 12724 14158 993 768 10489 1758 37657 43536 18601 1487 16870 26097 8929 36223 4859 29133 6349 8211 12908 1566 49215 12229 18500 43232 25697 27863 1514 29448 28334 15005 36666 2274 23351 2856 14309 42595 35049 23183 3395 45338 39963 13797 22479 19460 23576 23647 12876 35319 48893 3605 8419 683 1367 21821 13964 2329 28857 49971 45357 1331 38267 1777 12316 24323 49200 15513 24372 12166 31832 43759 42499 5027 29344 37742 7328 16135 34964 44490 48375 12423 16995 27013 34537 26386 34147 21380 19325 31330 36337 2450 35549 43103 4438 48496 10158 44539 1701 43495 31637 5572 18540 41502 48826 19036 30952 37061 41394 37692 27579 25781 27814 13108 48963 47048 24210 16804 285 43269 33377 407 42509 34042 34137 29233 12555 10174 36645 41885 46016 19833 6255 14912 24392 9271 35736 41288 29034 42713 1979 8126 27268 18021 33535 825 388 360 6807 16730 5579 16321 16710 21408 29453 47149 7724 29727 41203 30748 15884 41696 24145 14751 10842 39638 11391 42604 30064 24130 41590 25769 8115 25661 48622 38775 30316 38450 40357 35467 5180 32755 27547 45728 8707 30858 37353 3966 48460 9946 4298 38652 33506 22636 27851 42121 2935 16087 17572 34985 41861 23026 16432 41262 5230 46196 31893 32582 46425 839 4055 33423 39994 39714 13296 12677 49641 29096 29726 45521 1222 1191 16402 14699 45238 6237 36366 46399 49685 10034 21505 7100 21382 43565 26855 35653 11355 25393 47136 35492 38159 44863 26396 10267 45236 9028 37249 40274 17444 9512 20173 45670 41144 16054 29404 42281 1340 5918 15199 30869 24414 18399 12187 5185 30914 23006 5105 29810 25061 15305 22928 26984 36912 960 38271 40824 2431 21071 19303 49634 43742 44416 40880 45949 42019 43728 29555 44929 25819 9132 38399 5477 24093 45542 28933 44410 6176 5126 20290 12438 47649 18902 47067 11386 3389 20920 21040 35854 12698 47794 43857 19489 20264 34106 32120 41877 46495 46973 46807 4557 29719 707 6836 10409 17004 33487 8041 44219 9385 18449 28199 36119 9569 19450 312 17315 17523 25258 44910 37376 45339 36197 33388 47821 940 31099 747 2192 26750 23024 29278 17358 41891 28530 13295 7944 46089 3915 22042 38718 29582 875 31945 33901 7392 18859 12543 20141 20646 13915 1553 7961 20119 22827 975 220 26965 6610 28492 44870 45474 24663 18310 19672 36889 14211 1739 11101 25231 18212 11527 18488 2594 959 26908 26941 2756 3482 40137 36050 8634 47886 20604 18344 2894 13062 9183 4136 30150 22419 7244 9985 49942 27296 43815 43504 38034 5493 17792 25352 35874 6446 18307 48776 6134 24720 17363 36955 20012 41710 35800 20744 46265 10585 44135 9545 35889 19318 19463 36187 7300 22619 35537 43489 42849 12837 8008 33533 6013 29471 4883 31502 45559 29604 37221 902 29658 3343 35579 38373 20947 49578 16187 25514 21054 42922 4056 33410 28586 46429 26699 14318 27096 5024 3198 31131 19080 22085 5145 31196 41595 14825 47971 13908 40004 5307 40247 2981 20145 142 12451 20166 22696 1875 35449 14295 11424 8182 41362 7849 30193 12704 12006 31255 48080 10923 14701 2707 20697 2336 5164 22094 18614 42116 27345 10511 32332 28627 5212 37883 16373 13497 49753 28537 37179 36745 19533 23207 40411 381 23430 7255 45595 22924 11227 44957 39969 39595 28773 41685 38151 20767 17385 43362 7652 49241 38421 17142 38231 11309 47276 18418 32372 30306 42709 3246 31247 47787 22761 4021 16589 2761 25559 38319 25723 9776 6778 48394 12695 12755 36693 15576 34767 17848 38582 24486 5232 26154 5618 3397 35063 7831 18128 34292 38707 32272 43445 48671 30257 22555 46058 49733 31948 9334 14345 14255 11530 48182 4264 13098 35426 39452 25657 7801 22907 40354 3367 19543 47792 45454 31337 42004 38084 21464 34289 16462 18434 19008 36752 2653 12 27901 28304 25091 6014 39590 44545 37747 42503 29622 2746 34703 43472 16005 28528 27835 30160 14873 34906 31111 49259 41434 11862 14639 8859 19467 37265 27157 34754 18682 23608 1606 42659 9489 26344 40691 28005 16265 11184 35346 46402 30910 27989 27967 23706 25105 36746 581 49611 41228 1284 9047 34252 5813 43227 1636 10494 36670 14428 39479 6663 6821 13627 14877 31291 25485 26068 27661 20248 48740 20253 31303 28430 3737 6769 34523 459 2129 47538 29735 26328 46611 12021 1503 42054 6558 18042 26107 34023 42746 336 34798 48580 5430 3162 41025 10753 6018 26976 3332 43073 29008 13130 42819 49460 47548 27280 15233 7327 1574 38249 6220 49128 28395 24669 10856 49077 23710 49275 16636 33526 37576 10649 5147 6810 26099 16485 11501 23038 15313 26667 37587 815 43954 40737 6981 49957 8581 25626 34127 45906 22039 17677 10908 18394 48868 9669 28218 27728 21234 30969 18194 28434 33447 45479 17302 21081 40270 3729 20934 27485 15226 37305 37918 46707 41463 48043 40563 35573 37295 7964 17375 23744 47917 38958 10391 7675 25174 18282 14781 35818 5681 32597 30446 18487 40565 2869 41478 47579 13667 6078 32116 5247 8696 9984 23392 6080 19605 672 36777 6737 9226 24744 32676 45958 32975 22123 49773 945 24517 11643 21483 30429 38122 7903 10529 31725 24627 15705 342 8745 32374 16598 29889 24408 34849 19062 17856 44002 12277 32175 36401 32476 29770 45377 32940 14556 41981 32606 20572 38839 24570 39335 6140 46234 19894 40962 6115 261 11626 23700 28693 13823 29624 30887 2920 37715 12690 36257 23333 6894 48366 17060 34156 26614 10872 18446 33122 31396 43945 43130 2841 36217 20086 22707 22557 5087 11605 49335 17223 39458 29120 12257 48259 16374 35768 33702 5816 35147 4780 17845 38261 10598 5806 26722 864 3019 7876 877 36821 39438 39196 18468 44295 27543 10573 34278 49358 45263 15464 27283 9732 32656 42051 19139 34853 26460 20010 42180 49481 26137 4034 12351 7006 49667 6797 47461 28424 9322 31151 32737 45292 48982 13350 7998 39624 36451 712 5810 40654 34035 34507 9998 19438 11187 37212 45673 3847 3711 6734 43673 928 23949 8013 5561 31191 14188 34803 49501 30190 17761 40638 39336 40040 30566 11500 41759 29883 47527 36384 47707 18678 7807 21633 23640 49318 11044 22386 3969 42817 18518 17095 2474 47058 1338 1921 18482 47514 3822 31698 5451 33776 6846 8495 16941 29076 3544 16033 31746 41686 33598 41548 3338 10291 21343 20277 37997 18597 46396 17038 13057 17373 32268 7443 43749 16519 30798 13019 19975 4961 23856 22404 32067 17501 37267 14389 41560 17197 31271 41758 35720 11820 42125 21351 17938 30701 47221 25130 10725 15625 17885 10750 15829 21967 19027 45777 13828 8569 29738 37129 11274 19111 45523 15680 2443 22841 45492 6287 47435 14561 5123 33413 19700 41635 18585 44709 17117 43650 49987 45740 3261 29572 38459 35377 2001 26809 18823 45797 34578 29703 12206 29027 29612 48115 38876 25907 15460 373 7371 20564 9208 42578 29377 26742 45305 48118 22190 45062 17307 24947 22108 38044 33069 39456 47663 43485 40733 25394 38761 12319 36088 32813 11915 43876 22765 2362 35183 35122 8356 36289 34362 11875 6889 31792 33173 24294 25649 34755 24020 12304 451 20196 12220 47156 34984 1697 8948 28644 31616 44437 2578 9556 34530 27177 49255 4032 44669 8858 40735 45947 37585 19053 26196 18857 36711 9335 7434 32592 37636 1800 8540 33379 13629 18955 35084 28220 22999 15411 12699 21654 15415 14162 3744 33826 31634 26073 35432 7913 42671 35118 28841 8992 35795 8007 14687 1453 39770 27621 28140 36600 28188 28834 43226 28876 3764 18878 3877 30305 31598 2088 39073 40788 20427 42129 27636 42414 48953 40416 37398 32626 35708 9679 12517 32395 18165 10350 27046 45086 41268 30779 1377 49073 20125 25573 44543 6317 34741 800 25180 18392 11372 4396 32948 7017 44512 47371 31738 7575 42404 26438 30743 442 4635 16334 5308 29971 10030 7553 23725 27351 29803 41581 12279 19653 17793 25297 19638 1238 43587 31852 3997 16532 20956 11271 45985 25106 22253 31455 29455 31721 42075 28895 42204 29651 29688 3208 39978 23485 16633 19328 1104 31604 6922 8302 8627 27117 32750 45604 25183 5537 22295 13584 28726 31200 49666 34937 7968 21044 9090 40448 34396 25837 27929 320 28217 21623 48451 32218 41417 19352 22285 2085 49397 26826 10428 30067 46065 4972 34835 30675 46099 23691 48811 21344 34908 49103 262 12971 17298 39657 42835 42811 5903 48119 22897 45025 47339 27464 49071 48562 28782 24242 1587 45075 34647 26842 6242 24393 17529 34424 11712 22178 27928 3072 21001 8154 34601 36817 20872 26896 49487 17846 5326 17048 42419 20131 47631 22725 27266 28235 34855 9140 30132 32665 38530 1334 6102 49216 39010 4401 27921 11175 29977 9083 36196 21109 3350 43157 19787 4554 2913 2877 35936 11428 23867 36439 18233 11085 14568 17522 46338 21241 18396 18539 38309 158 12093 24186 26204 15204 43579 25309 11023 5751 30949 48548 48145 33883 26807 29603 19088 38815 12782 37819 9418 37169 6091 6381 14101 2333 23563 44574 11953 37034 13414 22112 21486 45186 5086 37845 30417 12616 2410 18076 45500 17416 15067 23673 343 7224 11550 14325 14505 34045 21294 29872 46253 43873 19932 26118 25116 46799 3243 47802 10436 49254 8467 20492 47598 37043 46895 6456 46896 31123 23409 46541 11927 22487 32797 9685 32869 25842 37191 21685 38824 31555 11837 1840 27051 7153 7974 13927 19256 4370 25793 11483 15520 40574 19914 48524 34073 999 5714 7951 35380 25053 44132 35868 16091 30770 16152 30556 38268 18056 36151 22825 41154 24929 2604 42298 30167 8084 11022 49444 40097 39617 42834 35325 31072 36655 4052 14089 13822 40395 1735 26916 45059 42087 22010 21155 41363 11016 31120 21103 15453 33087 25580 1909 11564 6039 5875 13284 25969 27451 11599 45169 29752 18686 30084 17300 42164 47255 38170 10673 37977 7050 12243 20418 35408 23010 4507 24391 8713 2363 41475 16422 31302 38955 37252 1007 11072 36952 5070 45053 37993 23679 8170 18687 5069 44263 29783 46581 24288 7246 36098 23858 19536 13885 9550 244 34531 41684 22262 41920 35558 6751 36326 49007 21405 14870 11918 33040 38978 37365 5659 28995 651 18504 2372 9393 43572 40276 13767 4995 4982 22627 49569 39273 48841 23878 8619 9446 19953 34405 5275 3180 41603 27551 38662 3384 13819 45601 2955 3785 5363 14486 32527 40323 24135 15620 29772 15754 29467 528 17115 3252 5973 29420 24780 37611 19827 32584 37467 20917 17730 152 21873 47720 28179 4683 16089 13311 29573 8449 44882 38911 10367 43071 44548 4163 8912 20063 39055 4589 28512 29446 27331 7598 37790 19987 1624 8528 37367 49751 14236 47110 20246 2740 45916 44298 32664 21646 16004 35523 23335 44103 39351 36301 15668 29654 9788 1440 49126 28127 26697 39398 8717 10005 20726 33074 25548 41818 4252 38573 2386 33571 41053 91 31397 48446 1596 14204 37702 31606 9999 8410 19724 34239 40765 41515 436 13635 42168 3323 31344 35866 40883 29053 4273 12369 20488 37415 38567 20797 12015 40105 39829 17561 37975 31483 15871 39721 26304 23743 34627 17216 28626 35230 15489 43053 24363 29949 37962 38957 18222 26203 27565 16059 22322 15406 29934 4652 29049 23200 4283 17604 3491 37446 10206 25506 15699 20494 3568 38930 37036 22457 18755 6085 4819 3519 3048 37294 26252 3486 22093 31080 1938 544 1980 21991 19290 6795 34469 29544 29560 36998 22300 10713 18179 9991 39396 7296 9938 21647 29960 43237 48256 43691 11269 32722 16248 30751 43881 35439 24009 26992 14579 18213 19390 6886 18694 23328 27734 24820 11030 18366 1217 42589 40589 33917 24146 30437 41771 32382 33439 13830 38107 25788 2400 13657 40803 25084 44565 23056 6798 24124 27406 5953 7363 3563 15395 7525 9168 5456 47370 25365 42587 30093 47562 41279 38794 35299 40125 1928 13022 33987 19305 47887 34241 16171 49193 10811 10481 45198 34772 7796 33386 20791 8259 8070 46904 14329 19550 18453 1656 7116 45828 6560 10401 10440 32232 44881 4162 40025 2391 3732 33980 43494 4826 21892 8167 42300 10886 9268 39580 40831 21432 679 6537 7210 15572 873 14714 20963 15676 41114 5873 20318 32379 46448 37063 13670 34598 44761 12921 33246 24307 10010 46543 49713 44107 20716 35698 46929 20593 18323 9876 8689 5658 22316 34295 32906 21871 16740 39388 34124 21812 18238 22227 35791 22013 4036 28098 6540 39955 5076 1052 2985 19935 18840 21176 9748 40190 14117 43333 46113 1215 3026 17779 28546 49069 43109 5261 30062 4009 7077 40598 7436 48798 41081 41731 2777 15817 22953 11071 21396 6321 19642 13923 39784 44523 7027 844 28727 47511 34039 10468 5178 23657 2838 42498 6138 3972 10814 34353 12723 948 24869 5028 47834 41553 11259 18341 23329 4550 15500 38304 47312 39020 20800 35331 33157 39170 25760 44502 23169 22373 23444 24577 29040 34172 32751 18374 9526 42691 17446 24753 41824 8867 722 6011 2936 29204 29352 33174 38996 6766 22409 23320 26958 22552 30531 46625 49798 20088 46004 4854 27150 878 45421 31133 35998 6194 44915 9103 34244 43100 27735 15407 25751 19116 20566 37125 12437 26899 29704 35401 27774 9741 3121 22505 35679 29472 3014 20400 15032 40616 42743 35201 45205 3571 11283 18556 40865 40705 37712 17074 30696 45662 38210 31251 26485 10177 23081 43970 23082 40076 49263 25255 44671 26837 28203 15527 7319 1579 19473 31501 9399 44686 40694 39040 29938 19861 24134 215 18958 34514 24596 47646 6361 37680 48449 30441 46889 24975 48773 15120 47358 3368 26405 24087 42462 7324 20105 16071 12960 40787 27829 42939 239 27251 27616 2115 17232 328 45318 34448 7824 41747 681 2802 36908 33317 45058 42473 24244 45650 14875 19579 49046 9839 6943 49687 35352 10629 49246 48382 48851 40177 4285 16313 40541 42810 16263 10223 44247 5444 26243 27151 21886 22553 29732 20298 35808 35508 33303 17277 35602 3984 25847 46162 18409 38501 6895 39348 30976 23144 28656 8192 18275 11755 48553 10518 20477 39358 38278 28698 30830 20057 12188 18358 45597 26632 29925 23336 15389 3800 4863 11955 36067 8722 38223 18117 22061 15593 6132 29941 12086 14755 5274 28255 10690 16343 15263 36368 13701 13104 5945 10008 33687 13161 21160 26502 46452 37920 23737 34656 14698 2389 42720 14296 4796 45230 13470 19426 33092 46257 31444 13007 42431 35096 4584 5830 1720 23719 43767 27305 25178 22334 21383 5765 11877 23909 14539 10359 39167 16123 18603 25675 31221 967 21373 20863 3311 42348 48380 28595 41229 27414 18277 13254 39004 8239 11748 24837 4754 33740 27572 44532 14506 1212 5995 48343 35770 27491 11509 41419 49858 16389 32515 34109 35443 12599 20038 315 45433 46526 17802 19083 33049 27383 27913 30041 46858 39855 47553 23559 47250 19652 12680 32070 30488 28205 19678 37014 5736 9857 48044 36038 18384 30458 31925 14068 40326 345 49900 35700 45451 8852 10308 43695 6964 48918 29083 4687 41975 2834 15007 2647 7144 3748 45280 5149 48969 4534 35269 6218 37938 45240 36841 36291 9818 48361 18221 43378 41868 4612 7276 1224 45761 25887 43051 8806 28725 12980 15083 46860 1625 16272 10588 33290 11747 16727 45733 35081 46211 15540 34552 45986 23933 4297 11417 42721 44748 41138 36750 41071 20608 4073 12352 5841 36599 23274 24731 29823 46456 36472 13739 25155 12768 9504 12033 28030 36874 35934 6968 31160 30142 5353 42137 40965 14659 749 9260 11220 39748 20191 2572 34836 30529 10985 182 24445 48980 23273 48650 11375 9402 24461 8002 26482 2729 32843 15580 19483 11241 48163 8114 37929 22886 4263 32917 6196 49032 32761 7920 23585 10328 34545 12661 34373 47517 45774 30627 36650 37580 19175 48823 23939 45130 15293 37766 5505 2824 13825 10330 25966 41035 31796 1455 39201 7082 25865 45557 37090 5449 48552 3858 6430 42989 45784 12561 30833 34838 37604 23471 13081 25523 34811 11934 40782 34923 48435 31807 17053 31544 15781 37789 30673 4857 39566 5229 18091 24997 10657 43922 25382 17498 18251 576 34159 24474 28912 2804 44811 2304 46072 35563 3912 39547 16831 33957 45791 43087 17126 6605 11329 42406 18497 33067 32105 9684 19507 20891 20043 15715 48094 27496 23785 46869 3950 35776 9270 8370 12095 3983 21775 40814 32342 30638 31825 29852 28285 9278 43634 25319 39295 47327 22911 24424 6647 47021 16948 25445 38291 5047 27354 49382 20923 22910 7870 22259 4378 28961 3769 42596 15230 7856 3442 20138 38785 8735 45346 3385 36399 47198 34716 4738 6689 16515 49825 36171 17015 3391 46950 1520 1445 6193 22549 26938 48763 49553 44226 6373 15158 40279 35075 4956 6659 27505 6580 22885 8854 35955 3968 16064 19542 41013 25540 35797 32828 8559 10153 8529 9411 13490 13016 5359 14459 12308 45294 23212 38755 11783 26061 2988 15013 10702 10411 32197 21949 46519 37127 2611 17693 19547 5408 37509 43940 44043 42058 23917 3561 32774 38017 19851 21496 30633 33258 2942 28993 44100 26142 37925 29018 38425 27314 41073 738 41372 49026 5272 38744 47367 45668 13061 417 37987 2123 34778 2986 43904 4384 9480 13697 21844 8150 44603 5943 40564 14658 45022 2060 17176 36637 17672 38033 3466 19963 38585 9449 15000 49510 9388 35721 24937 21181 17369 17811 6635 46322 8668 16502 3512 24248 43540 668 4023 34310 752 35692 2340 17408 29169 12110 26369 37666 35424 27628 43473 9634 16216 12570 22240 43306 19814 20333 3733 42564 46640 2321 17729 25502 2198 28195 42459 45899 45313 42399 29201 34175 28418 4312 41324 22648 24483 30314 31035 1541 34641 10874 24160 43162 13621 40198 38922 29086 15831 854 36166 8339 18108 11798 3122 9558 38882 17623 9763 31207 49391 4488 36626 10881 2809 48861 20948 36804 2528 19964 47390 45758 24285 11284 25926 74 36327 32206 26467 5976 32312 15202 44141 4131 41012 4690 1693 24122 12502 29978 14826 11409 42966 22056 32163 21559 23794 46431 17620 44897 38535 36031 49696 35464 26166 18382 6627 23629 2046 31902 34644 2585 20238 6764 20495 42352 43507 43024 45314 37168 48791 8792 22666 39442 34148 21368 9544 6119 4684 17778 44280 21193 14420 22266 12615 3855 26821 22520 1667 1634 44605 43872 19362 19401 10416 20289 9814 17736 16309 3752 22515 24519 23370 26647 11367 41094 33751 28053 8692 4722 13424 47540 9658 41247 47622 1187 37206 30515 41937 6730 21774 35532 44868 4104 32415 42568 25193 40188 35559 8853 1384 26426 11458 15712 11048 16196 46269 31917 42761 32221 548 10028 44772 35150 6994 19039 5759 22568 39584 29598 21474 31197 12032 1850 15152 20870 47530 3995 4343 18786 42590 30778 30220 42588 12436 30694 22331 6975 11921 20079 26255 21302 17412 16403 10898 11525 8615 46787 28381 18357 5388 17368 16011 35790 26550 21519 46047 28257 5138 9029 19522 37256 3459 18081 199 30970 30678 10077 15917 40933 24277 15503 2125 1061 1962 46797 26521 18801 42526 28675 15857 4000 6788 26939 46284 44593 27167 8522 23687 34493 29550 6755 13360 19177 47324 15899 16917 12627 6049 19775 6791 36331 19986 34620 669 46328 44474 29764 12500 47171 16608 36483 39448 8071 46353 5380 27578 42871 33272 8133 42840 28274 23534 24432 27844 49748 43046 35923 26677 26853 900 43151 23694 4568 28206 36498 41074 10732 24991 39865 11865 14991 536 38462 38991 12434 13969 38260 15605 6280 44059 6804 5858 4284 31729 25761 45299 32675 1540 43606 44198 46330 13891 11226 21048 30863 37637 1550 34990 46439 9761 16856 26119 12177 46108 24769 23801 36899 7359 27564 24067 35045 7008 23431 43879 10358 9720 19163 13555 45992 43696 15221 4758 9080 33758 27935 44037 24874 23910 13234 33928 48920 15398 31548 40034 20287 48371 2728 4831 12445 8595 33424 17062 47147 8693 29570 5795 19340 30845 9573 31428 7915 5901 39961 35826 13093 21744 6466 49091 6553 45807 31877 30832 39363 15408 5045 43201 11473 44154 8206 45048 8021 2793 18129 39854 23876 27836 16247 30506 17154 7997 43195 4875 13024 43552 43214 33265 26014 36587 5988 22869 43988 13880 45973 21713 19171 9583 29647 18207 37479 33048 42314 47636 46403 743 3500 41954 46669 9516 43641 3279 31208 31091 39359 10095 17796 33895 15732 46911 8643 31402 1362 16116 8847 22969 27437 23483 39687 11743 48577 6918 5911 18602 30722 23748 30460 39118 9901 954 24605 22118 35057 15225 29587 24295 40689 42968 42395 10160 7784 40447 14646 22991 25601 17041 48228 15015 21180 7827 2446 16092 19173 24333 9224 1978 37419 46147 13533 7337 806 40738 33400 29356 7507 36471 31233 13896 4636 12727 34543 37077 43588 36020 31121 4308 23256 30286 42954 21735 1036 12951 38113 17483 11469 32496 20428 12499 36966 9141 5727 46739 7616 15853 2520 6903 9997 7421 33510 1072 35981 13728 8024 37804 31937 47940 10070 30813 20831 38130 697 27731 16743 30121 18851 36744 33574 24204 28691 10803 27555 1841 6120 34652 29250 15624 28568 25153 481 46472 871 2435 9932 21516 27495 43597 35130 36959 37486 19906 47121 9487 8316 32709 7391 21709 21465 30295 8200 22755 28266 18968 21325 32200 41707 17342 10271 33736 37001 32034 21754 46833 14783 33143 1062 27475 43947 321 37440 26160 10152 14215 34466 27265 42466 9444 23177 32827 845 2852 14853 13393 22027 32081 18196 9846 19721 3233 3652 40960 21870 20070 24263 1543 27639 7965 33145 1734 31848 29376 39419 25437 19239 23628 40294 22579 38186 41675 3698 14776 35580 11459 23415 23383 46082 38452 38754 32887 26849 26616 32506 32452 34488 28497 18393 41230 1865 16983 43197 41871 17229 1645 21573 2805 38360 36260 1657 17840 47184 1144 27912 5527 49803 1107 19345 33913 41829 42867 32420 1026 21716 1869 41943 45264 45439 31528 15617 44489 45291 34051 21619 31557 31964 37316 15913 1467 15864 26794 40286 39667 32258 1209 6216 4083 20598 43341 18545 7777 32191 19183 43478 41895 12415 19863 2662 1795 46790 46721 12663 18406 37913 16104 34717 30812 45331 4334 38129 29303 10971 37995 49538 7901 36184 13820 7514 36371 30380 49399 39629 38220 15430 35699 24819 1710 2110 24939 31217 610 18764 23972 14271 32002 6315 38364 25934 564 45450 27335 42511 45518 2337 43885 35215 11461 5318 42629 26307 48511 45089 48112 47621 45386 2693 8337 17283 36954 27640 18460 36709 23046 6535 42275 39362 49110 6104 31985 48854 46223 42973 38006 45885 7660 11760 8935 40923 39598 13628 36060 37607 40648 49337 9463 24763 48092 1549 41908 15388 16397 28018 28046 36198 13462 15085 8783 46898 26585 30717 37255 19366 5942 7167 10457 226 8672 46185 35166 46589 20110 18375 32575 43906 7367 49291 28023 16759 8609 36607 6359 15975 12048 28862 31632 22320 1162 6809 2090 48870 36495 27162 41140 21799 39529 16852 618 406 28817 14533 19883 21832 45423 16867 16050 3194 30898 3497 14160 23645 37137 3452 14642 7131 538 2042 32277 44953 37654 41963 34218 44271 12107 46305 32565 20381 9962 1643 38539 43636 17683 37935 47805 47376 5809 41085 36443 27743 9291 32932 32786 11438 10091 20587 30440 24915 46829 48172 16620 18135 48697 18628 23354 45211 6249 12018 8431 43326 7884 21555 43291 40367 1079 6484 46428 23616 46627 20617 47225 33502 15574 30288 22034 31646 3758 15314 23823 19038 12129 2174 8237 1303 24942 15670 1762 45609 971 13361 46398 44951 46130 46713 13386 35545 21277 12111 29939 36389 30781 4605 11647 2398 13517 40674 8299 43974 23495 46657 32234 1673 38095 43259 6888 34894 38257 29388 8146 45147 31980 27431 46689 12456 24660 3109 3314 32377 15459 7626 5012 39635 730 31464 19202 8217 3487 27195 3167 47206 22984 24149 40849 44912 30485 20502 18040 16583 45218 33255 21337 39712 49220 40332 21290 39511 18472 47380 3926 13468 13373 22272 35114 7010 28039 141 47565 12336 16512 12232 43748 40110 42034 8543 4063 39567 36085 23820 10901 16225 26880 26865 47842 9062 27235 11701 44767 7744 10161 29154 22513 3087 32645 855 16200 11198 46404 32079 18387 3351 19106 32816 5153 35657 31527 32422 19149 22835 45719 38465 2257 11976 18924 39807 34572 20653 26407 6229 20279 27612 2882 25271 11115 8456 8322 19205 5546 17248 27365 10675 35850 18553 11135 48123 46379 12784 45660 20066 42863 23440 7558 37548 5982 7043 49528 42276 12830 27558 18941 37537 9180 2033 47289 48415 22413 25434 4576 49808 5395 44131 15493 20014 15627 44110 32788 31050 40035 29075 12496 15219 21341 15941 49378 43668 1895 693 17033 30959 9578 41253 24813 46298 45572 13987 22236 9110 32435 12516 34976 21979 8994 31537 21339 6126 16349 47803 46997 16051 48076 4827 46605 32753 12927 44049 12929 35828 42631 21914 21789 10830 36044 36335 17657 6060 27581 40905 32512 29301 7314 45869 28617 8059 24567 49608 43828 32480 10892 6195 40745 39833 35302 22862 22365 39490 44093 4978 39228 42299 26466 11288 14174 49116 791 33030 24379 38448 18680 9166 24360 29584 23086 29322 30752 23381 42801 38467 9215 9174 17195 48837 3925 42126 12923 45527 49384 965 12365 40926 35017 14082 9941 39240 23491 1159 47974 2373 12905 20434 16079 18821 48339 30017 26633 8997 25746 17774 40451 24970 24696 14445 4616 19907 29221 22793 43437 18441 41898 6911 2209 29514 46397 38910 26075 19181 44165 3641 29731 24377 27684 4194 34993 602 3843 9635 41654 20268 30126 23285 42252 6306 11094 15491 13198 18502 23108 38740 42909 33949 35662 12694 48096 49550 2612 17842 2228 13653 2650 42781 45529 49403 29886 13780 9546 35496 48194 42017 26509 10773 26960 33483 43184 45729 11700 2185 2992 34005 29130 41784 15886 36919 23094 49981 7839 25167 46945 48276 33184 45103 34450 9269 29167 35145 35366 38951 46422 6843 48359 47667 18202 37368 24206 31940 10667 45870 40726 42983 14903 2599 29878 10582 35968 29760 28557 39423 24249 21593 37670 15658 4468 6308 48898 42115 46648 1128 27866 36147 10240 20441 24650 38846 17056 21535 15890 22206 44057 30884 26930 14897 48539 3125 27295 20672 15906 42279 10800 13583 17121 45034 36503 21825 27398 41200 18638 2939 40313 37974 10899 3437 25181 22073 23549 19728 5578 22209 19784 8977 18989 23051 30308 4871 6913 29357 17347 32830 39334 11633 31410 16773 19384 21554 1365 5756 47660 2640 37470 36541 43677 22759 12383 19482 36026 9142 45459 31860 42493 10306 4044 8131 38634 33984 16203 3808 19610 10220 1904 13404 6576 40210 3168 24232 45490 9995 47437 26904 40804 39830 40499 14925 11070 47701 16715 42921 42613 44991 6038 20676 38932 43284 45254 597 35300 44265 26679 37057 9259 42326 35241 10555 29523 5845 27673 32836 30836 48802 12047 25037 45874 35507 19562 14417 40407 46410 4649 40224 26125 7179 13448 48970 42477 43578 38771 30527 3625 26812 11961 39954 26909 17841 28335 9874 38717 20193 22132 31188 3147 13406 238 45217 35611 16574 46271 12665 46505 26717 33349 38160 21162 46849 26790 14933 12063 39077 33700 30091 48606 40191 13434 12877 48605 9111 26696 48924 27327 29237 46732 29473 47473 38491 40446 41270 33154 25440 18705 41723 8915 9888 28839 45989 44867 40477 9317 30278 28167 31631 34237 46419 10994 3591 6910 5476 30069 42015 16331 20984 22676 5716 15439 26921 29846 34454 42256 43171 41469 18620 48989 8565 15720 40614 48925 31116 664 8073 15420 17090 49715 2498 40459 41179 22062 29959 8325 25526 28840 44333 25955 20526 22871 40938 25204 11247 21839 40922 10100 23372 11079 16145 48134 42002 14407 15465 5738 26557 708 31222 33133 47533 1473 17669 10850 34043 46214 36504 22974 34369 27554 3458 35865 46708 16841 4781 40568 48570 5167 13553 40046 36624 39974 15101 44808 40334 23276 41563 28103 48526 6417 33750 9840 33891 15828 28748 25288 23978 35908 12554 4799 32283 36132 30624 24419 14057 33141 13258 35222 24454 6070 44314 28539 26038 13787 23895 44657 4223 1741 49492 48796 26113 19279 42872 39159 11645 40307 40319 46887 38497 27246 12962 7456 6043 25674 48038 42392 43700 38081 1967 26384 48587 11008 29481 1983 32117 14914 37351 22629 35813 10809 19148 10134 40291 21061 44713 3610 33027 10450 18426 27213 24165 41825 8964 47427 49281 30334 29910 12973 4038 48884 210 20095 19671 26683 49525 11855 36437 43964 11492 5923 33554 43370 27055 43980 18730 36114 46827 19405 24198 36134 2066 23445 6506 21414 30695 24152 27489 8165 7258 26988 45064 11029 2967 30499 22528 13002 9601 37233 16103 12380 45648 11121 18511 11191 3927 21296 29995 7684 29419 2350 41746 9503 34446 10560 24479 22047 12638 46235 38070 5480 15039 47944 2008 17499 43976 35417 41716 2396 47981 23036 3726 4922 30419 1010 2759 35303 39016 37778 21350 9485 5492 49654 9089 40093 15391 36309 8996 39730 40151 34628 4418 41067 35718 39494 27633 24437 21846 33974 21989 15730 6863 31764 43791 30413 40505 21711 45440 38476 16038 16534 21423 46570 18200 30490 38976 32669 16138 43428 38887 2095 44599 21421 14024 33722 10917 46804 1877 7892 45404 38533 23451 18113 39656 13489 27484 444 32618 14490 40305 2102 39180 6873 24569 40815 26530 34025 23029 41809 40547 17046 12527 2691 29937 4952 15647 4861 31335 42104 25324 23188 33692 16240 30343 19972 40095 3794 48277 9447 39534 14598 38560 11522 40634 1516 9622 6313 1083 43646 45775 49632 19808 49411 5174 48278 41492 38446 19273 36618 34484 37003 1118 44643 33240 47464 34646 37348 12311 13292 48438 27717 10382 47689 2857 24291 29354 4113 46992 15374 10243 40609 23402 7201 33629 1266 27045 46013 32846 48482 40728 12802 14634 12242 2271 560 1772 24730 18292 1138 7414 16492 10410 45350 1449 27102 47235 13232 29863 35003 9258 40835 21199 34418 2202 42992 38920 6086 34225 12664 40470 43126 14208 11737 46659 13008 11805 4916 5773 47650 30944 16576 46434 6076 42753 34590 34864 21240 44427 19794 40120 23127 32183 22441 2716 43957 21086 31367 46523 36264 49210 45174 29904 43025 48309 33544 29015 48058 46491 23573 17413 13793 22067 44492 946 7631 10190 40736 35617 24948 28776 25094 17893 36538 5342 36300 44961 21316 28745 8941 40020 23433 4499 14130 26202 17032 15239 207 44278 22547 25224 26745 19896 1205 16670 14812 35393 30153 14827 28640 7749 13796 26802 38375 13118 4100 48557 26724 46677 6526 35894 12046 43726 32039 22872 23538 31618 12432 16655 35674 18961 13362 31411 8928 3117 25871 27333 1054 38521 28937 18977 30968 22493 34413 31407 21439 30451 36690 3153 36489 35021 7630 2974 16469 6512 20159 7009 36892 31185 31412 24439 20713 31515 29283 17266 3816 24908 14406 3897 42365 8542 35622 13694 48204 9019 17652 12513 44397 7532 31967 36465 11547 24911 7759 2293 11067 16705 294 939 11986 20719 42981 21123 32210 49717 17914 21030 38627 25489 22919 21983 12728 41384 25682 25429 33795 39711 45581 47263 42678 18187 1527 36886 18882 10889 31911 47408 22752 43107 30688 24520 13261 25129 49355 29461 14811 47079 6607 34236 18020 38241 17106 7948 17137 26292 44290 33697 24005 27714 30567 31661 7240 26220 18864 39862 45467 5927 8298 48459 23931 41266 30005 41344 14127 24336 14980 36209 33163 12553 6184 15947 30902 33329 44927 32045 13723 34391 15869 35336 34780 35141 41219 690 15342 48416 25631 682 40331 26552 20503 4271 28052 44629 43213 26517 17959 391 44627 44248 19121 29789 37284 7428 25072 49373 43969 30262 24860 34176 18781 19086 3627 15383 2375 12822 25203 37110 34340 29219 32902 47489 33211 1763 23634 13913 46364 29659 49570 6031 25354 41097 2541 34114 35195 48735 38919 4309 35531 23569 17218 28197 2652 19195 2472 14520 21173 4753 41134 35344 31999 10802 1919 32594 39163 25904 11628 14515 38296 7247 27111 11607 49198 18051 26866 32530 42999 48872 31759 47112 5866 24890 43188 9783 37899 43941 12958 33250 22572 24406 43446 24105 12900 13299 39735 22446 7481 49787 47535 16940 21473 26751 42542 4051 1006 11238 45054 42043 35365 23087 40906 7786 9868 39754 10980 27874 15536 34685 39409 42307 10346 534 20149 10727 49711 18229 24107 32713 35374 26897 24640 39034 5007 17017 18514 3341 39609 13321 4061 18733 9670 8478 48110 739 21461 12344 30276 23233 1778 43249 47924 1819 45638 27595 19760 26793 39207 13538 28465 22612 11214 11773 8940 26863 21463 4355 39043 7973 25165 3030 29014 47567 28452 30574 15479 7464 782 23598 36167 16525 32004 9217 10948 21978 6611 15033 29477 40915 4094 13684 6149 49561 26206 13548 31592 23283 47989 43070 14442 1271 46273 13784 34281 26545 27060 24832 17209 3202 891 3484 35014 28888 23681 15290 39209 35427 1788 31827 5151 17675 509 36490 33273 42510 21718 29025 229 23325 45487 49574 7872 40370 1322 17518 20941 25801 37871 28864 803 6295 19853 30345 1375 42519 21192 47523 25952 43531 25098 49517 38386 48729 28833 38065 48046 24 4158 9926 21161 23882 23590 23707 46923 23891 44556 28926 11490 25467 34206 49262 36410 33594 46958 37321 44768 16821 47662 44626 40800 27667 32018 2823 32486 17992 45395 3489 26705 33579 38517 38442 41234 30122 13467 7238 12083 1857 36601 19727 46910 48538 21737 18316 7264 49484 36079 37557 2550 30211 10760 30235 15144 18905 385 17204 28493 20392 11937 19143 1274 17890 3010 19169 44473 48207 49152 17566 33153 3249 48721 5400 38880 12253 9439 39587 45632 48916 26504 27184 725 4234 27221 41906 36665 27592 15774 14786 2778 9889 36891 15189 38227 12614 43451 25058 17272 28541 28580 15883 34032 30664 36314 16385 19034 21778 27043 14761 48066 16833 29138 20818 29837 47765 38852 34858 49903 409 9182 1832 29763 43358 4239 26733 38690 34266 11088 41832 8104 26163 21786 39574 22407 18710 16074 35789 271 15354 32243 30823 30602 6562 46432 35315 46219 21018 36233 46819 1168 8130 10253 1179 40963 19768 7907 24626 43628 30891 25545 6118 13132 9820 20880 36268 27352 32548 24773 1510 5259 8388 38315 43747 25608 4322 34570 23968 5842 27448 25947 4641 36721 13769 13514 30240 6963 13724 16084 26829 13212 35764 9636 17552 6374 24800 7494 5540 13208 31670 16939 19940 5472 40010 45176 45265 3021 47960 48564 11741 5242 5336 4578 47935 7197 15359 9947 26245 14904 12497 20439 22002 47918 20660 10940 38778 46441 20425 5494 45596 4399 16308 28281 36733 19231 35561 35744 35203 22891 29931 49522 6110 49898 17337 3025 37201 6057 41376 45227 28620 37791 17222 44243 41087 30426 31008 737 7770 49134 19374 15440 15788 10701 36073 43442 41118 33531 24729 41528 36913 103 21962 24317 23998 48257 23008 24710 14184 21964 9952 9871 47207 21660 46746 49366 36025 37357 43979 43995 13746 1351 2717 13520 20760 48725 30322 22024 33079 32355 6081 25942 2629 3889 15278 32171 34651 721 25542 4695 48742 18537 21159 31061 14475 20390 16578 13038 40867 1495 9403 28676 38878 7407 35359 11445 32300 14258 46462 13288 5406 45027 26844 23587 35661 46230 44758 38242 30981 43031 47109 45193 48011 15284 21997 47384 34470 8494 36174 7730 47504 38765 349 11208 23378 1699 8691 14453 774 35469 44387 905 3725 33271 29827 5439 2544 18464 23456 12840 11276 45939 44938 39437 1226 14582 39324 18378 36459 23936 9497 208 24996 28812 32495 13815 42688 31004 18301 12036 33868 20307 16214 25691 8174 7959 7345 46714 33021 40322 45570 23738 47300 40212 13535 15760 31070 40214 20432 41399 36780 5162 2780 37921 23334 48350 4744 5179 41902 14455 32141 1321 46796 41449 37064 25370 3734 29072 26959 38756 3288 39364 44580 16550 26593 3104 2425 25927 8474 11257 25191 15495 46600 37449 36043 853 33378 21829 38369 29876 21635 28615 44759 22429 48444 102 31249 45904 13929 37443 2478 26706 37132 36661 17695 5488 26367 14623 8330 41271 3804 37520 7320 20563 798 4268 16673 20278 24528 24449 45917 46340 10475 15622 18865 39271 41538 17968 7018 950 34389 35131 46002 12754 9808 12406 9005 10019 19946 25885 43280 25762 46078 43917 45158 35873 44056 37767 32790 2624 1654 27152 2254 24155 41762 30087 42698 24436 23293 24068 26955 22427 33805 31870 6254 11679 9579 36838 14247 15041 41513 44452 1070 6916 27497 22170 31385 34453 40303 17165 16571 38001 48074 21487 17220 16356 21045 12016 29106 47762 3885 49822 22709 41813 18739 26324 14708 42822 43877 6026 28453 18850 17437 31868 43844 44270 1330 29693 18931 29661 18593 40424 36496 21872 32362 15424 39607 5424 44675 41571 42032 7266 28042 43340 2071 47892 37502 33851 40931 45436 18880 15019 46934 9983 25496 34737 11176 45938 4740 36436 46846 47992 41596 27412 22741 22782 45091 6167 49022 39333 23898 17889 27733 35518 41487 23078 33236 42647 34841 32791 6792 37716 24446 797 46088 47142 7556 26561 10022 6728 9274 29586 35990 40610 32842 3716 20914 26645 43388 9656 27170 26146 41958 24080 30411 21748 21761 10526 22989 45959 1644 37427 32345 30346 2080 45726 27909 39887 17996 46931 14066 3971 31258 45483 24944 38714 37040 35089 34705 22686 40027 34856 47170 25938 15674 198 7418 11583 26912 9117 45730 3196 48063 29497 6362 30693 41794 47319 34956 1982 21310 34821 5876 21050 19670 16966 4790 20648 41354 12219 20901 16056 4295 20269 34006 15918 2387 17013 20990 28186 15467 14416 10378 34296 43612 23920 37237 5917 35824 30643 49027 15247 16527 33499 2317 33859 18563 2025 25285 46836 35098 45405 9095 19842 27805 42172 28685 16635 33252 48631 7528 11587 31524 35330 44320 10275 16407 1944 25515 28636 32014 14905 12189 49818 24865 33881 8333 24607 40879 27653 13429 45625 49219 48402 11345 30653 22655 19310 4606 7325 13256 48708 3185 10748 10068 25479 20049 40386 41776 31002 39679 25088 4909 11563 43958 36008 10743 17411 42941 29579 42309 48461 31951 33420 42070 44577 24727 32124 49670 20833 40789 39993 13155 26392 33130 25125 14848 20764 9617 49480 21295 45919 41375 25964 12119 47463 46964 7293 27986 36105 41301 5961 11005 6874 26477 20795 2827 24169 6376 1984 28852 5598 38272 21521 49915 10564 21648 33152 33999 16663 23624 40785 47497 34194 4269 26649 8662 26018 30931 45537 15648 34885 15971 10399 40127 40107 1114 27410 11352 31654 36873 12486 12190 19358 22777 39302 11933 28398 35986 29259 23294 30250 44155 44517 11844 24030 17282 40383 47398 45187 43110 26875 29188 10546 34268 42073 43694 17594 4655 1834 802 23553 38049 32498 24079 36856 19897 44797 27891 40007 44935 20229 38900 13952 18777 15086 594 3510 647 41961 33323 27777 344 28180 2248 21587 25041 47679 13630 39710 41927 46164 6568 16767 39696 37477 6806 37463 4159 14021 17260 24946 2039 1407 29144 40740 13752 4502 16016 24932 48224 2428 46354 17650 41406 42497 44623 4942 17455 1245 14226 25043 40629 9567 15042 49952 27758 7572 45469 25018 35941 42632 24540 3618 13693 29855 42178 48189 557 176 17460 46966 24378 4012 47014 22372 3768 28071 2799 32746 15769 16062 26532 15259 23713 11395 23964 9759 7921 37200 47003 15366 14524 29629 25735 4210 1843 48136 24351 19186 18640 41153 23050 20936 28123 26389 15195 24982 45375 20731 10151 15090 16195 11124 47303 25612 34158 493 26087 19685 40399 18052 17131 33203 1390 12919 33713 21488 38254 31467 40813 17050 147 35794 38841 13676 48302 39482 4152 12650 18590 32856 45052 35729 32648 12922 20759 47684 15367 11850 42302 380 9373 10600 33997 22312 36951 31102 42345 21676 4376 28297 10655 2397 10638 27716 25790 39828 44098 2848 19414 10470 9772 41186 8366 11592 19525 41110 42456 30800 25378 43321 4374 3798 14909 34081 34142 24327 27920 5415 34013 37100 5861 37839 33587 27303 48138 13843 34402 42453 33302 49037 37947 42157 1289 40595 36993 11443 30824 6288 1646 3613 41464 24761 484 48243 25602 12320 42296 32167 7217 13999 10752 24642 38069 14290 6920 2946 39771 15081 34282 23802 4839 42304 24521 4714 23997 24042 19809 27250 9324 24319 26791 47730 26267 25745 31274 1344 2348 21499 17949 3763 28137 35278 36507 5280 1283 47855 16303 12225 30741 21340 38201 13664 26998 1337 48995 20706 34500 13300 11570 37884 6088 27659 36875 34712 11308 43602 15341 43095 23255 17926 21664 37865 47678 26854 5135 47848 32832 15267 47239 3429 48018 26043 43637 43765 4650 28229 8022 11009 41495 6400 44477 43068 14982 49333 37645 32252 46311 46369 35581 17136 36059 19942 45002 5051 7971 29499 41453 10140 15566 5468 13191 14569 49058 1796 23376 25892 2091 39927 30557 37563 38172 4699 32296 44257 49777 38570 17545 5489 39142 28638 24293 21691 8119 8300 41429 11212 29621 3801 1163 47808 47143 14934 19925 42566 19420 47273 16425 10981 49652 9642 23373 30159 48385 41005 38470 30652 10347 15375 5140 13680 11282 41479 16166 14263 9533 42254 16057 49238 13076 46414 7699 31993 2619 34884 14624 12398 9484 38398 7524 18636 47748 22605 28816 1947 47786 38678 2929 30586 15031 25414 42635 21518 35510 21734 38617 5362 6925 23635 39659 16283 26145 14092 37633 4590 36686 40966 6331 5452 11154 22068 5910 17239 11952 46101 23020 16022 5905 33176 12347 20163 574 45653 29435 2879 15708 42286 28811 24111 10309 16913 11589 7694 29930 25622 9490 19180 33886 20779 38536 11557 48864 33548 27027 21403 41193 44859 2667 47639 14198 12262 19161 12208 47976 8375 1023 42013 49590 535 8162 21438 38352 34371 32994 13669 25673 17562 4663 40421 46709 4450 40264 5913 47026 28090 8933 46744 5269 22064 44760 15194 2399 49146 35642 23184 36862 19767 29491 35842 31574 8567 12889 38534 27299 38420 21908 2120 28588 13378 36536 28846 24114 17801 22403 23453 32829 20930 21006 34118 39305 29466 37492 48874 11784 3660 22657 41224 48659 1037 7711 41576 35909 36046 19081 20003 42060 33283 11107 1626 38002 36334 3819 25868 4749 34428 14099 10680 26219 39078 32321 9786 27401 14353 49609 4892 12490 31463 32456 1595 22126 22861 10671 9491 34828 47916 40701 43793 47294 14358 19199 30957 24535 3917 4581 33708 25253 8799 46043 39384 19629 17511 25764 8906 49476 554 36978 42731 46019 17838 16703 25527 43927 32766 24559 32851 41395 21524 3942 7453 47880 43996 24506 35859 1943 15379 16752 44402 42095 34086 11325 43484 30706 15216 28354 6588 39327 20379 9071 3882 5065 42667 46747 17962 5867 14728 12367 13765 18932 3028 22425 6752 30596 36160 28131 3946 908 20211 12849 15588 14439 25963 9560 12410 26002 26191 40591 29897 47039 31009 26903 35638 22774 23286 12341 21904 26615 39505 45082 40949 17797 29903 28225 35863 9800 44069 30501 45095 6275 39266 15860 27242 24275 2880 43397 42377 27924 6054 29994 37923 1723 24764 12940 8740 46003 2266 14360 36481 19480 42972 25010 11366 14002 12479 3900 18896 9704 9333 48576 37498 8196 12182 36251 13681 13863 33778 6754 24469 9370 20567 31311 46129 28578 17912 42440 45206 720 47972 7714 47790 9844 49094 9584 17746 13803 42548 40877 22232 23614 9792 3003 34938 7931 33262 41984 45019 3772 26927 43722 32427 37898 30119 6421 40133 37073 20451 15616 38127 48445 7809 5398 9233 26577 13612 35659 39709 35018 48559 14020 32866 5052 12833 48709 12943 42364 26917 16300 3230 7622 11353 8645 43962 49396 867 19632 32525 28880 29391 18806 46602 38340 9037 36965 41740 37175 17993 37333 18459 33495 47316 41948 33115 21506 35666 3231 30548 18299 45709 4504 9608 30933 8244 5286 43037 28628 35072 8916 20651 29043 38382 6099 21727 34896 2790 44950 39340 38863 42158 38013 38317 33057 46574 24284 35190 31048 32520 1310 49341 10922 44050 41390 46955 44541 11164 16572 15426 44060 21292 30141 18650 28806 29526 45808 4409 44824 8979 48306 31905 43714 25495 42847 27680 28110 49205 14464 31705 1406 10867 35085 4965 26096 4338 43115 21270 44200 26817 38889 49564 45040 16878 39337 15234 6224 12169 47056 44371 10663 16600 15282 26631 32845 5673 35054 48432 5531 18550 41409 22927 12906 16637 44721 34030 49314 9216 32411 8829 34263 22054 28664 27059 31084 38669 519 16984 22044 12525 4123 14589 37411 40164 18999 21287 31341 8176 38566 16680 904 32470 47990 30367 46890 47561 18658 30071 6100 24411 44636 26843 2486 32082 28359 43642 14259 39948 6185 22578 8400 42 8103 23268 27430 26017 46487 49331 35249 32225 20436 19759 2994 15421 23726 33015 14836 13644 20267 49836 12439 31127 34697 37052 16931 8455 26108 41663 7564 8670 15381 39875 44544 18819 2273 39788 46279 47614 43727 17070 28057 43784 27514 24529 18788 33823 8389 26382 42636 36517 13354 11657 44092 40197 19615 38195 30008 39591 25727 42959 25265 45696 5707 33106 44202 33336 8068 10540 48698 41744 43459 22286 40903 235 8655 48746 18402 4446 15072 21401 22613 36202 28481 23221 22447 30284 14757 32776 14876 42744 30762 2930 6199 9813 37197 124 25246 11957 22701 47712 17020 21317 37720 41810 5252 12606 41987 27964 23009 4692 14265 8712 1139 49513 15995 23042 21491 29029 3148 19620 47373 29804 23493 31875 23944 42291 8386 41884 12586 16741 36342 44695 5193 31710 26059 17472 22388 29898 28050 39052 44438 12449 38287 33819 24790 46822 6401 1298 47537 23469 30982 6679 4783 18898 47113 37626 30503 34343 24866 20486 41387 4410 38527 9003 18410 48060 21710 3989 36434 35603 42875 7512 19552 49387 30692 33782 13180 7771 16156 42955 2316 5411 32050 39982 42246 49392 43901 35473 48116 14170 30967 15859 358 26588 49546 35421 14625 14537 28882 2239 42411 30716 11999 26564 31506 4934 21712 1837 16205 38735 45164 31362 37574 39661 15581 35686 35833 16530 28363 17534 12891 13202 12389 32705 49253 12613 28948 14435 19114 9532 6423 6145 24337 24931 33419 36731 4593 27137 17571 17758 7930 31298 25814 41804 15094 28719 37943 17622 36591 42584 35895 12345 4506 41412 11427 32414 14048 46023 49661 41583 25864 33473 37862 43821 49778 2394 19993 5022 33515 4327 5929 26596 32890 16311 2130 22739 4383 23157 46881 5817 36763 35701 33516 21424 16647 17579 26748 1728 25274 1074 6859 37293 45844 31891 10733 12703 9854 25449 7380 45748 9940 48337 8295 10746 18967 44724 29838 6511 5607 11183 20391 27144 14307 44032 26881 31011 11095 7054 45393 48344 24767 4969 46096 7707 21816 27346 49840 39998 11389 14981 2341 19241 44125 46748 1864 40832 10832 43523 22014 20929 4200 3501 39606 6699 16375 24933 12746 25221 30635 19743 39747 46299 18184 4841 14249 28525 12864 495 43048 30444 21826 25071 44303 23209 43946 48219 1515 4379 30399 14545 5502 4183 18756 15589 13345 14768 10057 17436 43537 33460 4643 1525 36355 18881 40280 989 4177 41318 49875 40358 6589 20458 15125 49225 154 16350 25830 6850 41912 8314 37674 5073 48919 49222 19843 20489 3515 34313 41080 18469 7679 2122 16306 26083 30878 26401 22771 26980 27225 32655 20143 20931 28067 6108 5270 36844 15176 27145 40646 27056 45392 37860 8816 36701 11043 18544 6529 16722 11568 6299 25259 12689 25501 15722 36689 16183 24251 6577 533 31137 20183 32091 1065 12795 17000 9925 42715 41196 1115 20854 49912 27085 42616 17484 16035 22247 22762 18264 48620 2899 8857 22772 31970 11727 33263 10040 31321 48749 46649 39276 37978 6626 32115 35609 34372 3260 38537 40863 20851 8405 20680 7485 43281 12530 21435 47933 5413 49581 1635 16249 46435 35055 33201 8145 7180 26416 9176 1068 8944 35425 49169 32375 46295 30014 11611 8186 48279 3930 40065 49502 27208 24349 8009 22461 24471 28320 2870 8183 2268 37213 10265 28802 48512 37466 7385 5409 48016 30323 3369 5127 48462 30592 1805 48196 47460 44217 30525 24185 12161 42268 36039 41460 40438 42127 36341 32431 30199 23686 42244 4897 257 46933 33088 339 32436 34034 84 35930 45818 17762 39532 43084 37170 37621 18109 22846 41512 24841 31478 27206 45895 7498 21174 2567 1937 21374 38307 37493 5344 31482 21412 35202 5450 10592 15482 20002 3606 23346 49160 256 10777 29358 6453 48878 15634 29091 41585 47824 21921 16943 49398 27876 36734 8112 38212 45551 23664 12043 26584 24560 19190 41714 1106 38496 45196 45093 38518 4440 37873 14450 25410 15209 37902 27597 18228 24368 48384 129 6950 31712 21668 42934 42774 32236 2596 46770 44392 8321 12879 7245 13980 20590 19267 9703 26765 31918 46810 40493 27707 13921 43063 20232 36570 31591 24809 29251 8676 44344 36295 47521 47195 9576 42420 38966 22952 43770 37402 4125 23800 1661 28004 23111 24053 9668 5071 44472 21911 47572 28031 45694 10860 3780 43272 5496 40795 10612 29692 37798 4721 18100 47934 18976 13690 2712 41761 12576 31215 47031 34099 20062 34217 3756 38353 40582 33556 20219 11787 47349 49158 45325 4516 48748 42141 8424 4430 30991 47357 38780 4987 24745 22051 36087 16668 25990 30900 46537 17710 36743 34532 19115 18041 27832 3673 8788 19872 4323 15258 12887 31305 28824 43671 35964 35985 25427 12074 6386 11199 8547 33414 500 45731 27252 29321 15344 12470 6260 36638 14340 19564 11584 16270 18542 46307 237 16443 3638 30882 24451 19835 44661 32192 264 42569 43508 20847 26459 2539 37864 38026 27166 46026 12575 41797 4395 45616 35870 40233 34510 24916 4434 40704 48940 49793 4817 502 18489 41451 26659 33046 14379 9522 5567 20643 14884 17124 1240 44497 48086 39680 39824 24889 27815 43248 4642 7958 49498 19815 19639 32330 26777 14671 7101 37616 25262 44029 4704 31811 46576 10768 30579 4035 33082 19572 27984 8695 32715 13560 47242 11686 34464 42741 43816 30737 23789 34192 31500 6438 35621 45968 35498 32063 10630 24385 4822 15554 44931 27077 26290 23945 4014 33395 14385 21099 11316 37875 24941 9277 15028 17844 3937 43997 25140 6625 25852 47087 26071 44710 3699 40252 47729 35994 28358 11886 2010 44042 43663 8448 26712 18190 6900 37447 5935 41422 43023 13580 38675 28645 291 21135 1584 13550 46865 26822 27880 3687 2523 45905 3139 45010 35670 7066 38016 15579 49939 37835 36964 28708 37119 37614 36283 31417 31739 29248 4705 35345 14989 21166 34871 4127 34623 21346 40982 48069 35245 14330 19689 1466 5470 5055 13005 26756 39156 17661 18295 18147 8727 2127 1131 11709 2638 34699 27803 13175 11251 24740 11854 8656 38150 15073 369 20244 13837 39729 5798 27132 26670 28879 30115 27531 8060 26551 38443 33635 14640 41113 9695 17733 1990 11625 21187 46969 21757 12838 14986 26492 16495 45307 21229 18001 36133 10989 3692 48090 622 37612 19280 48856 8742 32907 20669 2784 32318 22503 12358 45780 25750 25205 5533 39518 5478 5206 12842 28088 44076 49854 5811 49135 48661 34245 20913 30171 33324 29002 26608 29594 8571 1602 26727 37437 44354 42675 40775 42748 34874 16542 34019 337 28706 18744 16365 13119 20023 22166 2779 9525 46970 27086 22511 8863 43366 7390 42910 19684 21702 10352 7450 21152 42381 22377 8106 49965 48667 4494 12115 5674 12403 22935 32684 4350 37915 37211 39589 27962 6945 24140 3753 35280 29325 15692 27812 15861 43907 33408 28695 4998 48300 10185 1022 17939 48653 10035 12085 44435 43883 32587 9710 9886 12624 23077 19188 13899 15469 45627 23472 10684 47342 947 5690 29299 8025 43796 25002 38011 6406 17270 5425 45259 34795 38673 45370 27241 1533 14735 33251 18720 15750 46041 12676 1236 27914 18485 1301 38469 32749 36372 28183 44089 18177 22415 2714 39154 32903 32224 30137 19434 19521 24023 12787 15060 6094 33904 10583 44067 12544 26743 37236 8622 39523 45590 47317 44091 29190 20013 6880 43487 7375 27937 29100 6710 43240 47368 46184 23450 29475 27255 38929 7429 45221 48738 27465 27930 20840 16987 20139 5168 1759 42247 18071 2609 10505 19277 15285 5603 41241 32742 7035 5667 36761 9945 21285 16219 9203 19654 19930 15103 47102 9507 42465 837 16738 21462 32335 25078 42353 48966 14039 45913 42338 35261 16017 18199 31087 34608 17075 8780 22926 11470 37793 9207 4991 6301 22048 36832 8515 3667 48332 16027 34872 49679 42294 38477 9138 38963 5061 35117 45080 19326 18086 28825 8872 18087 5558 1572 37138 16474 24561 6174 33792 21377 2555 44983 43424 23947 40118 5614 22857 11988 48490 26811 38726 22049 33350 21139 48249 19722 38513 12003 525 19637 16234 39083 36798 38745 25272 7141 24593 16282 38484 12790 11980 20749 20865 25888 20805 15814 7610 11654 21138 27181 1126 12378 21269 27312 2925 41082 36810 17510 32122 8541 26042 26365 13716 42979 474 9976 21437 27277 31691 38902 24842 25487 28502 687 22840 46172 35309 24355 28820 13751 46567 6210 4745 8 15481 41343 13443 26764 43399 43973 5958 6191 31987 9383 36843 41448 25123 42692 48146 43411 1329 36933 7401 410 6684 26380 1707 18377 25670 25744 4092 3250 42576 18939 49612 19179 42711 15702 5048 39143 9280 26839 26611 12463 15713 7527 35942 37226 20578 49594 21019 27300 5329 17546 46782 14151 40006 46723 4964 9016 43286 47151 2484 25589 45656 37117 14408 34610 23771 49001 41628 48865 13613 26471 7844 6608 5818 12317 25343 38389 45705 17182 7336 25758 826 30268 30109 15069 41507 32501 4830 36835 12596 3015 27238 28565 41949 274 39242 10302 20498 11423 47670 29319 7393 34003 11889 33016 7979 24664 35383 4561 42700 9981 43509 41662 35038 13734 24701 37768 6977 16559 3444 28391 16523 47732 7399 19197 4787 15981 1677 40023 148 6029 22708 28258 42664 13638 24515 17316 47247 22611 34223 25554 6824 44340 19400 38674 32982 25230 11125 43460 45414 21626 20252 12655 34881 1615 40967 20975 11426 25306 43429 25138 7162 40240 10074 6136 42518 23161 43939 27022 32165 10772 15057 21221 46486 34839 15529 6927 5894 16725 1164 5728 39122 18517 47333 32564 26819 28922 14581 2235 4049 38681 42233 35116 42335 16160 32553 21300 1419 34437 37412 24654 3766 12563 25789 34301 45197 17551 300 3077 6147 39570 32110 18600 16470 28573 19341 34135 28233 35802 23758 38666 40207 24088 41098 13310 32172 36953 31095 39776 44614 11575 35841 37661 34483 13809 46679 49 504 41698 31354 38409 11543 23540 479 39426 42988 9916 32329 6777 27453 18293 40746 36042 22717 12173 49861 39008 14159 2762 42610 4878 13240 24014 16254 852 1972 817 21205 2314 19679 46784 26214 12019 20828 1220 27459 42719 36419 34779 35369 42464 46146 16627 27388 26797 46897 29385 29222 28159 17344 17383 22797 4147 34636 24715 26738 44648 5796 33613 16538 16606 36622 40626 11334 13260 17800 36971 18014 3251 32458 29562 23994 49261 32561 4462 45424 49649 45488 47005 30609 41045 14731 13906 355 17161 42807 41076 18906 11817 46940 31687 24624 17531 4389 16208 15729 37352 29069 37529 28162 49979 20949 6270 30987 15502 29676 44985 2868 8219 716 28996 41334 46682 15661 46149 36265 44625 31997 15809 4688 36100 43047 1034 33801 2831 3042 24683 42539 20765 29630 4040 3516 22530 41096 47704 45289 14559 49265 20206 20262 13096 40636 40196 35926 30816 14183 2968 23718 40886 21283 35733 169 1870 35244 4487 2997 4815 32157 14471 9798 8557 2347 33183 43935 30104 33070 29005 9330 49107 41100 44127 30389 4633 24919 49536 28480 2817 26830 25844 13278 16568 32628 43314 31675 13143 37292 21927 23095 39255 47897 9472 34033 4031 47466 14829 48453 39129 45030 49873 19818 44569 9179 6949 16060 38713 40684 1188 41365 10227 47950 23990 43918 32667 40767 43639 46561 49833 23946 218 242 19041 37822 22230 19049 35394 18328 17069 28035 24555 36386 28853 46690 45511 23389 1991 14214 35338 17643 32315 43948 39549 34317 45407 14350 47878 14580 23596 38613 18022 8908 33284 2610 16081 13528 27319 35858 14842 16717 9655 18383 19238 30098 37442 40243 17008 14026 9289 19939 37259 27794 9923 15827 35333 5059 37697 14954 6595 1155 2908 30913 36113 40101 40993 32767 32441 36236 36851 43349 32601 40115 8865 42120 43313 8303 49985 18206 28647 44312 16619 20176 16239 47847 23766 1770 47296 33118 33140 31239 23313 32509 28943 37266 25568 19444 31542 35488 48853 22931 5760 27248 7890 34344 17507 36165 43557 11588 20423 27721 45063 39943 46249 11925 26089 7708 25326 21252 2009 30435 12710 4862 12981 31834 44052 28793 1464 17764 26239 34261 48654 40542 31294 47601 26283 13053 302 35259 10102 4405 46118 1451 36695 10796 13405 2597 48431 28441 12722 47875 31375 3422 10205 1033 3839 45220 304 7061 40219 40244 19739 43069 28905 27310 11675 44862 5884 16143 42889 35639 14413 37882 850 38071 23278 15690 30481 30580 23364 11306 40043 26685 48967 2049 22424 27081 42216 48488 35591 6103 29384 42064 43282 23530 22440 32611 26472 25582 32759 21053 6479 42515 41765 5864 20769 14668 37516 15474 35922 21738 41300 49677 23520 16190 40536 11966 24359 3078 42317 35723 43539 22586 48305 26795 11 44096 7168 29093 25025 42984 17776 21928 33361 15183 43158 37021 28314 6139 49543 40031 34403 31841 43076 34905 11761 11758 5491 43884 15856 6598 7086 20699 26687 44015 33498 13194 41608 43245 41225 39819 12926 2776 2136 46031 2664 43664 18105 19332 29628 151 49086 44535 18006 1273 28643 10619 48847 34050 12409 13727 36560 22687 6497 36552 46612 16113 18847 37886 25399 2744 25062 42479 5893 46702 6477 21549 46590 65 22972 38752 609 17580 13174 47454 12045 39298 36212 43851 37924 31289 47313 23556 10776 47412 16473 9172 29981 5580 20130 13425 46348 46405 30203 44967 45637 44240 8355 43956 22942 47010 25311 31619 38792 37525 29335 39886 19242 27270 1193 16286 19944 30747 27503 4233 34226 28321 40124 47945 20037 24167 30665 16835 2641 30447 24603 10878 24602 32875 37705 37334 2747 42061 20777 17784 43433 47133 7183 48685 31244 32181 48827 36488 14950 33277 22105 32148 13665 2358 13447 24749 7405 27471 38133 39391 39377 24632 20481 39795 42778 46842 46127 12797 19394 26646 41627 11667 30027 40406 24431 40302 27476 1952 11159 20181 25108 13492 7570 34654 39968 16180 42332 43106 12749 42006 17555 28290 30004 2401 32381 43761 23811 43412 19559 20496 31655 40359 19055 29967 11736 49039 10397 42573 3770 2187 22621 26548 26932 49575 39 40981 6629 24825 45999 34581 21934 32135 4858 23526 7451 17076 28959 347 34516 46386 30332 47576 26051 28036 22284 35761 28671 400 42521 16121 38056 46092 9488 44842 38676 5002 21887 36102 4521 46178 8926 1421 18367 38124 33779 5520 22983 23721 21722 43420 15766 39321 4042 41 40385 42351 585 700 20041 14498 28784 41667 1647 12810 25110 19917 5217 47522 9369 26707 49468 21410 21859 45504 26638 37745 11258 40554 48047 22532 16366 11120 37210 21217 30754 31943 27522 25104 46423 20052 8083 49814 45848 46270 3940 31107 26357 20202 11808 862 41916 1501 5785 44771 41577 14948 26553 35606 11462 35212 49671 17951 49496 12324 14958 5745 4716 2497 48616 18060 35695 27730 31192 22053 34746 41679 45373 47850 45665 2775 31328 16456 2591 27961 18121 32217 1396 6189 32794 19089 17474 34691 40730 42885 11788 30791 26749 36486 14645 48899 29003 36499 38336 11951 43786 37685 8401 22819 45153 11322 14043 11566 28950 31731 32604 46536 6967 29879 42376 48887 36878 28962 41567 44222 48003 26076 7111 47085 29134 45260 47555 38020 41309 20997 44802 39958 35258 14686 40833 42935 23022 38917 45269 30251 11063 38191 44796 17185 10472 9416 20829 49185 2349 44302 34377 44293 26023 47796 24830 20602 4291 10775 13776 2171 32922 43020 23578 36573 31549 31015 8566 45485 12263 29801 48271 34208 36278 13340 46040 48601 29031 48862 14512 20603 6075 31012 12707 7271 3709 45043 48569 23439 16597 18543 33126 25538 9276 38310 20559 6818 26172 47608 41139 43380 23388 7950 9827 21552 47098 41907 39110 34563 22571 17028 25512 24246 3234 13209 8096 31889 37457 28602 31653 36692 22576 2105 39376 4674 2655 44570 47331 234 11511 16700 27341 39030 30927 23754 32694 13634 4887 32478 10498 33300 33297 24064 39031 9133 26352 14847 39944 22637 34517 40335 30663 43425 1172 13806 11286 42341 38516 93 22664 46637 4637 15594 31429 40443 13835 5175 49645 12636 32792 12815 17977 16361 34434 5132 24138 44791 13141 12660 11418 6715 13917 7387 7541 28134 8685 22138 4709 20371 6082 4227 27702 14922 14267 1784 25278 8307 19131 31743 30189 15751 25421 37849 118 39857 33267 44322 20959 47232 37134 43724 48028 46068 379 42260 17334 15130 25383 15937 39176 6694 31522 23574 10066 40 33275 46974 1044 36010 21320 17595 7754 10704 13944 16780 47329 35763 31969 35317 48109 30108 22390 5601 18268 6934 35115 43385 19184 46984 43538 21661 21002 24823 35472 22584 25660 16032 22540 17329 40783 13668 49639 20639 42705 33605 1189 16610 15570 49296 14610 39386 21433 33994 22524 24047 36958 7152 22750 1233 48536 40176 19936 26598 11357 17911 48558 9837 46085 16118 25114 19913 31066 38149 40856 10250 23375 18262 2888 3100 12893 45182 19922 34490 12658 20796 46839 24655 22348 26320 21170 17721 24617 41107 6933 38075 23489 41957 28736 2422 37634 12288 16879 1219 2846 16167 22979 12813 9431 582 22624 30829 29445 17666 5465 9148 14552 8109 43092 17715 14173 9010 44331 28739 18036 10813 40308 46692 49208 43769 16007 12179 22998 48354 49969 357 22849 26430 2208 3935 17708 1286 17001 22323 6402 21389 35685 41369 43511 38337 32819 39780 3619 17978 21056 48050 13436 4727 46557 39150 32443 6475 5099 4062 47665 11380 25603 25757 39197 31754 6001 10935 33831 39906 20242 47024 12914 114 49008 28730 46618 31765 31757 49572 25656 15121 12601 35881 25698 36381 47837 21901 15361 22115 47911 46915 17798 27123 5416 62 38545 47685 47450 3975 21442 29905 23117 40346 8902 44274 31777 3558 31697 48340 3318 30357 17080 8134 35440 42895 26428 249 44764 13829 25057 37309 47222 4065 8700 26370 2622 39214 46704 46735 40339 44469 31613 11863 8390 34667 14940 27769 30196 24215 13699 36802 10857 2973 8844 45887 12296 19024 2278 42556 22311 20841 2732 11049 13516 18470 26537 8965 41093 27074 13044 15955 15635 24527 26019 19462 18082 10325 23136 19603 48005 40236 30847 15241 9428 13046 26813 4694 13543 24358 25453 10788 49851 6940 34385 5847 8621 2029 23980 37956 35052 16209 32998 43653 36712 42100 25300 8256 38510 29724 28299 14242 26402 3868 33036 31856 42684 7417 9126 16383 24550 39539 30002 10354 30338 33341 42953 34256 46494 37126 45809 15008 44272 5016 23021 39896 38840 8590 27848 5519 43373 8501 1239 2141 47885 33453 5535 16786 28621 19886 2229 12453 37439 49177 5742 15962 17904 12084 19372 47494 4003 43311 45352 37653 18522 37641 31701 21253 22072 21279 2344 46873 31198 42571 674 5623 30183 14717 32812 27324 38345 26698 49556 13546 19026 27337 27686 43841 23636 26966 40140 10504 40725 47001 11096 37638 11296 5039 33282 33767 42507 43999 9834 45655 37275 28002 40548 40494 34740 47159 13201 42896 41986 10884 38118 48710 32931 44848 10476 27960 41400 23345 33059 12880 20091 47202 32451 3255 6209 12809 76 49248 2451 11792 46097 39191 15186 12780 16842 11170 7874 28014 43595 39495 17464 2948 34730 20839 37800 4290 12902 281 43427 20762 6953 18154 18445 16464 8468 11930 36927 6387 8789 18791 29798 11749 48026 15612 47032 31620 37840 20422 44578 45644 44170 27440 44347 23704 16672 28082 9185 20137 30712 20198 6429 6748 2570 19563 9361 27768 21975 1457 7191 1183 47248 44689 31060 18964 14772 29427 5223 19359 18914 47674 36190 35371 24231 19465 7349 37328 26215 41465 17663 1304 36502 30946 25740 13590 38359 11406 42674 20442 19594 7509 2449 43913 9982 6350 48714 10443 23956 6347 11102 25694 31514 43381 10313 21990 10924 21690 36770 26948 9288 11683 35471 1485 30498 38709 4478 28917 27825 16140 4977 6974 7521 44137 20259 37204 20535 29563 42394 44667 20292 35406 27141 23167 5644 29255 31336 38782 8382 18062 14760 28629 30473 2312 5394 30988 28667 7886 43689 28855 1714 10716 19447 37937 45133 11726 21564 48420 20387 37065 46566 29118 24115 499 44323 2357 17421 23604 38141 12413 29988 10831 15953 36613 4544 6248 30470 22207 26237 25337 19100 6447 14237 16992 11454 42704 17754 17933 24504 16114 27183 30998 10910 49880 18988 38795 35608 5629 17836 26434 8254 7695 5962 12154 35601 37994 23818 27567 19996 46258 32152 17213 6973 6007 21855 14937 14180 31930 10064 17924 3902 29575 7648 41021 21853 23711 15663 617 3097 18092 9073 18655 8480 41027 29353 17636 15066 6853 39911 14467 25962 38324 45051 9953 47233 17971 22449 16684 5511 48892 20482 48160 24213 22796 21896 22294 14394 41137 22028 47308 7228 27343 33005 46325 6695 3844 526 20485 13778 25073 45088 23976 25049 49229 26643 6385 41914 33756 39763 870 13307 18623 34305 13413 32623 180 40452 28469 19898 28518 20382 45872 37693 9125 16875 46924 35332 38101 36219 41682 11231 18783 43471 41687 7225 38583 39412 16603 49400 26383 39339 37241 48573 25149 32996 23401 3980 26287 13286 28576 30636 34724 23864 39826 45382 2765 11335 4511 1089 8197 41177 10114 37976 25092 18245 39864 25516 17906 47942 28364 43028 3000 7143 28552 21590 13435 13167 23393 26680 1352 4482 45400 44513 15885 45387 41356 23850 8000 13147 25695 27404 43127 43034 35604 38987 14365 29108 19826 29895 28616 36445 39648 17680 42913 31808 29487 16904 17026 7780 42012 42460 2218 39461 662 10215 31054 9499 49189 7823 10938 6897 20671 25779 39225 33459 11874 39503 39018 19056 17318 28679 37532 527 10804 15289 808 36863 33370 39890 47603 12495 6714 28909 1993 19994 40250 24714 9625 7804 3074 7281 7205 34793 4375 8482 42025 21687 3876 47692 5731 19217 8462 13968 22233 46715 26785 28517 36531 2193 14245 20153 10882 23996 49304 292 13358 14008 27421 37514 40602 42278 30304 19313 28389 19353 33047 12491 14627 34008 41158 7843 14879 43763 42293 2135 8014 8371 32344 1122 3532 20128 32428 20811 39849 27234 19633 46565 18668 45028 25720 7774 27889 21707 17031 8417 16748 34240 49812 42050 3340 37403 21513 44335 10075 31519 1143 6148 2 11688 45618 35340 29739 33835 38658 32634 45497 49284 8040 43017 15983 12424 27919 29753 11245 18648 23115 24467 7053 45499 2365 19513 19269 47713 4904 3413 21360 33480 8034 25442 20632 5774 38623 24196 5373 26761 34585 26672 22035 14239 49153 16236 12584 2711 4168 7550 38328 15623 266 38404 45633 15820 3298 9565 11476 32964 39022 27193 40620 15048 14367 9470 26308 40111 18026 1373 2887 14719 36475 21444 44061 27308 41678 29976 15583 39802 39932 45659 25424 42458 9637 35339 28918 29178 3033 38338 20383 31682 44954 34659 15154 8648 4816 20625 9496 47258 1141 41232 12770 21695 28472 41688 19206 21578 48299 24612 17301 5293 10183 24707 29338 46144 47823 13566 14076 36227 43896 33816 14614 39375 44476 38748 19806 3438 8820 37340 20527 2562 5103 5391 3681 21397 27115 21639 17902 15451 3891 47594 21102 19069 25171 27923 20133 6762 36681 5188 1603 15863 24048 37051 34914 10050 1043 47632 6172 28264 22973 38604 20852 41939 40502 32113 4842 26541 41648 19828 5597 21172 22016 47871 21576 44239 31529 22908 22317 2072 44372 46461 48948 15600 1704 8486 31505 34492 12162 30128 3851 11790 34953 45815 14846 9867 6396 5635 48281 42956 40706 27179 30324 33817 7925 14883 19797 47397 35804 29323 13320 32479 30723 25866 11411 24440 32028 35676 12774 33718 2977 46559 15392 14531 32853 45619 22883 10609 15688 8329 18122 16776 8937 9649 7330 953 47457 47053 4432 21980 37526 26891 22345 32787 16274 35044 19904 8949 7600 40632 47643 18512 47801 37310 9698 35056 29616 20583 25215 29060 39493 10762 16301 13475 21674 26666 42697 6725 25667 49568 1465 21783 17876 2087 4513 11532 16517 39123 49438 1821 11414 39151 40760 27036 49363 37788 31563 3291 34216 37300 16747 3337 40311 13827 26799 29421 24694 28344 8677 30302 20117 22821 14282 18163 25505 28211 14587 33558 10706 31342 30267 8849 13523 22492 12626 19335 46726 20059 31263 45281 18330 10156 10059 14460 13771 7853 23434 15640 36349 20397 39044 32563 2460 31876 38280 10519 11299 18884 40936 38541 46221 35347 53 36726 14928 8681 38384 28 3778 41050 5522 17655 25388 18965 45692 24805 3585 33686 41972 12714 44299 15156 21804 46882 11740 35267 23791 14476 13332 46598 6826 32985 20044 46609 21035 31920 34842 7427 30065 43503 15587 17130 19162 34333 12807 2369 19491 44653 39160 17009 21583 43731 29751 30230 24489 2492 45977 10363 27182 8445 29948 25152 38766 49141 22646 27281 22080 25303 7192 18582 2269 45776 38848 16384 15756 45829 29458 3242 41680 14845 35367 8338 49562 40688 24314 31006 36040 35536 20286 3911 30594 32473 19371 31633 49161 6225 32929 21020 27703 36305 15335 4673 2069 46308 42862 38515 20308 31304 40239 14217 6202 22418 46137 35517 13790 46209 40532 47872 45272 29000 34355 24348 17970 13685 11516 12920 27329 5046 7342 31799 24762 17953 19157 43739 21779 20124 15296 16726 37049 19516 37781 23975 2200 17290 43170 14424 31232 33611 5112 32885 25646 19464 21520 40180 14690 9768 39009 45463 11649 43551 2616 1256 46300 16890 26343 786 48717 9942 19589 13996 35646 39660 17567 1914 3455 25889 12468 27502 11185 21059 22964 45150 15639 1700 40096 18992 49463 31947 39840 43752 1565 30376 49658 39612 21867 20506 41209 2263 39959 38540 14677 5250 4098 45762 20384 16829 3586 5620 9789 3082 30689 42873 38924 47456 5983 45788 23004 40173 470 49904 19966 38659 44237 29243 13500 49863 47122 1098 14763 11691 35208 37566 48762 44140 39980 36494 4794 32155 21314 1867 10693 20664 13195 21051 35435 2754 30409 39631 27098 3269 41854 32748 40501 14833 23502 13382 13011 35687 34776 24150 25574 8605 38817 8378 39949 37425 42259 26861 90 11640 35689 27806 23757 6735 47791 40858 32572 12938 29668 8614 14558 16280 33101 49129 13166 7299 43692 8828 17244 32718 35660 9716 46250 3164 16566 20299 13802 41892 15945 7115 8729 13556 19901 28388 17006 4770 12072 38282 22364 8149 11907 49584 32881 6141 38532 43458 30050 29600 28729 48968 13080 41164 17909 44074 35077 6960 48597 23218 14357 5800 3229 47751 40939 1156 20702 47105 15966 13626 24037 25624 43387 18127 33189 20727 14968 2715 16106 16514 490 33011 29333 12812 28815 30838 39424 38844 49635 2107 1151 40251 21715 48964 32223 23163 4902 17984 44242 31016 28649 24814 44638 47991 1291 12668 5020 44018 13850 9809 2222 28075 3119 6449 18452 1258 39921 11935 46437 3962 24849 31092 25804 40669 8310 15637 44334 21584 10891 32464 45413 8570 18226 21110 14605 49367 37000 37383 19243 20263 9580 34387 45470 30006 47617 11793 619 5196 40551 5593 36826 6823 6899 34416 13051 7196 7290 3910 29956 14769 33640 21981 27585 7805 10524 24760 10567 1408 49663 12388 28060 7957 7347 13883 34036 10710 6844 10453 85 47381 44449 43932 3335 31472 10464 12487 31326 28089 28215 20732 37703 44804 27289 29964 13385 29252 37181 22199 24420 890 35263 47148 46171 24835 14683 31297 22289 11939 20358 11900 38396 48356 24346 40227 6732 19595 36751 47962 31409 35291 22359 1985 19902 30651 38868 39431 37556 5840 33643 37905 46489 31820 26936 7377 14849 22918 28020 48252 23092 47654 7932 2491 30161 10597 32833 15790 4614 46688 49719 9978 33434 41728 49924 32363 11857 29599 45360 3354 17947 34880 9897 30103 22766 44890 122 6419 23870 30733 35454 45070 18800 38468 38250 42192 41349 11312 30272 32331 14051 42506 20087 47306 27201 22086 5264 6904 15996 36628 36206 38612 43836 27014 48541 26915 35589 13277 1639 30804 38385 32974 6923 47340 36643 25536 23327 47189 45927 44130 2932 16874 47709 47442 4988 8959 42967 34989 17479 22966 34526 25209 38426 39970 49250 40702 9543 35068 7751 24194 25739 21266 41063 7157 39895 34807 24356 36662 14584 18049 24691 32269 20435 19022 29503 5717 22889 3574 1903 49988 20168 46652 5214 43251 19755 31859 10698 47669 13671 39557 40223 13471 12691 25195 4119 9769 49686 37451 12348 22643 17745 15979 15908 32159 13181 16159 48127 19250 14620 34889 40205 43899 31600 45695 47710 43165 39681 42696 39178 1190 38559 33318 9790 29592 3345 22267 20889 17194 3520 35995 7733 26536 33128 7523 14252 35277 39654 12761 35156 43054 20000 3864 14448 27897 40154 45605 30825 38790 1506 23222 426 41786 23031 35500 26103 2159 49488 44801 42346 29289 22712 7308 29826 42384 42924 22370 28599 40870 19376 42574 18565 35050 6128 43413 28757 41442 41999 23914 32403 21191 3210 41017 22478 32205 46036 4043 32147 28661 42751 27492 17306 44215 29747 38971 11631 27174 31576 29553 22944 19389 26440 21212 49819 8905 19988 22336 41180 9200 35597 33743 12945 47065 29051 20162 200 4351 40720 42021 31844 8611 458 32383 34129 42535 15755 10246 19209 21324 41785 28478 37753 43144 10480 13437 48842 43488 47080 4890 19527 41617 13569 1105 48523 20856 47012 42165 41278 42628 16276 27861 38436 13330 43521 24590 44486 20758 6061 14079 24049 29989 13656 45914 17116 26968 23312 26157 24056 23422 27668 17314 6845 32102 35076 26947 9784 26000 24224 40405 4117 43185 25137 16795 6939 40784 28635 11909 45789 34967 19285 10236 12734 44737 37152 13087 41129 44883 1513 38512 39725 15429 31845 25052 21455 2052 3060 14771 27817 17520 31436 31802 29330 2661 42990 42737 37710 11152 6513 48348 42786 35651 49467 40309 22153 29755 42869 17565 25456 31767 30846 33362 2970 43323 724 12523 47904 11681 30281 11630 39002 10887 43461 37561 45744 34819 367 25316 44875 19915 37173 37684 31237 8352 26856 6521 24824 7133 3820 34499 16220 455 31861 30508 5397 1519 24558 882 20589 42262 35177 31181 29864 47217 36017 28415 47459 26918 10799 22581 43775 40454 22221 48634 18337 19466 480 24345 23337 12969 39213 42447 13570 13420 4984 15553 4299 44045 29817 1082 15104 40082 41860 36082 48143 28700 6150 3170 40317 23780 49587 8015 13336 21330 49867 9495 1968 7992 20787 23093 41269 35422 26820 9147 30407 9041 49507 11203 28022 21120 18950 19665 22257 27214 30254 44359 10758 48289 23912 3044 40519 35952 39655 6799 4132 42637 24754 22089 3189 12672 47551 13599 45267 4481 13604 49902 43741 36656 25416 24588 24468 8699 15665 24508 45875 25497 20684 6996 42410 27789 1613 40555 39469 22375 47284 39834 23037 12888 29010 6675 33117 49795 13225 37010 38830 30269 14106 47223 41032 3835 24834 32821 18771 46716 36259 15294 40533 46580 11533 10602 4782 43329 34991 22756 27799 4963 49961 14451 21985 32074 48097 465 18338 23745 19093 26784 4107 3538 23961 17517 23712 24269 7732 35680 8848 7256 39357 38732 17769 17357 15325 27744 6989 3777 30583 16769 44526 5985 42607 41311 7344 21466 45033 1428 2172 3624 1110 15463 20668 37533 43212 17823 37060 2034 36633 26771 3227 12213 43868 26101 24371 48961 10029 34727 16664 33328 27748 27161 18696 6633 4415 23181 12145 10349 47200 34318 19590 33737 36775 13855 40680 40171 35008 13149 43006 34238 49123 20867 24267 5245 9821 36416 48400 17122 32399 634 17311 26319 14967 41751 3682 3143 39064 43189 4045 4711 42336 9935 21752 32019 29430 47004 1174 43133 35360 14347 41988 15673 14224 10393 28687 9540 16481 1243 4392 46932 39706 31074 11392 44583 17525 7672 13755 39121 47624 45676 3058 6004 42725 27737 16297 3039 2148 3128 48390 19778 23067 28496 42065 45755 11882 18209 31644 36394 29874 35251 38300 36611 279 45455 5315 42982 18748 34443 8877 38466 13710 37056 42455 46248 4219 23667 31569 9486 42327 28998 23052 30368 27427 13800 20200 42729 4582 40588 31447 46373 36323 49684 48503 30919 4509 32314 49433 127 38671 28553 19296 35274 19122 16410 10331 3344 27518 46395 12641 40579 29844 22298 40131 37121 48177 11744 20977 41028 27054 4848 29806 34398 287 10115 10552 30984 34028 26565 36568 32030 13396 32460 13148 28519 39501 4461 193 6496 18953 20334 12509 30217 43182 23473 6628 2904 38126 40569 14672 23839 30003 5851 22854 40189 7397 49429 31864 19535 46055 45202 2918 42980 20218 18888 45716 9539 1809 49860 27706 26041 25946 15187 5137 2863 15174 29569 12070 49435 18414 13458 16184 32193 2392 37208 38405 37225 15499 33037 12798 45751 18250 24622 25780 2750 43547 14090 21468 5981 10171 37055 23210 32795 26318 17616 15108 27463 47139 44601 10913 678 36077 28596 28063 2764 211 49451 48406 13568 19692 40935 12643 48167 8613 48691 18645 24016 47921 3615 17380 13502 47529 18596 12897 2233 45879 44146 8943 26763 33230 41238 29131 14419 2889 43199 43645 36719 49831 39024 20551 35788 29066 37136 41592 5486 9248 18527 18247 27902 22559 2227 36790 26766 12099 25027 9609 47025 45190 6533 4856 30111 43713 37731 7282 43338 27560 43011 45703 34061 44680 33269 48537 23196 45871 23071 16459 35326 45759 27188 22149 10778 10063 6382 7448 35175 28900 47889 4373 8568 24538 21694 34380 18286 18492 40068 29807 16892 24220 37508 1558 15074 3583 3356 37928 34862 39663 19708 13025 28196 10516 11560 34529 2437 11360 28506 16395 23225 31329 47290 30083 7042 12156 38365 44559 5677 18288 20883 3892 47097 15135 18172 21084 26205 36644 41206 14262 34314 44318 47515 35542 7209 41345 44914 46135 32009 29507 28371 3874 24709 16968 15215 33367 30289 1712 20540 6005 23220 26180 34187 605 42851 10954 2522 11007 42740 40366 30590 47190 1333 49099 19765 46962 28954 1818 869 8815 16151 12688 45061 9639 17656 4895 47117 16173 31881 44813 47028 49984 27868 21771 10761 46457 36649 44635 9895 2323 5650 930 38696 37524 43332 31029 17497 49440 24892 27982 49943 27890 27260 3961 10672 39576 1627 48227 47055 25576 566 17364 17476 34347 7898 41862 10921 6341 28836 31228 38358 4337 46564 23892 34260 17995 16043 47735 27418 13949 20691 44212 34992 26779 44730 6657 12786 19614 19876 46327 13611 20970 21121 24943 19137 17851 28466 33505 15725 19905 22283 15556 32872 35041 46378 4205 15161 34929 41942 45317 27582 39086 29896 43661 31445 38208 46267 45607 3161 45825 37544 32324 10170 25592 43528 36204 2421 36006 12581 47129 16799 27549 32170 28443 10187 7762 14961 16139 49443 30031 43211 25810 8525 14976 4926 31984 34732 34214 3349 13377 26224 17034 39633 31659 15163 15671 36350 10191 7969 48629 7098 6601 18326 26993 48921 38802 13911 2256 35433 37542 6439 41314 34457 41302 913 40665 7766 43517 42837 44514 4095 2914 22219 2862 17921 48135 6958 25034 36426 46268 42188 21733 29691 19711 40843 26674 3499 49577 1438 35940 40964 37500 48745 27948 2291 23615 1601 20638 37967 18963 14729 47738 13876 29234 20027 486 18123 37083 22628 39884 15363 7204 32125 35499 39097 8578 10955 25598 17181 28182 22988 44753 37355 14025 39499 10469 43849 45096 12493 31392 17162 31195 42555 13230 29539 29438 6686 19357 11448 44533 6377 40842 14253 16221 27808 15410 36161 35856 31236 30650 3552 49549 2595 9039 15599 8550 14745 45242 9777 31470 25662 6339 4254 37392 19859 15764 6412 18548 40732 46891 21669 21485 6549 2454 6649 41995 28325 17395 7090 45891 37105 48542 37103 46460 37961 32689 15301 33380 16465 21822 41593 23787 40369 6668 33398 14103 27438 18385 34230 748 13323 13041 28524 25211 14116 11217 43075 15444 17913 9007 6756 5933 22177 13579 26974 7593 42316 37363 26982 13620 23230 41729 2142 5441 2690 9458 26375 48314 42105 21153 13844 12652 36296 40490 44901 7283 35329 26151 38823 38829 45443 21948 24418 1848 23924 25328 8261 607 2644 9848 22534 35750 16391 38837 5481 43754 46190 27870 7820 15001 38494 43871 20816 45830 39808 27798 22380 1946 3708 36529 36354 46989 17083 41000 34382 36772 39045 21912 17077 27110 7069 44898 45026 18287 49813 12172 18584 18784 37669 16541 8290 49486 3932 10433 38862 37811 13707 22748 10738 8545 20142 13718 9875 10688 17714 20258 6800 44810 19168 34515 13271 26873 2475 29885 32545 11981 13242 30274 15802 39226 26030 17058 32685 19014 9340 20295 22609 27755 43085 49621 39274 2018 8851 48834 30777 48107 23671 31484 47168 37002 25572 8215 13078 36290 37831 41651 47134 8721 25360 39920 14463 439 14852 46482 40854 18803 1018 24498 13567 17777 9006 32190 1873 37198 20465 14356 47634 22815 31449 20553 29992 1166 16744 8241 14930 25557 37699 10431 29444 40823 33029 7987 20999 10968 11538 20315 49797 26546 26429 27865 39316 32356 31786 40272 26474 15027 40195 202 28238 47776 40951 18966 25450 44536 6208 37199 47305 28908 2022 8945 23959 104 16006 38445 43181 27978 38968 30130 38154 10336 13090 13562 27134 9729 23058 43416 17569 24499 24522 5303 29336 22031 11753 17003 9812 20790 6384 23619 27433 25884 12120 29272 17189 30669 16739 23441 10846 40401 46201 40676 40979 36673 38190 38135 20887 7311 33134 8843 39341 12157 34366 13947 9851 16536 37694 23652 12303 26833 4242 23938 24312 44317 37663 5655 22437 24075 24090 656 38548 15549 1048 36930 22563 18889 24199 45368 25490 26703 12235 35898 9902 9146 47615 10154 37969 10659 34983 2725 1270 10815 36949 21634 39229 8897 6571 3888 359 25629 15009 17967 41043 22389 19368 44268 23639 2515 48121 17201 29276 44923 28411 32368 35434 46967 37490 15794 9811 20510 35313 46365 15982 36794 7484 13301 34363 2795 20886 25076 1170 34297 28981 15603 34075 3099 15167 21915 17400 22183 38298 31564 21858 4472 18671 38078 43293 34378 27729 16884 47912 3827 8991 6862 17324 3654 36830 26231 6731 30489 11540 13907 16387 30095 832 49114 1670 21262 2406 39235 42374 45489 29176 24906 3124 41997 7440 15291 22780 15989 10340 29197 120 32187 17330 19306 40340 23521 11390 46832 29416 1299 22875 4923 20962 41079 40652 17704 20921 19847 33050 47486 2905 31204 18661 11405 22362 43929 25159 3738 47588 21787 23605 16449 3423 36228 11304 5442 6160 31180 16978 30571 29776 36122 11998 14517 45908 48363 22851 17188 29909 25232 10065 5975 22396 6995 19295 39385 39551 37764 977 21692 20108 31245 29286 39546 26306 47338 17309 19752 33732 17980 15501 32745 1309 43644 33871 7221 30317 20325 1185 1199 329 43764 44115 37413 12872 36520 48988 38591 21567 7107 448 22341 28556 4997 21148 20385 38481 45576 29274 29637 45934 33668 16757 37573 20579 7929 20156 43417 36484 17296 25734 16213 37150 37399 30018 3296 34191 38983 26337 44094 45029 47979 19628 40018 8306 13811 34219 20892 41009 34346 49223 40397 922 25918 29486 42626 45630 28423 40296 38665 45852 36676 39353 2722 47630 46943 6437 15212 13956 8514 15977 3274 33150 40418 32581 42894 20546 35153 42904 24546 37081 46651 16736 32532 45434 14709 43766 3559 24236 6019 3256 44550 45859 10926 173 45945 713 29682 10514 14013 25008 41467 18025 30202 4258 1359 18787 49728 41506 46916 20801 28373 43758 14616 46121 37044 15888 23689 42929 46701 19126 36460 43019 3325 8195 6077 9397 28448 1586 20596 7787 35724 1443 39509 26248 20199 35288 38079 41188 49196 1142 13196 24589 23490 23727 23126 15893 41821 21057 22497 1173 45319 16661 21940 18417 28787 6348 48346 2507 8344 29502 4352 17063 48527 38555 14403 22287 33569 16970 26476 41543 2709 13683 5939 40387 21965 18774 32341 40320 34275 31295 6811 36827 6698 16245 39743 20612 33645 6741 9819 21938 1427 43143 11888 22391 12249 39246 39203 45042 28317 16136 33474 31812 23484 19396 45603 49049 46647 7646 7104 42716 46511 10686 16083 14899 24103 34326 27028 26495 3214 48522 2041 35468 19354 38239 47423 27875 7029 48581 19129 15157 25815 7400 4466 11634 38893 44838 4348 26914 2991 18574 9238 31728 20420 48388 20899 31597 26284 30207 4109 8499 33204 23019 41117 30382 9205 6770 21477 17601 27950 23482 12632 31301 5092 15765 46777 35324 16194 19299 46798 11402 19314 18817 7990 9661 46380 23130 36232 47172 49184 32777 6854 5625 19701 33501 44995 46312 7178 28425 35040 2867 43847 34969 1761 25604 22698 11069 43569 16479 35058 7975 24803 12322 13059 15807 15244 22318 12764 18657 47773 7062 46388 3810 19257 24321 32249 17570 6884 43657 22101 12662 17450 46363 16330 3931 49188 17699 40182 45110 29148 14167 33757 2916 9026 24015 49767 16805 27271 35815 11777 45735 34621 41789 40578 8599 46560 20916 1847 19880 10828 10046 7278 49917 5128 37472 14697 31866 26187 33621 14145 14924 34394 40425 42162 3016 23767 40825 29004 41408 36707 8437 25373 26872 14548 24904 10637 32617 37281 7243 25074 3622 18069 27204 37774 11830 9430 19973 21624 21204 19246 7811 13110 2339 13918 12924 45067 49221 29998 22171 13106 3126 41305 33614 32273 47681 2114 44412 16126 39050 23349 33679 13173 34000 27523 41294 20896 43938 1724 24923 11218 18546 26567 25855 2680 1954 7046 35914 42658 14411 11486 39175 25144 25782 8347 5957 2866 43834 898 46794 4427 49610 29774 46376 11502 277 19262 30476 48254 28224 15300 28310 556 26246 39124 42069 951 2514 48822 9771 36968 19687 46123 22674 18348 21544 4646 46212 27041 37613 799 19910 38062 14824 35819 46122 42964 49720 40649 54 35742 24426 9853 5744 37219 37676 19065 34144 13060 43159 32282 47873 12328 38944 3197 42520 1103 4802 32349 3990 35169 14012 17051 28699 3169 48891 38558 39689 10460 11112 6432 39832 46180 29669 21235 14152 4417 46874 47208 37320 44342 5038 5134 26983 25581 12178 5090 43717 1815 26590 10991 40821 16756 19779 49031 46503 49270 7785 13088 18422 11604 10666 19244 22865 36879 14050 22083 25921 39065 34193 46158 31049 14604 28410 29215 20417 2516 34026 29028 16560 38661 23269 17322 21615 24656 1816 12549 42881 31351 13253 7364 15880 6090 5403 11045 38724 23566 36806 8666 22255 27536 9088 42049 49838 48401 33550 45689 5129 10268 37856 11692 19577 1748 27139 10173 21276 39913 454 29143 48715 10195 39769 19519 21598 19699 8640 7294 29861 1559 26508 1910 18562 30686 17812 25531 4431 29765 44573 22135 37183 36557 9257 10466 48169 40657 408 30029 18094 36723 5885 11077 21730 22602 3872 25141 16058 19461 47183 39848 46672 4294 21510 8121 38614 28016 21686 16268 46814 45415 12361 4084 755 25973 5921 6557 35799 22023 29203 11086 48015 44327 49881 17414 45079 11661 8537 12353 6262 27419 9198 6256 18808 39522 29098 37362 47076 14666 39796 13315 48273 37583 21998 8233 32001 24686 6279 6546 24000 23535 42343 13754 36894 9644 9001 38751 6192 5890 2506 33809 3566 7618 12039 28445 45867 31541 7956 46594 43344 12122 38487 46090 33178 32939 17740 47893 12647 40930 11195 12476 47251 11724 8508 44725 28087 26422 19581 30601 14029 47044 18371 26450 21977 43952 26303 21764 35011 46527 19947 33842 17448 21607 32189 27090 34319 22430 29649 19324 18388 48693 8475 41690 37940 4156 13184 10058 27192 706 29225 482 37288 14613 39082 2598 25700 13750 27442 24128 49673 40607 45391 42561 25089 23583 11623 15058 3141 44252 4110 12701 43745 20437 21046 3602 7169 9065 1228 36831 5509 92 9163 49741 1708 34055 9492 32400 21684 14860 48239 39860 20808 27515 24628 43186 35820 36884 40152 36797 34633 34745 29840 3182 7189 11403 28818 20433 7219 35943 32800 12827 17799 11810 40747 44852 40828 1195 19399 17692 43449 33051 31536 41779 38650 22510 32544 43275 20609 49914 40432 15524 13064 8781 21127 7936 14726 23641 6523 28457 28835 8235 4272 15150 14823 32736 11493 22882 47274 3688 46991 19811 48372 33840 45860 5951 43166 29875 44286 23435 34087 41766 13856 5615 10607 11614 17098 26456 42389 11442 41070 22133 17487 29663 34804 11279 26409 19801 14216 6532 38051 37796 5364 18437 6155 39814 26481 7848 47759 9909 7409 3782 9219 9229 43463 31762 30400 25630 5850 46408 3342 6932 17014 34320 5201 15778 31146 10423 36555 11126 12226 41905 49655 42572 43146 12401 99 21842 20296 21479 46737 24828 7370 7644 43414 23348 17847 10694 20717 43316 5734 11416 20844 45707 39620 38422 35173 6351 46334 32586 14359 22273 8360 30223 10635 16125 22518 29483 19096 23782 21093 30474 45834 4700 17540 12588 41162 27793 13480 28129 9531 24693 32297 43869 47049 31871 17486 27379 5986 14022 41476 26516 26540 31134 43067 466 11829 23940 38019 20208 43082 20083 48467 46424 40911 6599 46157 21617 2803 24290 30666 8558 23380 19823 5306 16928 36907 8873 36905 30570 41214 47487 3313 34311 47784 5111 30859 32089 1769 2902 12751 22280 49511 46919 9153 33025 8503 20102 6305 39005 42609 35069 25811 17289 33469 23644 2944 14685 34404 22358 32195 48071 32031 10128 45536 28851 20687 45970 8436 46927 29699 39738 10834 6383 14366 4371 28209 20177 13779 23315 39792 1638 38479 12126 37891 31124 36431 29158 34336 30917 35999 22917 34966 46539 49893 32298 1922 1668 18236 5613 36409 27165 1413 2376 26652 43001 17843 27649 13304 32908 33669 42347 32765 1528 33676 39841 24604 18672 16545 16844 20652 39666 16437 7863 30416 32145 27810 35290 21000 27603 42263 34185 16818 26079 11559 16404 10108 6472 12097 19714 146 37260 10373 4140 48391 14069 45743 29147 24988 28107 44482 10083 10601 25711 27092 32397 40282 12334 43707 970 39314 25234 41385 41724 44612 14946 31451 12193 23835 27446 1095 7670 23935 22718 21939 40572 38873 29468 43138 35832 29746 12418 35593 42136 2070 12972 35956 38211 15349 26512 46237 21588 10400 39767 1969 341 16912 2794 44459 45468 18689 26740 4847 38883 39991 37154 13058 32600 11204 7433 41546 34327 24203 16607 11746 42969 14859 17477 44455 511 27297 42504 21950 5215 17544 3059 17167 10437 17706 35199 27600 2212 25827 15177 21759 41798 45965 23391 36525 25419 18012 6760 46930 46571 15923 45246 48334 40474 7586 41602 12421 21031 16471 41438 9478 32440 32878 6231 41471 13115 21202 23023 43027 47045 2676 9100 17089 18057 8245 43690 31714 32084 7592 12204 8969 42762 13730 45403 44663 16896 9380 82 523 1374 24488 33123 23128 18588 23879 26549 39647 9994 6000 45447 37093 15872 20101 25716 35823 37478 45794 36812 21244 34645 24364 24782 6178 16261 36245 2300 33197 41061 5292 8520 33519 27665 24413 9057 6677 35381 11014 32861 46921 31037 7546 5263 28367 31932 6561 13224 7590 43322 39815 4281 5036 6661 8845 36747 49359 9127 48286 5325 42557 30785 11092 38926 10213 2825 40943 2169 77 3802 20240 19307 464 24173 5993 2796 47711 27784 4460 24748 13491 35927 20275 41524 29805 14402 19249 49726 48327 4445 30233 21747 17512 38403 2118 25637 19780 20006 18536 31038 7650 43317 6987 10345 31381 10447 2482 48630 20416 28863 26009 18969 11765 47230 44249 28657 44504 34092 42874 650 11731 42532 14997 2097 39581 11612 6527 4531 32579 11997 10224 22208 40954 1576 24690 15142 21719 14861 44677 4314 20340 46060 28781 27818 2442 22719 11137 42357 38392 48104 19927 24227 35892 30782 19791 39366 38417 25880 48084 47108 26155 47937 31793 44129 18910 41630 28504 41151 44 36294 26250 31766 18559 15218 48997 45585 42271 24968 27035 42163 47641 22685 5641 2549 4208 18583 45976 33675 29418 27452 19344 40414 12956 189 22462 31273 35688 1496 28055 5159 13623 18281 40203 26539 36304 44027 45449 49324 5752 43234 8620 47809 4465 13372 37166 12937 781 24101 28893 30606 27129 32214 2158 8710 36158 21743 39429 46687 25473 12959 11942 46255 30100 6680 1378 16201 44277 18765 46069 40757 31082 24400 1522 42119 21206 30296 14565 12223 10736 17880 48505 16599 30642 41215 30993 20568 33628 22729 18566 15317 39484 27586 38602 549 41930 27884 12228 24119 36684 33075 49723 42280 30351 15043 25156 49642 48689 49047 41310 5431 20304 6583 47304 1071 24807 36748 48582 37418 28827 47191 45501 16898 30491 10861 10852 49320 10784 44828 7292 16112 3993 18920 40404 35702 6709 6064 19742 32835 7540 35703 20479 13614 21603 7022 311 6767 974 26236 29474 11221 35774 17140 30227 37454 43874 24543 15910 13003 29645 46741 22237 6106 49724 9467 9 22111 44419 43830 36563 8155 49012 18256 19751 11169 39373 19421 44258 3755 27647 6333 41752 25776 15562 31458 42899 25314 45928 34400 1020 6296 8587 29677 36546 5754 6919 38279 23897 26879 28598 28029 23203 45038 11388 28929 30958 23429 16382 8122 42007 8357 26890 21655 12619 49332 21142 49975 49799 2045 43094 7161 17152 22210 13616 1019 45481 11272 17573 32599 39891 8698 26487 47385 17350 30857 31772 46642 16850 49908 7011 17485 494 10507 12757 33919 37287 40062 30685 27779 40764 33450 18701 41389 3406 29315 42161 25318 1722 29488 9500 24113 5550 20073 17159 42421 15526 17674 41661 42536 29174 6222 19546 13136 25444 34949 42978 37322 21751 8466 35896 34031 37896 27580 16416 701 20951 49644 13960 34269 16244 9437 38834 5843 13914 15851 42789 19431 1454 25591 26726 41763 16643 21815 22744 3842 29591 9265 4899 2720 27516 37901 16907 37828 30660 40827 17665 6257 18314 6921 4451 11621 40673 38800 10116 41736 9455 44225 39392 46332 9408 14843 863 15938 41160 42611 32550 10477 33934 38088 44488 7994 40980 15571 10648 24666 36864 46054 16834 38394 17043 30518 5654 38624 44800 1974 2801 34107 48082 32393 6620 6457 42428 24031 44726 5590 37546 30815 19588 48550 11762 27776 35143 28931 9129 10341 7653 13868 17359 28141 37528 9739 38366 10181 22933 49926 39477 12323 34519 10163 47285 41252 46779 5054 28894 9354 2326 25872 24829 42666 27778 48312 34174 19346 13123 12558 23560 4954 44793 20985 21068 33285 7587 9542 44379 24259 41508 33896 9436 47772 31780 1169 15734 26828 8920 15080 5791 42866 40722 40148 24286 48579 8159 40258 5812 43966 19495 43535 21565 25703 19007 42531 18093 39602 5991 30923 29737 15506 9395 460 13897 44703 33945 14107 28872 12950 47361 42238 46010 13495 22635 48200 1893 39510 41308 41947 30890 48869 17177 42011 25881 39372 28288 40700 41880 34066 37803 36061 12800 39571 49891 33634 6530 12548 5955 32230 14320 13023 34449 13935 35912 4566 26640 24772 39224 6235 15776 15271 13207 2116 11006 42825 30577 44138 33209 7970 26353 35082 6395 5750 25653 13334 30718 13772 27254 37714 33833 29077 40417 20015 2280 42996 9958 37306 35461 46521 8249 36018 47038 25561 22566 48508 33547 24653 21434 48397 17372 4485 11642 12785 35138 17145 27693 9450 30201 9076 33877 6240 42710 38667 7458 49544 11482 4292 25721 36201 18727 14279 18529 38577 35301 23110 17837 32123 48908 6579 12370 46367 44256 18045 41769 42544 15168 29006 43527 20750 29926 11430 43897 14418 20890 32986 2692 35295 31783 47779 8334 27407 222 44267 37846 13575 9400 267 14456 39265 18303 45303 40498 45837 47687 17751 8271 44441 31441 43155 35247 23033 1127 38587 13034 11928 26671 43506 8936 5141 13398 17781 40384 9521 19890 48543 16901 47430 8527 8973 14813 38691 12040 10404 19365 18201 12966 34814 40051 37734 8415 46517 25651 38542 5996 20454 6258 2704 1324 15397 36931 6277 39101 21688 33625 38177 43261 1149 33170 5980 41167 5255 5877 44329 14444 24575 31570 27189 35911 20243 28713 36621 40304 17441 10467 21932 3849 7539 3569 25256 45684 45877 44153 20591 27511 49862 45131 18860 32865 16440 5305 30038 36518 49076 39579 12911 12589 2840 1360 20666 26655 23197 13241 33538 17920 25539 19251 13782 32554 35444 5820 46525 16324 39665 23458 39343 11897 45340 13423 31446 29288 7520 39089 46562 46181 35162 11337 36071 16824 9433 15963 21107 9599 41494 40894 22134 39278 15609 47861 49850 38480 35158 15847 16707 13853 15770 19348 24969 24159 15547 25654 28150 48250 9443 41190 37217 28177 48387 37906 20661 28946 40080 11365 43967 39308 40834 29769 46347 1789 13962 31700 38029 44889 18861 45571 25250 10807 43156 34467 31473 47697 10533 44789 22562 31288 42893 42884 48572 42461 86 27466 31664 46998 17647 22342 11785 23971 2605 23508 37350 2639 7318 33280 33993 48017 35767 15984 40567 28522 24117 7272 31149 5043 37642 16369 452 33576 48448 23986 25158 2464 32911 15224 22625 33582 30589 40786 43888 20918 38763 26354 31259 43621 49740 19839 37047 17539 34365 4464 43533 7595 37042 42241 25169 2258 10217 9384 4619 9712 20539 33518 26189 42224 9420 14374 4852 33991 27910 36129 31460 35535 26431 25146 28755 47424 5300 5529 34502 35108 30837 31797 44715 21746 29561 16638 48530 24447 5646 4101 37904 21645 9527 48117 422 21773 7505 8821 33247 9231 10126 18656 41909 673 4599 34307 3379 41705 590 44869 26421 13870 16562 17556 18862 30776 37785 5852 11034 38572 13587 42222 49330 36738 9530 35547 29209 3590 35806 48567 26654 19478 46095 36718 8683 26175 39262 3092 1810 27029 13713 48053 14754 37959 42199 25693 46066 5576 9204 41414 20532 1773 49380 25236 26746 8053 9077 972 39835 2681 530 4898 35129 33363 23311 41634 7251 18097 17186 27904 44865 6555 44987 19282 31607 12192 7304 38308 7368 43050 44976 8284 27470 48238 47896 43971 27609 29347 39847 26514 46847 36630 16971 33583 7057 10459 30059 5106 42334 17667 49436 39910 31540 31854 17983 43059 20718 9056 22226 4029 46821 12391 40576 41044 41481 21742 20337 27481 5585 32930 47970 42484 42444 42362 47291 39616 28583 3550 181 48993 41122 38457 26719 33138 38759 40091 47220 43129 32526 11719 12090 20924 12899 25163 13672 23121 48804 34846 38921 936 11285 1621 45842 7559 28308 38147 5755 23247 23808 32756 25759 15476 20343 10976 39818 1354 1081 43036 44205 591 17543 39938 23618 43339 11377 40512 12125 14194 69 16801 6765 39138 13190 1198 4508 45310 30070 16843 12736 3419 34520 42634 29899 19770 28405 16973 22395 31186 42433 33182 34848 33908 39149 9193 33401 10972 33710 17378 14182 28268 12374 15417 37009 44210 19524 32868 45583 26298 37930 47174 24950 39525 41803 22873 21750 45940 19393 31159 9131 28861 19754 31034 22242 26012 39883 13082 31422 1475 8757 16614 45108 42052 32883 19488 24054 23461 43703 23017 9683 39215 885 18951 33403 41083 39310 8814 43353 46540 29532 16318 29246 47629 4394 49995 47870 2972 13756 15904 38407 10337 5023 16925 25972 43375 22630 27031 18075 44178 29517 25944 49857 692 5358 764 34919 5634 8309 6753 32322 34481 34945 25219 13926 25422 33131 24971 10998 27004 4088 13094 30205 1379 46459 49190 34342 16250 47891 44644 38104 8443 36699 15949 10279 46218 27353 15246 11879 1786 35663 16411 36155 12209 9523 19716 14504 9906 16333 13269 23417 34357 46477 10764 3825 45704 30850 28280 26491 17600 18461 32758 16157 34560 8164 27126 34439 23736 996 28684 8434 11969 6451 20205 5316 15630 2006 25147 31282 46283 15140 3361 34126 11111 24542 27765 8054 46417 29414 32080 34918 20497 16612 14775 38171 49744 27434 25469 3676 39135 17012 9177 33857 45372 16307 46430 3175 18838 42828 35904 20770 20521 43334 4993 17649 41841 539 1502 2055 18792 45793 44148 28637 41178 15797 19436 11413 21243 30341 38901 5268 8042 26816 34859 32947 27173 5827 49130 22699 36352 33601 47909 18043 46653 10911 7515 19164 926 40090 5543 2301 21186 46294 20209 21502 43273 5458 30 43546 36773 18142 8420 20561 30523 14161 13160 35867 22842 47236 17641 10353 22834 28770 45770 39898 13200 26152 15084 43475 45462 11613 14220 46360 36556 6345 22763 14641 47683 2272 31803 8406 38418 4921 34125 6829 48554 16484 4435 27372 36782 40204 6510 22548 9023 21731 16899 47391 1439 32471 10580 915 36192 33777 22201 3907 35516 35503 12422 41757 40382 24494 19113 22533 7565 25186 17313 17826 41244 2084 16246 28166 46236 49503 2040 9290 8755 43544 39791 28459 7642 1592 25267 20935 28489 31421 34559 4149 31788 36934 38285 41088 20679 10145 2885 5832 17294 38682 48429 22268 33215 25170 25082 14388 18249 29305 38897 7222 16935 30524 10052 24086 33597 38529 1828 40231 15672 1523 5487 20453 23594 40437 27483 13367 1003 32293 49242 5131 4329 35207 35647 24914 20227 32094 42138 34790 8938 43829 272 41510 13794 35445 26962 37331 38370 27023 47581 13588 26617 1395 3055 46152 24110 13764 49886 46384 30401 25825 10209 7426 14404 9607 4413 30709 20810 43466 28764 25613 28715 47023 23366 36528 24422 10697 12593 44922 32338 22161 44763 18770 41555 42319 27888 33799 7147 44861 43309 14680 39976 44185 29047 15916 47999 49390 2854 34 12871 36427 20820 39582 31966 15924 2157 28927 39195 13984 37404 49201 32339 40481 45137 41520 9972 28446 48370 38961 46700 35572 34027 12007 21500 47444 12298 34139 44702 22215 3089 25618 10979 12587 32513 26967 12297 44420 48621 30711 10510 40750 21918 2405 22467 10166 3867 8045 44117 41347 33935 19655 12295 5739 44860 34235 9753 39286 31863 42815 23592 18581 28896 14960 9241 31136 31276 16595 15799 28147 14679 29235 26533 36207 394 47410 29295 1568 26889 31494 23007 16284 29741 15307 21994 33125 37027 49271 24723 16675 27278 8447 22271 35899 29813 11710 30789 29340 33358 8163 31105 45425 6917 36674 7887 32793 33294 27602 13216 20942 43256 37564 13572 24833 8907 43179 40686 9300 45374 1582 17883 6783 46848 6768 16497 6033 33885 39054 8807 41993 29748 44380 22107 24083 46128 22746 38196 1872 17651 40355 2700 24986 13770 28562 25 31109 25031 27226 14874 15356 11609 35189 4377 27211 40724 34094 98 12957 30546 5346 13066 39707 39627 7635 8498 296 35035 48635 531 2864 15318 1853 23866 45787 11851 7413 11703 21418 47542 13127 17267 49302 26641 2651 37709 3187 28270 14902 25839 20785 30918 6023 108 44822 33943 20613 15248 31895 20396 32914 26168 44279 14461 40508 37087 30263 33655 30463 25475 25160 44637 7208 14988 32723 22158 12252 15961 22546 10110 29229 7906 19095 31440 49352 18554 46817 26272 23542 18181 28307 23512 41430 24507 46485 43004 14985 30866 32785 23270 26293 7829 8479 40136 25189 18541 23539 43255 31531 13063 18868 15181 9534 24980 24085 14828 27676 37596 19974 5080 6008 22340 33357 23257 32482 588 14721 17987 20415 49555 14854 15840 338 44941 6392 22482 22760 36671 30997 7016 45248 46801 32136 39435 45862 36588 26500 2167 463 49656 36617 38437 8966 43618 3717 43152 9086 6171 23558 9246 19445 7267 49303 31608 17402 6046 36448 26869 37102 25772 31334 4489 4512 29945 9414 39903 19822 10456 23877 35456 15059 11864 17388 48024 25828 42270 36097 32131 33260 17609 6672 40633 31454 2563 29854 33214 15277 21924 26555 38550 42209 5689 24580 3517 37025 28899 11229 25443 8800 38499 1388 17310 26544 48603 46409 28717 13637 43297 39863 26798 33892 10933 42154 1690 11011 33292 5108 36152 36808 10424 14990 31886 43683 48296 45658 38290 24189 29664 44301 7088 20864 31504 47348 23735 7563 688 2361 5596 24633 11052 40260 49653 17478 7287 33650 39527 42225 39046 13430 45749 42426 45669 7001 33890 46168 41554 39025 38240 323 9677 10094 44790 6404 26628 26877 20065 33525 30886 25577 22710 24810 15371 20005 36404 24651 9476 45558 34940 21745 49030 41156 22445 10376 17156 26796 7765 44840 21966 46954 18877 40852 23395 32313 8884 34427 1948 14959 10779 13597 10025 11091 9064 36302 47593 35712 27881 5101 44619 46337 46582 48321 4992 30378 26110 37795 28219 2047 10864 23394 40183 7229 8661 8793 22733 13643 47703 24587 17634 26906 44711 2288 28260 36139 19079 2718 41578 24912 19402 21278 38253 47413 11594 16885 12825 3533 33995 41306 30978 23438 41197 9352 22638 24136 7374 33002 18594 38680 10421 26942 31088 22315 11116 10577 30277 39596 30192 46740 6870 28375 25763 47907 27594 1757 25719 46759 9451 3193 35028 6991 41033 25610 21075 40041 2642 18107 15534 31101 40083 39586 1424 35543 49055 34511 18080 16540 4524 38102 26022 49563 42289 15733 25877 14748 25019 30877 16099 28577 28282 6328 22977 43168 37101 26723 8507 4788 26240 34954 14200 33440 23857 9033 49145 46610 21819 49278 37228 28591 27443 1733 24896 44145 10037 9680 40074 37553 7334 3094 49322 243 33430 21190 1650 1279 9757 11270 47086 25553 45020 370 38251 10627 883 37023 25331 9044 37053 23809 30337 27575 10724 14814 23075 15610 11143 21534 18454 41660 15748 14840 2895 26091 44463 41015 31649 1563 21514 40942 15898 44554 41951 10419 11444 10523 9627 45612 35933 10281 22131 24687 48 2412 49385 40995 33856 10111 2168 30893 6455 23498 21864 5249 6273 33808 48979 1822 17187 26342 35102 3390 49929 31231 32508 45538 36311 48293 21156 895 42824 45258 48720 26462 11606 1399 22990 1717 8085 6312 23437 4201 25406 12485 17312 29736 2012 11841 27016 29730 36880 20300 44062 16766 40642 39594 23264 28883 3540 26754 5074 23455 11021 46620 39352 3424 25528 20399 45800 4066 42297 27122 2893 12671 39812 22144 1259 8199 48088 11967 1490 20768 8921 7789 41719 23728 33581 24777 22008 29595 37374 23090 39816 28032 6815 5243 162 22504 33927 5402 35616 3747 36433 31227 8840 42940 21868 46500 10446 34228 49614 15645 49963 29921 42494 12642 4696 48971 2215 33570 42045 11598 38372 41455 2530 10016 36224 29415 10172 29916 33911 16990 16639 46444 45902 21492 17103 13213 17406 11432 36687 49725 5427 38397 22591 11811 25380 41368 45700 45298 36369 2849 34054 47829 3062 47421 46942 42068 46224 31516 8779 8218 10677 3923 33522 20061 26490 9666 39038 9315 43968 26635 18028 41653 8210 25733 20631 1664 20614 2826 30875 35431 44001 7263 47009 12503 4547 295 23660 22770 37089 5341 2726 8870 34190 31047 26090 1593 21504 18242 46563 36990 8311 37277 23238 30495 38188 2518 45686 25511 44111 41003 41640 28549 25338 26077 13290 16421 719 32278 49276 20121 5940 21481 39957 23342 28654 16561 17817 25870 41599 27968 4275 28869 10780 12340 6582 46203 33352 29469 46781 15515 29372 37562 49195 27524 12134 17988 15865 37458 16332 48186 47902 1255 32571 45882 41145 23231 41348 12748 44582 10389 34675 23739 1029 14963 40248 41725 26978 36805 2384 30418 23655 25176 36916 45967 43328 10180 33512 389 9287 28292 46241 12452 22431 20836 36344 34555 35250 16921 18379 47050 28096 894 18676 20408 17417 28485 48782 39653 35614 41428 33026 7213 49874 10316 41904 43180 4148 11132 34704 11393 18266 27780 35972 4604 12299 40122 16883 43440 43530 31485 47293 611 22371 8248 28960 2858 37264 9225 67 11144 28247 39368 26455 32432 21169 19230 41007 19084 23803 22583 10235 37020 3360 38335 596 21671 10031 10653 23158 44652 34917 47192 44163 38414 15903 21591 37096 7602 13696 16426 25302 22301 33834 34687 13573 44965 18991 46053 38143 44591 44613 16641 2247 48494 17895 1356 3353 32507 22715 26463 7866 47277 25891 29880 2511 45013 17200 36183 37389 34852 2290 30731 36075 18890 34757 20367 969 25729 32265 17685 22128 26524 48202 10636 23319 33256 15477 30024 9884 44017 19185 23486 5874 32529 2381 41011 1787 24676 48020 48367 22299 16547 2625 49376 40301 9836 46538 29984 41192 40666 6794 39183 27996 5144 47042 11031 49692 44805 11066 48663 16174 11553 15557 21631 5220 9711 45850 48001 33682 43384 40754 9059 32805 204 11228 25579 26800 8035 37011 2749 30321 46199 45001 48211 34822 34977 17285 26823 632 25079 26781 47715 21550 42538 11596 20445 23465 9310 28523 29424 14191 8904 27699 43515 22606 4090 4362 21409 42853 14797 49752 2947 15825 1610 4019 41146 32186 1441 23162 9911 41317 47993 3814 35358 37591 23355 1113 19983 10639 44013 22556 17047 14806 43112 43239 47566 43807 28915 22490 16359 47610 20655 2510 13675 3879 25172 19119 20737 49937 46100 26336 39604 9008 16985 5163 46153 20575 35785 31518 48325 32421 43310 10685 42780 36407 14423 829 20231 29859 32061 23503 39068 34501 1705 40372 7079 32668 41222 8687 38734 39879 23165 25206 15316 8660 48010 15422 48836 45594 37323 32555 13534 8886 5011 33455 11585 10175 25925 8509 1658 41604 38367 24051 21489 33086 36250 1016 8998 11232 38146 18798 31475 41191 24458 15310 21451 44214 20154 33958 4246 49742 48489 14521 18493 43294 35825 46104 46960 44230 15045 23522 37007 48319 7750 17858 42284 25212 7982 3262 28068 33770 35097 48623 423 43229 48240 18649 14292 16304 27176 48031 11310 6482 46656 40297 7782 1086 15191 17862 17105 41574 35139 30283 39628 33688 28953 19441 46601 13185 35460 39983 18711 36508 7032 28498 20946 23076 18285 8395 14422 32114 16367 11822 2579 25853 36636 27980 5056 40158 28878 13990 27133 10080 6471 15804 5340 5611 7742 28843 30181 49944 27009 3111 28718 47488 32461 30208 604 4741 36175 20042 2917 15727 46694 22541 31594 16689 25210 33876 20463 19748 48209 47778 44084 16468 13214 12307 22659 34375 13736 5251 24164 12461 2907 34210 1890 16745 21309 29868 35121 21164 20908 5612 39739 6707 39867 22250 12639 29734 14482 36554 25986 39888 14560 44598 28033 4174 9202 468 42902 18993 254 22925 10674 3445 2871 2768 17425 22099 14118 31173 46145 16696 32126 29793 38074 28221 48131 35861 42501 43623 33825 45666 41411 3536 30035 26964 23139 18641 33563 46198 5678 40142 19499 40029 15275 11363 44401 41817 48704 3735 23830 12240 49540 41496 15338 2181 25451 3264 46531 38439 13387 28789 12858 14429 47828 25529 32241 28003 25486 22884 29107 12244 13689 8469 20715 34352 9667 46454 29314 9701 28526 45055 42468 27638 21673 11027 25175 49970 46947 30206 28444 6912 12531 18870 37543 9220 14857 47652 19172 45855 41968 17717 246 40690 7613 2699 23677 421 25895 43845 48625 44978 5333 45017 4356 34527 663 25623 30903 23292 1675 14138 40708 3435 32475 48839 9360 19673 29097 3947 42734 32291 20857 32871 45528 32038 31243 14288 27205 48651 30977 41427 23204 19593 43795 36675 9145 30668 38736 26295 24998 7899 45681 8081 10294 9032 41210 37240 24367 28991 19154 18260 48591 26439 35624 41589 26923 6902 34825 13781 41101 34280 37617 8810 34068 18531 18986 27187 4463 10719 16322 34747 7746 22276 34973 20029 17203 4618 2324 5588 39021 12848 44077 18573 23189 16555 48926 6687 29137 25968 46529 38117 34479 26112 16815 17 2658 43811 17700 7919 1417 41424 18356 26563 35635 15229 32616 44446 6066 30896 46288 27801 10239 39922 35731 19737 41217 7502 19567 14335 510 30279 40550 29432 45810 121 19316 13346 31673 5669 41767 41388 30307 23290 9344 34299 22308 29718 16251 11452 28293 27637 12150 26135 29240 46046 10085 45102 39686 36581 7351 18152 7119 12155 5968 49361 19223 24353 13369 28921 21016 47723 27344 553 26780 24670 3792 34683 41750 24200 41470 29152 16257 5542 23237 41745 19532 27669 38737 9325 48555 27313 36096 19621 27541 8653 4798 46018 5107 49532 1347 39401 8667 3032 43464 27512 24410 19075 12055 15510 15915 33315 20703 14603 8208 9629 24681 10251 20170 38067 34946 6723 5296 38865 12062 21430 41676 36255 19422 19178 31023 21956 23740 13640 1831 8531 16923 46366 22574 31241 7366 29757 12255 9299 15261 39640 1616 45185 24192 19220 471 49020 8074 47980 44156 43190 13422 212 13631 9391 39099 4622 23974 15106 654 11660 22799 22640 1926 45337 23545 7955 4610 23102 5148 16554 47353 21267 32547 1975 27330 44986 28252 29277 2013 48122 10234 27209 6502 4124 27240 6866 5508 27660 37095 27917 9548 7435 20009 33234 27533 34322 45778 32927 41120 6127 15051 14155 37474 37307 43681 34083 1747 16737 31862 2621 2926 4938 41420 23368 29850 12484 24352 29136 25692 2503 12395 49530 7967 44631 48876 19255 25405 8331 19424 40766 46768 44731 49559 42630 22143 41440 40261 30618 45929 39985 3943 7275 32134 25128 12778 22720 42533 35989 45881 6901 21228 41286 8697 40462 39211 2128 1326 49371 30861 6651 3083 30074 25342 30559 40094 2306 26945 23120 9921 45790 44142 5350 47002 39451 32233 9235 27386 31545 2355 3640 21891 47806 18815 15660 8345 42008 10735 4081 25145 25177 26744 19845 17171 32343 4301 21803 16677 37373 33218 19821 11926 48546 16 43057 1343 15308 38430 39809 25466 31603 27384 39231 35090 18984 13508 27943 48954 5005 39331 33948 44471 5941 37610 2204 32928 34722 25050 33096 24335 30195 42998 9754 10531 21666 29399 1002 19691 2663 8553 14752 49447 2584 33852 5548 4349 30831 46293 47064 19293 38205 24839 10218 39492 16836 9724 34414 2325 21092 20858 48958 46242 22297 637 49842 39962 35574 13238 43914 41620 32680 32666 21133 44520 32467 34160 27738 44560 41836 26602 36957 9726 31976 39076 6865 9918 35809 23701 24775 30043 12975 6858 49844 40857 14149 2760 42009 13582 16809 26081 32578 49659 13218 44363 49312 29597 34460 1811 46007 4185 7538 23496 12580 28261 10918 38354 17100 14427 24139 5483 27725 14238 44519 46820 38332 32023 29396 18994 34014 36470 25809 6428 515 25220 4008 14488 49144 12979 5549 4315 5697 41870 49607 36995 41075 10916 10202 45031 48153 21960 19786 2479 27954 32620 45849 7603 31398 8148 22522 22091 31065 31535 36755 6515 7121 27180 19611 21530 26423 19836 4645 47754 34279 11770 20178 3163 15710 47876 31331 7530 19229 8497 35946 25874 23653 18975 38238 9793 10739 17670 2701 2338 40668 22168 6142 47088 24065 22120 21851 17785 9898 9074 584 19074 38478 24614 13622 11685 35254 24409 28538 41953 30060 42215 46686 32407 42950 39820 45963 49096 2753 49706 24045 20626 36593 17018 44630 13484 2665 2773 1218 18246 10122 7544 22745 42267 42650 34136 42833 8744 16810 7588 29687 18004 1432 5332 41133 25998 31170 6566 11943 45125 18349 19820 13010 42551 39870 7793 12482 6409 40113 34626 44287 155 49464 47011 937 13994 223 20721 27361 44468 26334 966 8554 47550 5471 41491 35951 12321 27207 3268 30599 20452 21362 32413 2551 5 49512 39583 36793 31934 34576 29253 10335 45975 16989 4187 29187 10858 3066 46466 43398 27409 37190 45996 26363 2068 27159 37235 44157 46554 24816 29369 41773 14621 15691 10491 21916 45783 12604 38967 100 5291 42653 27160 49053 25430 20336 46899 8674 40703 41534 38685 23541 44133 18867 39986 23084 31578 15738 8837 18408 35673 2995 48433 22015 5183 48600 30013 816 45274 36740 10055 16446 43098 25471 23407 42529 20411 33332 37298 26864 44649 30909 866 11457 43622 28988 39112 7682 16430 34700 22434 10614 10369 44316 3805 13331 44083 45725 11104 37341 30817 47947 23499 17049 13065 25643 49887 6614 39092 2581 30614 33007 4001 11818 28579 22957 19731 42397 4717 14473 4588 17035 6652 40672 27894 35668 1494 44522 4004 47655 13801 31408 8120 47063 12123 12753 1418 39683 2385 7606 24258 5999 25639 7845 37746 39737 12355 41616 8156 1750 4850 44604 39464 35010 41564 37609 2965 14338 45723 9592 6594 4076 27927 21794 11173 24384 14449 46225 7677 17763 47939 1063 15928 12477 21973 41298 38475 31880 7560 40160 21255 5399 23421 45890 42022 43270 32287 29529 18037 37991 27488 38654 44531 14104 15434 34197 18064 34379 46222 25644 44794 35429 45831 5260 2533 9801 8535 49651 44481 5887 4528 31230 17044 43035 40159 2161 12238 12412 12051 19028 15867 37726 20778 25225 39079 6006 29163 18852 38511 35864 39531 13318 35409 21808 35878 8180 46306 19077 36128 19756 7148 32066 33289 20976 5273 5978 29359 35586 9339 15638 14530 37193 12522 4128 46114 21313 47860 15985 21833 32348 40102 75 40978 43789 46548 26138 47167 6113 921 35960 4082 17072 34168 29013 31262 36211 13401 41971 40036 20723 28454 23187 6600 36688 30943 21640 44826 4833 47831 6473 20326 9632 39447 46215 34903 16418 40526 6215 49533 9159 18471 9128 33076 14316 38233 23466 31235 19878 26538 31846 33507 16969 2654 27563 49674 25248

